Staten Island Rolling Sales. All Sales From 五月 2025 - 四月 2026,,,,,,,,,,,,,,,,,,, PTS Sales Data as of 04/09/2026 ,
"For sales prior to the Final Roll, Neighborhood Name and Descriptive Data reflect the most recent Final Roll. Sales after the Final Roll, Neighborhood Name and Descriptive Data reflect current data.",,,,,,,,,,,,,,,,,,,,
Building Class Category is based on Building Class at Time of Sale.,,,,,,,,,,,,,,,,,,,,
Note: Condominium and cooperative sales are on the unit level and understood to have a count of one.,,,,,,,,,,,,,,,,,,,,
BOROUGH,NEIGHBORHOOD,BUILDING CLASS CATEGORY,TAX CLASS AT PRESENT,BLOCK,LOT,EASEMENT,BUILDING CLASS AT PRESENT,ADDRESS,APARTMENT NUMBER,ZIP CODE,RESIDENTIAL UNITS,COMMERCIAL UNITS,TOTAL UNITS,LAND SQUARE FEET,GROSS SQUARE FEET,YEAR BUILT,TAX CLASS AT TIME OF SALE,BUILDING CLASS AT TIME OF SALE, SALE PRICE ,SALE DATE
5,ANNADALE,01 ONE FAMILY DWELLINGS,1,5391,12,,A5,4718 AMBOY ROAD,,10312,1,0,1,"1,746",910,2002,1,A5,"655,000",06/17/2025
5,ANNADALE,01 ONE FAMILY DWELLINGS,1,5394,32,,A2,25 EDWIN STREET,,10312,1,0,1,"5,000","1,056",1955,1,A2,"1,100,000",10/17/2025
5,ANNADALE,01 ONE FAMILY DWELLINGS,1,5395,4,,A1,26 EDWIN STREET,,10312,1,0,1,"7,654","2,277",1980,1,A1,0,07/17/2025
5,ANNADALE,01 ONE FAMILY DWELLINGS,1,5398,1,,A1,34 EYLANDT ST,,10312,1,0,1,"9,968","3,516",1984,1,A1,0,10/17/2025
5,ANNADALE,01 ONE FAMILY DWELLINGS,1,5398,6,,A1,24 EYLANDT STREET,,10312,1,0,1,"10,080","3,408",1984,1,A1,0,05/22/2025
5,ANNADALE,01 ONE FAMILY DWELLINGS,1,5398,6,,A1,24 EYLANDT STREET,,10312,1,0,1,"10,080","3,408",1984,1,A1,"1,150,000",12/10/2025
5,ANNADALE,01 ONE FAMILY DWELLINGS,1,5401,5,,A2,28 JANSEN STREET,,10312,1,0,1,"5,416","1,623",1980,1,A2,"1,150,000",10/01/2025
5,ANNADALE,01 ONE FAMILY DWELLINGS,1,5404,5,,A1,110 NOEL STREET,,10312,1,0,1,"5,800","2,700",1998,1,A1,"1,417,000",04/29/2025
5,ANNADALE,01 ONE FAMILY DWELLINGS,1,5406,35,,A5,103 ELMBANK STREET,,10312,1,0,1,"2,500","1,200",1999,1,A5,"635,000",04/28/2025
5,ANNADALE,01 ONE FAMILY DWELLINGS,1,5406,37,,A5,111 ELMBANK STREET,,10312,1,0,1,"2,500","1,200",1999,1,A5,"838,888",02/09/2026
5,ANNADALE,01 ONE FAMILY DWELLINGS,1,6205,124,,A5,22 MAY PLACE,,10312,1,0,1,"2,475","2,495",1986,1,A5,"900,000",10/30/2025
5,ANNADALE,01 ONE FAMILY DWELLINGS,1,6205,128,,A5,14 MAY PLACE,,10312,1,0,1,"2,400","2,495",1986,1,A5,0,09/22/2025
5,ANNADALE,01 ONE FAMILY DWELLINGS,1,6211,1,,A5,39 EAGAN AVE,,10312,1,0,1,"2,600","1,825",1986,1,A5,"755,500",07/30/2025
5,ANNADALE,01 ONE FAMILY DWELLINGS,1,6211,20,,A5,9 EAGAN AVENUE,,10312,1,0,1,"1,508","1,521",1986,1,A5,"630,000",10/23/2025
5,ANNADALE,01 ONE FAMILY DWELLINGS,1,6211,33,,A5,102 SEGUINE PLACE,,10312,1,0,1,"1,550","1,521",1986,1,A5,"136,956",06/09/2025
5,ANNADALE,01 ONE FAMILY DWELLINGS,1,6212,57,,A5,95 LORRAINE AVENUE,,10312,1,0,1,"2,400","1,548",2005,1,A5,"710,000",09/11/2025
5,ANNADALE,01 ONE FAMILY DWELLINGS,1,6212,89,,A1,1094 ARDEN AVENUE,,10312,1,0,1,"4,200","1,536",1970,1,A1,0,09/16/2025
5,ANNADALE,01 ONE FAMILY DWELLINGS,1,6219,24,,A5,49 ENDVIEW STREET,,10312,1,0,1,"2,260","1,700",2004,1,A5,"755,000",08/01/2025
5,ANNADALE,01 ONE FAMILY DWELLINGS,1,6220,68,,A5,52 ENDVIEW STREET,,10312,1,0,1,"1,648","1,344",2003,1,A5,0,08/20/2025
5,ANNADALE,01 ONE FAMILY DWELLINGS,1,6221,52,,A5,35 JEANNETTE AVENUE,,10312,1,0,1,"2,400","1,580",2004,1,A5,"785,000",06/26/2025
5,ANNADALE,01 ONE FAMILY DWELLINGS,1,6221,61,,A1,15 JEANNETTE AVENUE,,10312,1,0,1,"4,640","2,350",2006,1,A1,"1,237,000",08/22/2025
5,ANNADALE,01 ONE FAMILY DWELLINGS,1,6222,23,,A1,34 JEANNETTE AVENUE,,10312,1,0,1,"3,000",960,1930,1,A1,"400,000",09/26/2025
5,ANNADALE,01 ONE FAMILY DWELLINGS,1,6222,45,,A5,33 LORRAIN AVENUE,,10312,1,0,1,"2,400","1,500",2004,1,A5,"745,000",03/10/2026
5,ANNADALE,01 ONE FAMILY DWELLINGS,1,6228,41,,A1,126 EDGEGROVE AVENUE,,10312,1,0,1,"6,000","2,240",1940,1,A1,0,09/23/2025
5,ANNADALE,01 ONE FAMILY DWELLINGS,1,6233,25,,A2,210 RENSSELAER AVENUE,,10312,1,0,1,"4,000",960,1960,1,A2,0,11/17/2025
5,ANNADALE,01 ONE FAMILY DWELLINGS,1,6233,25,,A2,210 RENSSELAER AVENUE,,10312,1,0,1,"4,000",960,1960,1,A2,"660,000",07/14/2025
5,ANNADALE,01 ONE FAMILY DWELLINGS,1,6238,7,,A1,443 JEFFERSON BOULEVARD,,10312,1,0,1,"6,000","1,488",1940,1,A1,0,06/26/2025
5,ANNADALE,01 ONE FAMILY DWELLINGS,1,6240,140,,A3,81 HILLIS STREET,,10312,1,0,1,"12,430","3,674",1975,1,A1,"1,620,000",08/14/2025
5,ANNADALE,01 ONE FAMILY DWELLINGS,1,6242,26,,A5,46 MOSELY AVENUE,,10312,1,0,1,"4,125","1,200",1975,1,A5,"755,000",08/26/2025
5,ANNADALE,01 ONE FAMILY DWELLINGS,1,6245,157,,A2,46 HILLIS STREET,,10312,1,0,1,"4,000","1,232",1965,1,A2,"700,000",01/13/2026
5,ANNADALE,01 ONE FAMILY DWELLINGS,1,6245,180,,A2,53 PINE TERRACE,,10312,1,0,1,"6,000","1,560",1960,1,A2,"363,750",10/29/2025
5,ANNADALE,01 ONE FAMILY DWELLINGS,1,6245,194,,A2,25 PINE TERRACE,,10312,1,0,1,"7,500","1,848",1960,1,A2,0,07/31/2025
5,ANNADALE,01 ONE FAMILY DWELLINGS,1,6246,36,,A1,16 FURMAN STREET,,10312,1,0,1,"10,600","2,404",1978,1,A1,"1,275,000",08/26/2025
5,ANNADALE,01 ONE FAMILY DWELLINGS,1,6249,2,,A1,263 ALBEE AVENUE,,10312,1,0,1,"7,830","2,440",1970,1,A1,"1,645,000",08/07/2025
5,ANNADALE,01 ONE FAMILY DWELLINGS,1,6249,161,,A1,35 ELY AVENUE,,10312,1,0,1,"4,452","1,768",1965,1,A1,"875,000",06/23/2025
5,ANNADALE,01 ONE FAMILY DWELLINGS,1B,6249,200,,V0,1026 ANNADALE ROAD,,10312,0,0,0,"13,720",0,1945,1,A1,"1,500,000",06/25/2025
5,ANNADALE,01 ONE FAMILY DWELLINGS,1,6249,243,,A2,124 NORTH PINE TERRACE,,10312,1,0,1,"4,000","2,008",1965,1,A2,0,12/23/2025
5,ANNADALE,01 ONE FAMILY DWELLINGS,1,6249,266,,A2,149 NORTH PINE TERRACE,,10312,1,0,1,"7,880","1,912",1965,1,A2,0,05/21/2025
5,ANNADALE,01 ONE FAMILY DWELLINGS,1,6249,628,,A3,48 BENNETT AVENUE,,10312,1,0,1,"14,503","4,092",2019,1,A3,0,11/11/2025
5,ANNADALE,01 ONE FAMILY DWELLINGS,1,6251,14,,A1,76 DOWNES AVENUE,,10312,1,0,1,"4,000","1,966",1974,1,A1,"800,000",01/08/2026
5,ANNADALE,01 ONE FAMILY DWELLINGS,1,6252,19,,A2,26 BUFFINGTON AVENUE,,10312,1,0,1,"4,000","1,492",1950,1,A2,"840,000",12/11/2025
5,ANNADALE,01 ONE FAMILY DWELLINGS,1,6254,66,,A1,12 NORTH RAILROAD ST,,10312,1,0,1,"3,760","2,400",1986,1,A1,0,10/01/2025
5,ANNADALE,01 ONE FAMILY DWELLINGS,1,6261,59,,A2,237 EDGEGROVE AVENUE,,10312,1,0,1,"4,000","1,150",1925,1,A2,"625,000",02/18/2026
5,ANNADALE,01 ONE FAMILY DWELLINGS,1,6261,69,,A2,257 EDGEGROVE AVENUE,,10312,1,0,1,"5,000","2,310",1970,1,A2,"999,800",08/27/2025
5,ANNADALE,01 ONE FAMILY DWELLINGS,1,6264,21,,B2,224 RATHBUN AVENUE,,10312,2,0,2,"3,427","2,568",2025,1,A1,"580,000",06/10/2025
5,ANNADALE,01 ONE FAMILY DWELLINGS,1,6270,34,,A1,280 CROWN AVENUE,,10312,1,0,1,"6,000","1,800",1970,1,A1,"783,180",10/10/2025
5,ANNADALE,01 ONE FAMILY DWELLINGS,1,6272,17,,A2,17 HOLCOMB AVENUE,,10312,1,0,1,"4,040","2,092",1970,1,A2,"960,000",01/12/2026
5,ANNADALE,01 ONE FAMILY DWELLINGS,1,6277,68,,A1,338 EDGEGROVE AVENUE,,10312,1,0,1,"4,000","1,920",1960,1,A1,"1,240,000",12/16/2025
5,ANNADALE,01 ONE FAMILY DWELLINGS,1,6280,27,,A2,382 EDGEGROVE AVENUE,,10312,1,0,1,"5,400","1,464",1955,1,A2,"820,000",02/04/2026
5,ANNADALE,01 ONE FAMILY DWELLINGS,1,6298,7,,A2,112 RAMONA AVENUE,,10312,1,0,1,"4,000","2,220",1974,1,A2,"908,000",06/25/2025
5,ANNADALE,01 ONE FAMILY DWELLINGS,1,6301,71,,A2,480 SHELDON AVENUE,,10312,1,0,1,"4,000","1,890",1970,1,A2,"990,000",11/25/2025
5,ANNADALE,01 ONE FAMILY DWELLINGS,1,6320,69,,A5,66 BUFFINGTON AVENUE,,10312,1,0,1,"3,000","1,724",1970,1,A5,"581,400",06/16/2025
5,ANNADALE,01 ONE FAMILY DWELLINGS,1,6321,160,,A2,67 ARCHWOOD AVENUE,,10312,1,0,1,"4,000","1,125",1975,1,A2,"655,000",10/28/2025
5,ANNADALE,01 ONE FAMILY DWELLINGS,1,6352,9,,A1,456 HOLDRIDGE AVENUE,,10312,1,0,1,"4,000","1,750",1994,1,A1,"875,000",12/10/2025
5,ANNADALE,01 ONE FAMILY DWELLINGS,1,6352,31,,A1,123 PEARE PLACE,,10312,1,0,1,"6,500","3,740",1983,1,A1,0,01/23/2026
5,ANNADALE,01 ONE FAMILY DWELLINGS,1,6356,58,,A1,422 HAROLD AVENUE,,10312,1,0,1,"8,350","2,900",1979,1,A1,"1,300,188",01/09/2026
5,ANNADALE,01 ONE FAMILY DWELLINGS,1,6363,8,,A9,330 SHIRLEY AVENUE,,10312,1,0,1,"5,700","2,932",1980,1,A9,"1,050,000",01/22/2026
5,ANNADALE,01 ONE FAMILY DWELLINGS,1,6364,8,,A1,50 TYNDALE STREET,,10312,1,0,1,"6,000","2,259",1975,1,A1,"965,000",10/01/2025
5,ANNADALE,01 ONE FAMILY DWELLINGS,1,6364,87,,A3,19 LUNA CIRCLE,,10312,1,0,1,"15,600","4,560",1980,1,A3,"1,775,000",07/09/2025
5,ANNADALE,01 ONE FAMILY DWELLINGS,1,6366,8,,A1,406 SHIRLEY AVENUE,,10312,1,0,1,"5,760","3,024",1975,1,A1,0,04/08/2025
5,ANNADALE,01 ONE FAMILY DWELLINGS,1,6366,38,,A1,344 SHIRLEY AVENUE,,10312,1,0,1,"4,240","1,920",1970,1,A1,"985,000",04/28/2025
5,ANNADALE,01 ONE FAMILY DWELLINGS,1,6366,52,,A1,195 NOEL STREET,,10312,1,0,1,"6,000","2,288",1970,1,A1,0,11/20/2025
5,ANNADALE,01 ONE FAMILY DWELLINGS,1,6366,57,,A1,205 NOEL STREET,,10312,1,0,1,"6,000","2,552",1975,1,A1,"975,000",08/18/2025
5,ANNADALE,01 ONE FAMILY DWELLINGS,1,6373,11,,A2,146 FINGAL STREET,,10312,1,0,1,"6,000",667,1940,1,A2,"500,000",04/03/2025
5,ANNADALE,01 ONE FAMILY DWELLINGS,1,6377,4,,A1,391 BARCLAY AVENUE,,10312,1,0,1,"4,078","3,112",1992,1,A1,0,04/29/2025
5,ANNADALE,01 ONE FAMILY DWELLINGS,1,6377,21,,A1,132 EYLANDT STREET,,10312,1,0,1,"6,000","3,040",1987,1,A1,0,10/23/2025
5,ANNADALE,01 ONE FAMILY DWELLINGS,1,6378,67,,A3,141 EYLANDT STREET,,10312,1,0,1,"6,000","2,972",1988,1,A3,0,08/14/2025
5,ANNADALE,01 ONE FAMILY DWELLINGS,1,6398,24,,A1,87 ALLEN PLACE,,10312,1,0,1,"2,720","2,044",1945,1,A1,"934,960",10/02/2025
5,ANNADALE,01 ONE FAMILY DWELLINGS,1,6424,20,,A1,244 BARCLAY AVENUE,,10312,1,0,1,"6,000","2,100",1975,1,A1,0,11/04/2025
5,ANNADALE,01 ONE FAMILY DWELLINGS,1,6424,38,,A1,280 BARCLAY AVENUE,,10312,1,0,1,"6,000","2,100",1975,1,A1,0,04/15/2025
5,ANNADALE,01 ONE FAMILY DWELLINGS,1,6431,3,,A3,44 DISCALA LANE,,10312,1,0,1,"10,000","3,965",2009,1,A3,0,12/08/2025
5,ANNADALE,01 ONE FAMILY DWELLINGS,1,6431,17,,A3,45 DISCALA LANE,,10312,1,0,1,"10,132","6,077",2014,1,A3,0,06/19/2025
5,ANNADALE,01 ONE FAMILY DWELLINGS,1,6431,64,,A3,85 POUGHKEEPSIE COURT,,10312,1,0,1,"12,498","3,013",2011,1,A3,0,06/19/2025
5,ANNADALE,01 ONE FAMILY DWELLINGS,1,6441,158,,A1,62 NEWTON STREET,,10312,1,0,1,"15,000","3,796",1925,1,A1,"1,175,000",02/03/2026
5,ANNADALE,01 ONE FAMILY DWELLINGS,1,6441,163,,A2,54 NEWTON STREET,,10312,1,0,1,"7,500",814,1940,1,A2,0,07/31/2025
5,ANNADALE,01 ONE FAMILY DWELLINGS,1,6441,172,,A2,38 NEWTON STREET,,10312,1,0,1,"7,500",360,1940,1,A2,0,06/19/2025
5,ANNADALE,01 ONE FAMILY DWELLINGS,1,6442,31,,A1,267 POILLON AVENUE,,10312,1,0,1,"15,000","1,080",1968,1,A1,0,12/09/2025
5,ANNADALE,01 ONE FAMILY DWELLINGS,1,6454,20,,A1,31 ZEPHYR AVENUE,,10312,1,0,1,"11,250","3,395",1996,1,A1,"514,216",11/08/2025
5,ANNADALE,01 ONE FAMILY DWELLINGS,1,6454,40,,A3,473 BERTRAM AVENUE,,10312,1,0,1,"5,310","3,461",2025,1,A3,0,12/18/2025
5,ANNADALE,01 ONE FAMILY DWELLINGS,1,6475,162,,A3,160 NICOLOSI DRIVE,,10312,1,0,1,"10,480","5,707",1989,1,A3,"1,460,000",06/26/2025
5,ANNADALE,01 ONE FAMILY DWELLINGS,1,6475,270,,A3,16 NICOLOSI LOOP,,10312,1,0,1,"20,000","5,223",1989,1,A3,"2,300,000",12/24/2025
5,ANNADALE,01 ONE FAMILY DWELLINGS,1,6475,530,,A5,5198 HYLAN BOULEVARD,,10312,1,0,1,"2,151","1,414",2011,1,A5,"865,000",09/18/2025
5,ANNADALE,01 ONE FAMILY DWELLINGS,1,6499,69,,A1,304 BERTRAM AVENUE,,10312,1,0,1,"14,940","5,204",1986,1,A1,"2,225,000",12/22/2025
5,ANNADALE,01 ONE FAMILY DWELLINGS,1,6517,39,,A3,30 ARBUTUS WAY,,10312,1,0,1,"13,150","3,790",1985,1,A3,"1,450,000",07/15/2025
5,ANNADALE,02 TWO FAMILY DWELLINGS,1,5408,20,,B9,162 BATHGATE STREET,,10312,2,0,2,"3,058","1,492",1995,1,B9,0,11/12/2025
5,ANNADALE,02 TWO FAMILY DWELLINGS,1,5426,17,,B9,11 OCEAN DRIVEWAY,,10312,2,0,2,"10,000","2,375",1956,1,B9,"800,000",08/27/2025
5,ANNADALE,02 TWO FAMILY DWELLINGS,1,6205,84,,B9,11 SEGUINE PLACE,,10312,2,0,2,"3,250","1,804",1986,1,B9,"960,000",09/19/2025
5,ANNADALE,02 TWO FAMILY DWELLINGS,1,6209,8,,B9,188 SNEDEN AVENUE,,10312,2,0,2,"2,600","1,592",2005,1,B9,0,06/16/2025
5,ANNADALE,02 TWO FAMILY DWELLINGS,1,6209,72,,B9,189 MOSELY AVENUE,,10312,2,0,2,"2,665","1,592",2007,1,B9,0,08/26/2025
5,ANNADALE,02 TWO FAMILY DWELLINGS,1,6212,30,,B9,12 LUCY LOOP,,10312,2,0,2,"3,870","1,500",2000,1,B9,0,08/01/2025
5,ANNADALE,02 TWO FAMILY DWELLINGS,1,6212,55,,B9,26 LUCY LOOP,,10312,2,0,2,"5,870","1,500",2000,1,B9,0,08/25/2025
5,ANNADALE,02 TWO FAMILY DWELLINGS,1,6215,12,,B2,165 BARCLAY AVE,,10312,2,0,2,"4,000","2,090",2012,1,B2,0,11/26/2025
5,ANNADALE,02 TWO FAMILY DWELLINGS,1,6226,4,,B2,814 ARDEN AVENUE,,10312,2,0,2,"6,350","2,600",1998,1,B2,0,03/03/2026
5,ANNADALE,02 TWO FAMILY DWELLINGS,1,6226,39,,B9,776 ANNADALE ROAD,,10312,2,0,2,"5,370","1,248",1925,1,B9,0,11/06/2025
5,ANNADALE,02 TWO FAMILY DWELLINGS,1,6227,67,,B2,936 CARLTON BOULEVARD,,10312,2,0,2,"4,000","2,320",2004,1,B2,"1,130,000",06/23/2025
5,ANNADALE,02 TWO FAMILY DWELLINGS,1,6228,23,,B2,162 EDGEGROVE AVENUE,,10312,2,0,2,"4,000","2,443",2019,1,B2,"1,250,000",12/04/2025
5,ANNADALE,02 TWO FAMILY DWELLINGS,1,6233,52,,B2,131 RATHBUN AVENUE,,10312,2,0,2,"4,000","2,496",1975,1,B2,0,02/24/2026
5,ANNADALE,02 TWO FAMILY DWELLINGS,1,6235,63,,B2,215 SHELDON AVENUE,,10312,2,0,2,"4,000","2,135",1965,1,B2,"930,000",04/23/2025
5,ANNADALE,02 TWO FAMILY DWELLINGS,1,6238,29,,B2,228 CROWN AVENUE,,10312,2,0,2,"8,000","3,828",1986,1,B2,0,04/01/2025
5,ANNADALE,02 TWO FAMILY DWELLINGS,1,6239,35,,B2,646 WOODROW ROAD,,10312,2,0,2,"7,500","2,156",1980,1,B2,0,12/19/2025
5,ANNADALE,02 TWO FAMILY DWELLINGS,1,6240,1,,B2,41 HILLIS STREET,,10312,2,0,2,"14,446","2,511",1975,1,B2,0,10/13/2025
5,ANNADALE,02 TWO FAMILY DWELLINGS,1,6240,42,,B2,184 BARCLAY AVENUE,,10312,2,0,2,"4,500","1,980",1975,1,B2,"850,000",08/28/2025
5,ANNADALE,02 TWO FAMILY DWELLINGS,1,6246,16,,B2,3 POILLON AVENUE,,10312,2,0,2,"5,680","3,331",2024,1,B2,"1,494,282",05/07/2025
5,ANNADALE,02 TWO FAMILY DWELLINGS,1,6246,18,,B2,N/A POILLON AVENUE,,10312,2,0,2,"5,336","3,331",2024,1,B2,"1,550,000",05/15/2025
5,ANNADALE,02 TWO FAMILY DWELLINGS,1,6247,1,,B2,8 POILLON AVENUE,,10312,2,0,2,"10,550","2,886",1978,1,B2,"1,480,000",01/05/2026
5,ANNADALE,02 TWO FAMILY DWELLINGS,1,6249,230,,B2,970 ANNADALE ROAD,,10312,2,0,2,"7,244","1,657",1950,1,B2,"950,000",12/05/2025
5,ANNADALE,02 TWO FAMILY DWELLINGS,1,6249,424,,B2,898 ANNADALE ROAD,,10312,2,0,2,"4,787","2,018",2019,1,B2,0,12/10/2025
5,ANNADALE,02 TWO FAMILY DWELLINGS,1,6249,506,,B2,9 EAST TENAFLY AVENUE,,10312,2,0,2,"4,840","2,924",1975,1,B2,10,04/04/2025
5,ANNADALE,02 TWO FAMILY DWELLINGS,1,6249,526,,B2,2 EAST TENAFLY AVENUE,,10312,2,0,2,"4,290","1,963",2019,1,B2,0,12/10/2025
5,ANNADALE,02 TWO FAMILY DWELLINGS,1,6249,627,,B2,N/A BENNETT AVENUE,,10312,2,0,2,"5,205","3,122",2019,1,B2,0,07/14/2025
5,ANNADALE,02 TWO FAMILY DWELLINGS,1,6250,35,,B2,55 TENAFLY PLACE,,10312,2,0,2,"4,218","2,379",2014,1,B2,"1,350,000",04/25/2025
5,ANNADALE,02 TWO FAMILY DWELLINGS,1,6254,34,,B2,70 NORTH RAILROAD STREET,,10312,2,0,2,"6,100","2,440",1991,1,B2,0,04/07/2025
5,ANNADALE,02 TWO FAMILY DWELLINGS,1,6261,13,,B2,245 IONIA AVENUE,,10312,2,0,2,"4,000","2,525",2019,1,B2,"1,190,000",07/28/2025
5,ANNADALE,02 TWO FAMILY DWELLINGS,1,6264,1,,B3,264 RATHBUN AVENUE,,10312,2,0,2,"9,720","1,968",1930,1,B3,"999,000",08/19/2025
5,ANNADALE,02 TWO FAMILY DWELLINGS,1,6266,13,,B2,N/A SHELDON AVENUE,,10312,2,0,2,"4,000","2,700",2025,1,B2,"1,350,000",12/12/2025
5,ANNADALE,02 TWO FAMILY DWELLINGS,1,6266,14,,B2,304 SHELDON AVENUE,,10312,2,0,2,"4,000","2,700",2025,1,B2,"1,350,000",10/01/2025
5,ANNADALE,02 TWO FAMILY DWELLINGS,1,6266,59,,B2,295 RENSSELAER,,10312,2,0,2,"4,000","2,700",2025,1,B2,"1,386,857",12/26/2025
5,ANNADALE,02 TWO FAMILY DWELLINGS,1,6267,72,,B9,321 SHELDON AVENUE,,10312,2,0,2,"2,755","1,560",2002,1,B9,"880,000",07/30/2025
5,ANNADALE,02 TWO FAMILY DWELLINGS,1,6267,73,,B9,323 SHELDON AVENUE,,10312,2,0,2,"2,755","1,560",2002,1,B9,"800,000",04/24/2025
5,ANNADALE,02 TWO FAMILY DWELLINGS,1,6270,58,,B2,287 VINELAND AVENUE,,10312,2,0,2,"4,000","2,324",2005,1,B2,0,09/12/2025
5,ANNADALE,02 TWO FAMILY DWELLINGS,1,6273,1,,B2,766 WOODROW ROAD,,10312,2,0,2,"10,143","2,368",1983,1,B2,0,05/22/2025
5,ANNADALE,02 TWO FAMILY DWELLINGS,1,6276,66,,B2,280 DETROIT AVENUE,,10312,2,0,2,"12,400","4,040",1975,1,B2,0,09/29/2025
5,ANNADALE,02 TWO FAMILY DWELLINGS,1,6281,53,,B2,415 EDGEGROVE AVENUE,,10312,2,0,2,"5,000","3,132",2024,1,B2,"1,486,645",04/08/2025
5,ANNADALE,02 TWO FAMILY DWELLINGS,1,6296,5,,B1,488 IONIA AVENUE,,10312,2,0,2,"7,000","2,560",1970,1,B1,"1,750,000",01/06/2026
5,ANNADALE,02 TWO FAMILY DWELLINGS,1,6297,26,,B2,428 LAMONT AVENUE,,10312,2,0,2,"4,000","2,525",2022,1,B2,0,12/08/2025
5,ANNADALE,02 TWO FAMILY DWELLINGS,1,6299,12,,B2,416 RATHBUN AVENUE,,10312,2,0,2,"6,000","2,658",1985,1,B2,"1,310,000",12/11/2025
5,ANNADALE,02 TWO FAMILY DWELLINGS,1,6305,140,,B2,416 CROWN AVENUE,,10312,2,0,2,"10,000","3,192",1990,1,B2,0,07/08/2025
5,ANNADALE,02 TWO FAMILY DWELLINGS,1,6320,3,,B2,50 BUFFINGTON AVENUE,,10312,2,0,2,"4,000","2,840",2018,1,B2,"1,300,000",02/05/2026
5,ANNADALE,02 TWO FAMILY DWELLINGS,1,6320,18,,B2,125 DOWNES AVENUE,,10312,2,0,2,"4,000","2,414",1965,1,B2,"700,000",01/13/2026
5,ANNADALE,02 TWO FAMILY DWELLINGS,1,6353,3,,B2,4796 HYLAN BLVD.,,10312,2,0,2,"4,003","2,100",2006,1,B2,"990,000",10/27/2025
5,ANNADALE,02 TWO FAMILY DWELLINGS,1,6353,7,,B2,110 PEARE PLACE,,10312,2,0,2,"5,000","2,950",1996,1,B2,0,04/04/2025
5,ANNADALE,02 TWO FAMILY DWELLINGS,1,6357,5,,B2,427 HOLDRIDGE AVENUE,,10312,2,0,2,"4,000","2,000",1990,1,B2,"1,125,000",08/04/2025
5,ANNADALE,02 TWO FAMILY DWELLINGS,1,6357,14,,B2,405 HOLDRIDGE AVENUE,,10312,2,0,2,"7,028","4,370",1985,1,B2,0,05/30/2025
5,ANNADALE,02 TWO FAMILY DWELLINGS,1,6360,61,,B2,64 RYAN PLACE,,10312,2,0,2,"7,000","2,180",1985,1,B2,"1,400,000",08/26/2025
5,ANNADALE,02 TWO FAMILY DWELLINGS,1,6395,14,,B2,161 BOARDWALK AVENUE,,10312,2,0,2,"10,261","4,280",1989,1,B2,"1,103,783",08/28/2025
5,ANNADALE,02 TWO FAMILY DWELLINGS,1,6417,29,,B2,151 LIPSETT AVENUE,,10312,2,0,2,"4,400","2,488",2003,1,B2,"1,200,000",12/30/2025
5,ANNADALE,02 TWO FAMILY DWELLINGS,1,6429,84,,B2,24 BLUE HERON COURT,,10312,2,0,2,"10,017","4,800",1998,1,B2,0,08/12/2025
5,ANNADALE,02 TWO FAMILY DWELLINGS,1,6441,108,,B2,N/A DOLE STREET,,10314,2,0,2,"4,384","2,595",2023,1,B2,"1,308,451",07/21/2025
5,ANNADALE,02 TWO FAMILY DWELLINGS,1,6441,111,,B2,18 DOLE STREET,,10314,2,0,2,"4,360","2,595",2023,1,B2,"1,272,813",04/22/2025
5,ANNADALE,02 TWO FAMILY DWELLINGS,1,6441,175,,B2,30 NEWTON STREET,,10312,2,0,2,"8,140","2,570",2024,1,B2,"1,312,411",07/29/2025
5,ANNADALE,02 TWO FAMILY DWELLINGS,1,6442,147,,B2,59 NEWTON STREET,,10312,2,0,2,"13,200","7,316",1960,1,B2,"1,350,000",12/15/2025
5,ANNADALE,02 TWO FAMILY DWELLINGS,1,6455,39,,B2,451 PHILIP AVENUE,,10312,2,0,2,"6,547","3,878",1996,1,B2,0,10/18/2025
5,ANNADALE,02 TWO FAMILY DWELLINGS,1,6457,3,,B2,N/A PHILIP AVENUE,,10312,2,0,2,"3,814","2,577",2024,1,B2,"1,389,911",01/23/2026
5,ANNADALE,02 TWO FAMILY DWELLINGS,1,6457,6,,B2,N/A PHILIP AVENUE,,10312,2,0,2,"3,814","2,577",2024,1,B2,"1,288,086",12/22/2025
5,ANNADALE,02 TWO FAMILY DWELLINGS,1,6457,7,,B2,N/A PHILIP AVENUE,,10312,2,0,2,"4,100","2,747",2024,1,B2,"992,794",12/30/2025
5,ANNADALE,05 TAX CLASS 1 VACANT LAND,1B,6209,30,,V0,N/A SNEDEN AVENUE,,10312,0,0,0,"10,512",0,,1,V0,"26,000",12/17/2025
5,ANNADALE,05 TAX CLASS 1 VACANT LAND,1B,6228,58,,V0,139 DETROIT AVENUE,,10312,0,0,0,"4,000",0,2025,1,V0,"320,000",04/02/2025
5,ANNADALE,05 TAX CLASS 1 VACANT LAND,1B,6238,6,,V0,N/A JEFFERSON BOULEVARD,,10312,0,0,0,"2,000",0,,1,V0,0,06/26/2025
5,ANNADALE,05 TAX CLASS 1 VACANT LAND,1B,6249,209,,V0,32 TENAFLY PLACE,,10312,0,0,0,"2,680",0,,1,V0,0,06/05/2025
5,ANNADALE,05 TAX CLASS 1 VACANT LAND,1,6249,210,,B2,1016 ANNADALE ROAD,,10312,2,0,2,"2,190",0,2025,1,V0,0,06/05/2025
5,ANNADALE,05 TAX CLASS 1 VACANT LAND,1B,6249,211,,V0,1010 ANNADALE ROAD,,10312,0,0,0,"2,223",0,,1,V0,0,11/11/2025
5,ANNADALE,05 TAX CLASS 1 VACANT LAND,1B,6249,212,,V0,28 TENAFLY PLACE,,10312,0,0,0,"2,707",0,,1,V0,0,11/11/2025
5,ANNADALE,05 TAX CLASS 1 VACANT LAND,1B,6249,212,,V0,28 TENAFLY PLACE,,10312,0,0,0,"2,707",0,,1,V0,0,12/08/2025
5,ANNADALE,05 TAX CLASS 1 VACANT LAND,1B,6249,311,,V0,N/A ANNADALE ROAD,,10312,0,0,0,"2,205",0,,1,V0,0,11/11/2025
5,ANNADALE,05 TAX CLASS 1 VACANT LAND,1B,6249,312,,V0,N/A TENAFLY PLACE,,10312,0,0,0,"2,756",0,,1,V0,0,11/11/2025
5,ANNADALE,05 TAX CLASS 1 VACANT LAND,1B,6249,312,,V0,N/A TENAFLY PLACE,,10312,0,0,0,"2,756",0,,1,V0,0,12/08/2025
5,ANNADALE,05 TAX CLASS 1 VACANT LAND,1B,6254,70,,V0,N/A NORTH RAILROAD ST,,10312,0,0,0,"3,331",0,,1,V0,"430,000",09/05/2025
5,ANNADALE,05 TAX CLASS 1 VACANT LAND,1B,6261,5,,V0,N/A IONIA AVENUE,,10312,0,0,0,"3,089",0,,1,V0,"125,000",08/29/2025
5,ANNADALE,05 TAX CLASS 1 VACANT LAND,1B,6264,57,,V0,N/A DRUMGOOLE ROAD WEST,,10312,0,0,0,"4,180",0,,1,V0,"310,000",04/30/2025
5,ANNADALE,05 TAX CLASS 1 VACANT LAND,1B,6431,23,,V0,N/A DISCALA LANE,,10309,0,0,0,"23,481",0,,1,V0,"840,000",12/16/2025
5,ANNADALE,05 TAX CLASS 1 VACANT LAND,1B,6431,178,,V0,N/A PETERSBURG AVENUE,,10312,0,0,0,"4,209",0,,1,V0,0,08/11/2025
5,ANNADALE,05 TAX CLASS 1 VACANT LAND,1B,6431,179,,V0,373 POILLON AVENUE,,10312,0,0,0,"3,941",0,,1,V0,0,08/11/2025
5,ANNADALE,05 TAX CLASS 1 VACANT LAND,1B,6431,180,,V0,369 POILLON AVENUE,,10312,0,0,0,"3,984",0,,1,V0,0,08/11/2025
5,ANNADALE,05 TAX CLASS 1 VACANT LAND,1B,6431,205,,V0,N/A PETERSBURG AVENUE,,10312,0,0,0,"4,678",0,,1,V0,0,08/11/2025
5,ANNADALE,05 TAX CLASS 1 VACANT LAND,1B,6431,210,,V0,N/A PETERSBURG AVENUE,,10312,0,0,0,"4,190",0,,1,V0,0,08/11/2025
5,ANNADALE,05 TAX CLASS 1 VACANT LAND,1B,6431,280,,V0,367 POILLON AVENUE,,10312,0,0,0,"4,454",0,,1,V0,0,08/11/2025
5,ANNADALE,05 TAX CLASS 1 VACANT LAND,1,6454,25,,A3,489 BERTRAM AVENUE,,10312,1,0,1,"5,580",0,2025,1,V0,0,12/18/2025
5,ANNADALE,05 TAX CLASS 1 VACANT LAND,1,6454,30,,A3,41 ZEPHYR AVENUE,,10312,1,0,1,"5,310",0,2025,1,V0,0,08/26/2025
5,ANNADALE,05 TAX CLASS 1 VACANT LAND,1,6454,30,,A3,485 BERTRAM AVENUE,,10312,1,0,1,"5,310",0,2025,1,V0,0,12/18/2025
5,ANNADALE,05 TAX CLASS 1 VACANT LAND,1,6454,35,,A3,477 BERTRAM AVENUE,,10312,1,0,1,"5,310",0,2025,1,V0,0,12/18/2025
5,ANNADALE,05 TAX CLASS 1 VACANT LAND,1B,6475,505,,V0,N/A ARBUTUS AVENUE,,10312,0,0,0,"10,000",0,,1,V0,"16,800",04/16/2025
5,ANNADALE,06 TAX CLASS 1 - OTHER,1,6264,56,,G0,1050 DRUMGOOLE ROAD WEST,,10312,0,0,0,"4,180",200,1995,1,G0,"310,000",04/30/2025
5,ANNADALE,07 RENTALS - WALKUP APARTMENTS,2B,6431,26,,C1,98A DISCALA LANE,,10312,7,0,7,"40,768","3,600",1965,2,C1,"1,275,500",05/09/2025
5,ANNADALE,22 STORE BUILDINGS,4,6225,2,,K1,855 ANNADALE ROAD,,10312,0,1,1,"1,300","1,180",1940,4,K1,0,12/10/2025
5,ANNADALE,22 STORE BUILDINGS,4,6257,1,,K1,50 JEFFERSON BOULEVARD,,10312,0,1,1,"4,000","2,200",1939,4,K1,"470,000",12/10/2025
5,ARDEN HEIGHTS,01 ONE FAMILY DWELLINGS,1,5724,64,,A5,111 GARY STREET,,10312,1,0,1,"2,500","1,536",2000,1,A5,"710,000",10/24/2025
5,ARDEN HEIGHTS,01 ONE FAMILY DWELLINGS,1,5724,76,,A5,46 BILLINGS STREET,,10312,1,0,1,"2,572","1,560",2001,1,A5,"865,000",11/17/2025
5,ARDEN HEIGHTS,01 ONE FAMILY DWELLINGS,1,5724,109,,A5,37 BILLINGS STREET,,10312,1,0,1,"2,500","1,510",2014,1,A5,"890,000",08/04/2025
5,ARDEN HEIGHTS,01 ONE FAMILY DWELLINGS,1,5725,10,,A5,12 WINSTON STREET,,10312,1,0,1,"1,400","1,920",2000,1,A5,"547,500",04/08/2025
5,ARDEN HEIGHTS,01 ONE FAMILY DWELLINGS,1,5725,10,,A5,12 WINSTON STREET,,10312,1,0,1,"1,400","1,920",2000,1,A5,"715,000",08/08/2025
5,ARDEN HEIGHTS,01 ONE FAMILY DWELLINGS,1,5725,140,,A5,23 CHATHAM STREET,,10312,1,0,1,"1,400","1,120",1997,1,A5,"680,000",07/23/2025
5,ARDEN HEIGHTS,01 ONE FAMILY DWELLINGS,1,5725,175,,A5,58 HINTON STREET,,10312,1,0,1,"2,658","1,656",2003,1,A5,"835,000",06/09/2025
5,ARDEN HEIGHTS,01 ONE FAMILY DWELLINGS,1,5726,24,,A5,53 HINTON STREET,,10312,1,0,1,"2,400","1,456",2001,1,A5,"575,000",02/13/2026
5,ARDEN HEIGHTS,01 ONE FAMILY DWELLINGS,1,5726,50,,A5,12 BENSON STREET,,10312,1,0,1,"2,000","1,275",1986,1,A5,0,11/25/2025
5,ARDEN HEIGHTS,01 ONE FAMILY DWELLINGS,1,5726,73,,A5,65 BENSON STREET,,10312,1,0,1,"2,242","1,400",2004,1,A5,"705,000",01/13/2026
5,ARDEN HEIGHTS,01 ONE FAMILY DWELLINGS,1,5727,33,,A5,94 KENILWORTH AVENUE,,10312,1,0,1,"1,260","1,540",1995,1,A5,"20,000",04/11/2025
5,ARDEN HEIGHTS,01 ONE FAMILY DWELLINGS,1,5727,65,,A5,150 KENILWORTH AVENUE,,10312,1,0,1,"1,300","1,060",1998,1,A5,"655,000",08/22/2025
5,ARDEN HEIGHTS,01 ONE FAMILY DWELLINGS,1,5727,92,,A5,194 KENILWORTH AVENUE,,10312,1,0,1,"1,366","1,060",1998,1,A5,0,08/26/2025
5,ARDEN HEIGHTS,01 ONE FAMILY DWELLINGS,1,5735,150,,A1,383 WOODROW ROAD,,10312,1,0,1,"4,796","1,366",1970,1,A1,"899,888",11/25/2025
5,ARDEN HEIGHTS,01 ONE FAMILY DWELLINGS,1,5735,330,,A5,104 PRESENTATION CIRCLE,,10312,1,0,1,"6,295","1,552",2011,1,A5,"823,000",10/22/2025
5,ARDEN HEIGHTS,01 ONE FAMILY DWELLINGS,1,5735,340,,A5,172 PRESENTATION CIRCLE,,10312,1,0,1,"2,499","1,552",2011,1,A5,"780,000",12/10/2025
5,ARDEN HEIGHTS,01 ONE FAMILY DWELLINGS,1,5735,399,,A5,84 PRESENTATION CIRCLE,,10312,1,0,1,"2,129","1,552",2011,1,A5,"780,000",09/04/2025
5,ARDEN HEIGHTS,01 ONE FAMILY DWELLINGS,1,5735,435,,A5,121 PRESENTATION CIRCLE,,10312,1,0,1,"1,972","1,552",2011,1,A5,"737,500",08/04/2025
5,ARDEN HEIGHTS,01 ONE FAMILY DWELLINGS,1,5740,1,,A5,45 ILYSSA WAY,,10312,1,0,1,560,"1,553",1996,1,A5,"580,000",12/02/2025
5,ARDEN HEIGHTS,01 ONE FAMILY DWELLINGS,1,5740,10,,A5,67 ILYSSA WAY,,10312,1,0,1,560,"1,510",1996,1,A5,"575,000",07/30/2025
5,ARDEN HEIGHTS,01 ONE FAMILY DWELLINGS,1,5740,16,,A5,83 ILYSSA WAY,,10312,1,0,1,500,"1,354",1996,1,A5,"505,000",06/20/2025
5,ARDEN HEIGHTS,01 ONE FAMILY DWELLINGS,1,5740,67,,A5,327 ASPEN KNOLLS WAY,,10312,1,0,1,500,"1,354",2000,1,A5,0,01/09/2026
5,ARDEN HEIGHTS,01 ONE FAMILY DWELLINGS,1,5740,78,,A5,305 ASPEN KNOLLS WAY,,10312,1,0,1,500,"1,354",2000,1,A5,"485,000",05/28/2025
5,ARDEN HEIGHTS,01 ONE FAMILY DWELLINGS,1,5740,81,,A5,159 ASPEN KNOLLS WAY,,10312,1,0,1,500,"1,354",2000,1,A5,"530,000",09/10/2025
5,ARDEN HEIGHTS,01 ONE FAMILY DWELLINGS,1,5740,90,,A5,171 ASPEN KNOLLS WAY,,10312,1,0,1,500,"1,354",2000,1,A5,"452,000",01/22/2026
5,ARDEN HEIGHTS,01 ONE FAMILY DWELLINGS,1,5740,92,,A5,173 ASPEN KNOLLS WAY,,10312,1,0,1,500,"1,354",2000,1,A5,"150,000",04/08/2025
5,ARDEN HEIGHTS,01 ONE FAMILY DWELLINGS,1,5740,93,,A5,289 ASPEN KNOLLS WAY,,10312,1,0,1,500,"1,354",2000,1,A5,0,08/14/2025
5,ARDEN HEIGHTS,01 ONE FAMILY DWELLINGS,1,5740,107,,A5,185 ASPEN KNOLLS WAY,,10312,1,0,1,500,"1,354",2000,1,A5,"425,000",11/20/2025
5,ARDEN HEIGHTS,01 ONE FAMILY DWELLINGS,1,5740,172,,A5,46 BIANCA COURT,,10312,1,0,1,560,"1,510",2004,1,A5,"426,415",01/09/2026
5,ARDEN HEIGHTS,01 ONE FAMILY DWELLINGS,1,5740,172,,A5,46 BIANCA COURT,,10312,1,0,1,560,"1,510",2004,1,A5,"632,950",06/04/2025
5,ARDEN HEIGHTS,01 ONE FAMILY DWELLINGS,1,5740,173,,A5,48 BIANCA COURT,,10312,1,0,1,560,"1,553",2004,1,A5,"565,000",04/29/2025
5,ARDEN HEIGHTS,01 ONE FAMILY DWELLINGS,1,5741,11,,A5,60 ILYSSA WAY,,10312,1,0,1,500,"1,354",1996,1,A5,"480,000",02/19/2026
5,ARDEN HEIGHTS,01 ONE FAMILY DWELLINGS,1,5741,15,,A5,70 ILYSSA WAY,,10312,1,0,1,560,"1,553",1996,1,A5,"554,000",01/08/2026
5,ARDEN HEIGHTS,01 ONE FAMILY DWELLINGS,1,5741,45,,A5,150 ILYSSA WAY,,10312,1,0,1,500,"1,354",1996,1,A5,"492,400",10/09/2025
5,ARDEN HEIGHTS,01 ONE FAMILY DWELLINGS,1,5741,51,,A5,162 ILYSSA WAY,,10312,1,0,1,500,"1,354",1996,1,A5,"449,000",12/03/2025
5,ARDEN HEIGHTS,01 ONE FAMILY DWELLINGS,1,5741,67,,A5,194 ILYSSA WAY,,10312,1,0,1,500,"1,354",1996,1,A5,"515,000",12/16/2025
5,ARDEN HEIGHTS,01 ONE FAMILY DWELLINGS,1,5741,120,,A5,344 ILYSSA WAY,,10312,1,0,1,500,"1,354",1996,1,A5,"440,000",12/04/2025
5,ARDEN HEIGHTS,01 ONE FAMILY DWELLINGS,1,5741,126,,A5,362 ILYSSA WAY,,10312,1,0,1,353,929,1996,1,A5,"365,000",02/18/2026
5,ARDEN HEIGHTS,01 ONE FAMILY DWELLINGS,1,5741,212,,A5,614 ILYSSA WAY,,10312,1,0,1,500,"1,354",1996,1,A5,"503,500",08/20/2025
5,ARDEN HEIGHTS,01 ONE FAMILY DWELLINGS,1,5741,239,,A5,670 ILYSSA WAY,,10312,1,0,1,508,"1,354",1994,1,A5,"480,000",01/20/2026
5,ARDEN HEIGHTS,01 ONE FAMILY DWELLINGS,1,5741,247,,A5,694 ILYSSA WAY,,10312,1,0,1,500,"1,354",1996,1,A5,"499,999",06/16/2025
5,ARDEN HEIGHTS,01 ONE FAMILY DWELLINGS,1,5742,2,,A5,246 ASPEN KNOLLS WAY,,10312,1,0,1,560,"1,553",2000,1,A5,"537,000",08/27/2025
5,ARDEN HEIGHTS,01 ONE FAMILY DWELLINGS,1,5742,11,,A5,270 ASPEN KNOLLS WAY,,10312,1,0,1,560,"1,553",2000,1,A5,"60,000",06/22/2025
5,ARDEN HEIGHTS,01 ONE FAMILY DWELLINGS,1,5742,11,,A5,270 ASPEN KNOLLS WAY,,10312,1,0,1,560,"1,553",2000,1,A5,"535,000",11/21/2025
5,ARDEN HEIGHTS,01 ONE FAMILY DWELLINGS,1,5742,31,,A5,354 ASPEN KNOLLS WAY,,10312,1,0,1,560,"1,510",1999,1,A5,"540,000",07/11/2025
5,ARDEN HEIGHTS,01 ONE FAMILY DWELLINGS,1,5742,34,,A5,366 ASPEN KNOLLS WAY,,10312,1,0,1,500,"1,354",1999,1,A5,"498,000",04/30/2025
5,ARDEN HEIGHTS,01 ONE FAMILY DWELLINGS,1,5742,41,,A5,384 ASPEN KNOLLS WAY,,10312,1,0,1,353,929,1999,1,A5,"385,000",11/24/2025
5,ARDEN HEIGHTS,01 ONE FAMILY DWELLINGS,1,5742,50,,A5,246 JAMIE LANE,,10312,1,0,1,560,"1,553",1999,1,A5,"310,700",08/21/2025
5,ARDEN HEIGHTS,01 ONE FAMILY DWELLINGS,1,5742,70,,A5,192 JAMIE LANE,,10312,1,0,1,500,"1,354",1999,1,A5,"440,000",10/28/2025
5,ARDEN HEIGHTS,01 ONE FAMILY DWELLINGS,1,5742,79,,A5,168 JAMIE LANE,,10312,1,0,1,500,"1,354",1999,1,A5,"510,000",06/24/2025
5,ARDEN HEIGHTS,01 ONE FAMILY DWELLINGS,1,5742,104,,A5,224 ASPEN KNOLLS WAY,,10312,1,0,1,500,"1,354",2000,1,A5,"515,000",07/21/2025
5,ARDEN HEIGHTS,01 ONE FAMILY DWELLINGS,1,5742,125,,A5,130 JAMIE LANE,,10312,1,0,1,560,"1,553",1999,1,A5,"580,000",07/29/2025
5,ARDEN HEIGHTS,01 ONE FAMILY DWELLINGS,1,5743,59,,A5,603 ILYSSA WAY,,10312,1,0,1,353,929,1996,1,A5,"356,888",09/24/2025
5,ARDEN HEIGHTS,01 ONE FAMILY DWELLINGS,1,5743,90,,A5,223 EMILY LANE,,10312,1,0,1,500,"1,354",1996,1,A5,"460,800",07/07/2025
5,ARDEN HEIGHTS,01 ONE FAMILY DWELLINGS,1,5743,92,,A5,217 EMILY LANE,,10312,1,0,1,353,929,1996,1,A5,"394,000",02/12/2026
5,ARDEN HEIGHTS,01 ONE FAMILY DWELLINGS,1,5743,116,,A5,109 EMILY LANE,,10312,1,0,1,500,"1,354",1996,1,A5,0,09/23/2025
5,ARDEN HEIGHTS,01 ONE FAMILY DWELLINGS,1,5743,124,,A5,81 EMILY LANE,,10312,1,0,1,500,"1,354",1996,1,A5,"535,000",07/15/2025
5,ARDEN HEIGHTS,01 ONE FAMILY DWELLINGS,1,5743,127,,A5,71 EMILY LANE,,10312,1,0,1,353,929,1996,1,A5,"365,000",09/12/2025
5,ARDEN HEIGHTS,01 ONE FAMILY DWELLINGS,1,5743,129,,A5,61 EMILY LANE,,10312,1,0,1,500,"1,354",1996,1,A5,0,10/17/2025
5,ARDEN HEIGHTS,01 ONE FAMILY DWELLINGS,1,5743,132,,A5,51 EMILY LANE,,10312,1,0,1,500,"1,354",1996,1,A5,"540,000",06/11/2025
5,ARDEN HEIGHTS,01 ONE FAMILY DWELLINGS,1,5743,210,,A5,83 JAMIE LANE,,10312,1,0,1,500,"1,354",1996,1,A5,"470,000",08/20/2025
5,ARDEN HEIGHTS,01 ONE FAMILY DWELLINGS,1,5743,221,,A5,49 JAMIE LANE,,10312,1,0,1,353,929,1996,1,A5,"360,000",01/16/2026
5,ARDEN HEIGHTS,01 ONE FAMILY DWELLINGS,1,5743,246,,A5,42 ASPEN KNOLLS WAY,,10312,1,0,1,500,"1,354",2002,1,A5,0,07/29/2025
5,ARDEN HEIGHTS,01 ONE FAMILY DWELLINGS,1,5743,260,,A5,26 ASPEN KNOLLS WAY,,10312,1,0,1,500,"1,354",2002,1,A5,"585,000",10/31/2025
5,ARDEN HEIGHTS,01 ONE FAMILY DWELLINGS,1,5743,272,,A5,78 AMANDA COURT,,10312,1,0,1,353,929,2002,1,A5,"400,000",11/03/2025
5,ARDEN HEIGHTS,01 ONE FAMILY DWELLINGS,1,5743,286,,A5,42 AMANDA COURT,,10312,1,0,1,500,"1,300",2003,1,A5,"530,000",12/22/2025
5,ARDEN HEIGHTS,01 ONE FAMILY DWELLINGS,1,5743,289,,A5,34 AMANDA COURT,,10312,1,0,1,500,"1,300",2003,1,A5,0,07/21/2025
5,ARDEN HEIGHTS,01 ONE FAMILY DWELLINGS,1,5743,296,,A5,16 AMANDA COURT,,10312,1,0,1,500,"1,300",2003,1,A5,"465,000",06/05/2025
5,ARDEN HEIGHTS,01 ONE FAMILY DWELLINGS,1,5744,26,,A5,481 ILYSSA WAY,,10312,1,0,1,500,"1,354",1996,1,A5,"498,000",06/18/2025
5,ARDEN HEIGHTS,01 ONE FAMILY DWELLINGS,1,5744,43,,A5,439 ILYSSA WAY,,10312,1,0,1,500,"1,354",1996,1,A5,"505,000",01/28/2026
5,ARDEN HEIGHTS,01 ONE FAMILY DWELLINGS,1,5744,57,,A5,337 ILYSSA WAY,,10312,1,0,1,500,"1,354",1996,1,A5,0,08/04/2025
5,ARDEN HEIGHTS,01 ONE FAMILY DWELLINGS,1,5744,72,,A5,285 ILYSSA WAY,,10312,1,0,1,500,"1,354",1996,1,A5,0,04/30/2025
5,ARDEN HEIGHTS,01 ONE FAMILY DWELLINGS,1,5744,86,,A5,247 ILYSSA WAY,,10312,1,0,1,500,"1,354",1996,1,A5,"425,000",10/28/2025
5,ARDEN HEIGHTS,01 ONE FAMILY DWELLINGS,1,5744,120,,A5,48 EMILY LANE,,10312,1,0,1,500,"1,354",1996,1,A5,0,10/31/2025
5,ARDEN HEIGHTS,01 ONE FAMILY DWELLINGS,1,5744,132,,A5,80 EMILY LANE,,10312,1,0,1,500,"1,354",1996,1,A5,"460,000",08/01/2025
5,ARDEN HEIGHTS,01 ONE FAMILY DWELLINGS,1,5744,165,,A5,174 EMILY LANE,,10312,1,0,1,560,"1,510",1996,1,A5,"575,000",07/25/2025
5,ARDEN HEIGHTS,01 ONE FAMILY DWELLINGS,1,5770,35,,A1,1566 ARTHUR KILL ROAD,,10312,1,0,1,"10,668","1,350",1935,1,A1,"950,000",07/28/2025
5,ARDEN HEIGHTS,01 ONE FAMILY DWELLINGS,1,5772,96,,A5,24 REGINA LANE,,10312,1,0,1,903,"1,690",1989,1,A5,"590,000",10/30/2025
5,ARDEN HEIGHTS,01 ONE FAMILY DWELLINGS,1,5773,57,,A5,41 HALPIN AVENUE,,10312,1,0,1,"1,100","1,690",1993,1,A5,"613,000",11/26/2025
5,ARDEN HEIGHTS,01 ONE FAMILY DWELLINGS,1,5773,60,,A5,47 HALPIN AVE,,10312,1,0,1,"1,100","1,690",1993,1,A5,0,07/11/2025
5,ARDEN HEIGHTS,01 ONE FAMILY DWELLINGS,1,5773,161,,A5,16 LINDA LANE,,10312,1,0,1,910,"1,690",1993,1,A5,"575,000",02/05/2026
5,ARDEN HEIGHTS,01 ONE FAMILY DWELLINGS,1,5773,163,,A5,20 LINDA LANE,,10312,1,0,1,910,"1,690",1993,1,A5,"582,500",09/03/2025
5,ARDEN HEIGHTS,01 ONE FAMILY DWELLINGS,1,5773,171,,A5,48 LINDA LANE,,10312,1,0,1,910,"1,690",1993,1,A5,"550,000",02/04/2026
5,ARDEN HEIGHTS,01 ONE FAMILY DWELLINGS,1,5775,60,,A1,565 WOODROW ROAD,,10312,1,0,1,"9,310","3,600",1986,1,A1,0,02/18/2026
5,ARDEN HEIGHTS,01 ONE FAMILY DWELLINGS,1,5800,4,,A1,1666 ARTHUR KILL ROAD,,10312,1,0,1,"7,260","1,760",1940,1,A1,"750,000",06/10/2025
5,ARDEN HEIGHTS,01 ONE FAMILY DWELLINGS,1,5803,32,,A5,1784 ARTHUR KILL ROAD,,10312,1,0,1,"2,250","1,156",2000,1,A5,"660,000",11/26/2025
5,ARDEN HEIGHTS,01 ONE FAMILY DWELLINGS,1,6010,90,,A2,398 ARDEN AVENUE,,10312,1,0,1,"6,986","1,680",1965,1,A2,0,07/29/2025
5,ARDEN HEIGHTS,01 ONE FAMILY DWELLINGS,1,6011,71,,A1,50 ALMOND STREET,,10312,1,0,1,"8,000","2,124",1945,1,A1,"1,050,000",04/09/2025
5,ARDEN HEIGHTS,01 ONE FAMILY DWELLINGS,1,6018,23,,A5,73 HAMPTON GREEN,,10312,1,0,1,"1,760","1,496",1973,1,A5,"625,000",10/02/2025
5,ARDEN HEIGHTS,01 ONE FAMILY DWELLINGS,1,6018,29,,A5,87 HAMPTON GREEN,,10312,1,0,1,"2,720","1,000",1973,1,A5,0,09/10/2025
5,ARDEN HEIGHTS,01 ONE FAMILY DWELLINGS,1,6018,37,,A5,111 HAMPTON GREEN,,10312,1,0,1,"1,760","1,480",1973,1,A5,"658,000",09/23/2025
5,ARDEN HEIGHTS,01 ONE FAMILY DWELLINGS,1,6018,57,,A5,163 HAMPTON GREEN,,10312,1,0,1,"1,980","1,496",1973,1,A5,"625,000",12/01/2025
5,ARDEN HEIGHTS,01 ONE FAMILY DWELLINGS,1,6018,63,,A5,177 HAMPTON GREEN,,10312,1,0,1,"1,440","1,088",1973,1,A5,"628,000",08/11/2025
5,ARDEN HEIGHTS,01 ONE FAMILY DWELLINGS,1,6018,90,,A5,35 PRINCETON LANE,,10312,1,0,1,"1,564","1,088",1980,1,A5,0,10/21/2025
5,ARDEN HEIGHTS,01 ONE FAMILY DWELLINGS,1,6018,155,,A5,24 HAMPTON GREEN,,10312,1,0,1,"1,955","1,740",1975,1,A5,"690,000",12/30/2025
5,ARDEN HEIGHTS,01 ONE FAMILY DWELLINGS,1,6018,156,,A5,26 HAMPTON GREEN,,10312,1,0,1,"1,870","1,480",1975,1,A5,"685,000",09/03/2025
5,ARDEN HEIGHTS,01 ONE FAMILY DWELLINGS,1,6018,188,,A5,92 HAMPTON GREEN,,10312,1,0,1,"1,328","1,088",1975,1,A5,0,09/25/2025
5,ARDEN HEIGHTS,01 ONE FAMILY DWELLINGS,1,6018,220,,A5,24 REGENT CIRCLE,,10312,1,0,1,"2,332","1,496",1975,1,A5,0,03/05/2026
5,ARDEN HEIGHTS,01 ONE FAMILY DWELLINGS,1,6018,231,,A5,214 HAMPTON GRN,,10312,1,0,1,"1,713","1,480",1975,1,A5,0,10/21/2025
5,ARDEN HEIGHTS,01 ONE FAMILY DWELLINGS,1,6018,272,,A5,284 HAMPTON GREEN,,10312,1,0,1,"1,778","1,480",1975,1,A5,"675,000",04/21/2025
5,ARDEN HEIGHTS,01 ONE FAMILY DWELLINGS,1,6018,287,,A5,320 HAMPTON GREEN,,10312,1,0,1,"2,490","1,562",1975,1,A5,"700,000",01/22/2026
5,ARDEN HEIGHTS,01 ONE FAMILY DWELLINGS,1,6019,95,,A5,214 FOREST GREEN,,10312,1,0,1,"2,025","1,736",1970,1,A5,"720,000",09/22/2025
5,ARDEN HEIGHTS,01 ONE FAMILY DWELLINGS,1,6019,99,,A5,220 FOREST GREEN,,10312,1,0,1,"1,280","1,088",1970,1,A5,0,02/23/2026
5,ARDEN HEIGHTS,01 ONE FAMILY DWELLINGS,1,6020,12,,A5,259 DOVER GREEN,,10312,1,0,1,"1,720","1,480",1970,1,A5,0,08/06/2025
5,ARDEN HEIGHTS,01 ONE FAMILY DWELLINGS,1,6020,35,,A5,45 DOVER GREEN,,10312,1,0,1,"1,720","1,480",1970,1,A5,"595,000",05/02/2025
5,ARDEN HEIGHTS,01 ONE FAMILY DWELLINGS,1,6020,49,,A5,75 DOVER GREEN,,10312,1,0,1,"1,828","1,480",1970,1,A5,"650,000",08/14/2025
5,ARDEN HEIGHTS,01 ONE FAMILY DWELLINGS,1,6020,50,,A5,77 DOVER GREEN,,10312,1,0,1,"1,913","1,740",1970,1,A5,"700,000",04/30/2025
5,ARDEN HEIGHTS,01 ONE FAMILY DWELLINGS,1,6020,52,,A5,81 DOVER GREEN,,10312,1,0,1,"1,360","1,112",1970,1,A5,"595,000",05/28/2025
5,ARDEN HEIGHTS,01 ONE FAMILY DWELLINGS,1,6020,63,,A5,105 DOVER GREEN,,10312,1,0,1,"1,360","1,088",1970,1,A5,0,08/08/2025
5,ARDEN HEIGHTS,01 ONE FAMILY DWELLINGS,1,6020,80,,A5,143 DOVER GREEN,,10312,1,0,1,"1,280","1,088",1970,1,A5,"635,000",07/09/2025
5,ARDEN HEIGHTS,01 ONE FAMILY DWELLINGS,1,6020,84,,A5,151 DOVER GREEN,,10312,1,0,1,"1,800","1,536",1970,1,A5,0,04/07/2025
5,ARDEN HEIGHTS,01 ONE FAMILY DWELLINGS,1,6020,103,,A5,187 DOVER GREEN,,10312,1,0,1,"1,800","1,740",1975,1,A5,"645,000",09/30/2025
5,ARDEN HEIGHTS,01 ONE FAMILY DWELLINGS,1,6020,111,,A5,203 DOVER GREEN,,10312,1,0,1,"1,849","1,536",1975,1,A5,"560,000",09/26/2025
5,ARDEN HEIGHTS,01 ONE FAMILY DWELLINGS,1,6020,115,,A5,211 DOVER GREEN,,10312,1,0,1,"1,720","1,480",1975,1,A5,"660,000",09/23/2025
5,ARDEN HEIGHTS,01 ONE FAMILY DWELLINGS,1,6020,144,,A5,37 KYLE COURT,,10312,1,0,1,"4,847","1,356",1975,1,A5,"730,000",07/10/2025
5,ARDEN HEIGHTS,01 ONE FAMILY DWELLINGS,1,6020,149,,A5,40 KYLE COURT,,10312,1,0,1,"5,083","1,740",1975,1,A5,"775,000",07/23/2025
5,ARDEN HEIGHTS,01 ONE FAMILY DWELLINGS,1,6020,205,,A5,44 CHESTNUT CIRCLE,,10312,1,0,1,"2,001","1,516",1970,1,A5,"675,000",06/16/2025
5,ARDEN HEIGHTS,01 ONE FAMILY DWELLINGS,1,6020,214,,A5,29 CHESTNUT CIRCLE,,10312,1,0,1,"1,789","1,740",1970,1,A5,"650,000",02/04/2026
5,ARDEN HEIGHTS,01 ONE FAMILY DWELLINGS,1,6020,220,,A5,164 DOVER GREEN,,10312,1,0,1,"2,564","1,376",1970,1,A5,"690,000",10/23/2025
5,ARDEN HEIGHTS,01 ONE FAMILY DWELLINGS,1,6020,228,,A5,186 DOVER GREEN,,10312,1,0,1,"1,804","1,536",1970,1,A5,0,09/02/2025
5,ARDEN HEIGHTS,01 ONE FAMILY DWELLINGS,1,6020,242,,A5,234 DOVER GREEN,,10312,1,0,1,"1,913","1,536",1970,1,A5,"589,232",02/10/2026
5,ARDEN HEIGHTS,01 ONE FAMILY DWELLINGS,1,6021,51,,A5,61 CARLYLE GREEN,,10312,1,0,1,"1,680","1,280",1980,1,A5,"178,000",12/12/2025
5,ARDEN HEIGHTS,01 ONE FAMILY DWELLINGS,1,6021,61,,A5,81 CARLYLE GREEN,,10312,1,0,1,"2,000","1,440",1980,1,A5,"640,000",06/27/2025
5,ARDEN HEIGHTS,01 ONE FAMILY DWELLINGS,1,6021,95,,A5,143 CARLYLE GREEN,,10312,1,0,1,"1,407","1,816",1992,1,A5,"715,000",04/21/2025
5,ARDEN HEIGHTS,01 ONE FAMILY DWELLINGS,1,6021,103,,A5,153 CARLYLE GREEN,,10312,1,0,1,"2,025","1,300",1975,1,A5,"620,000",09/17/2025
5,ARDEN HEIGHTS,01 ONE FAMILY DWELLINGS,1,6022,24,,A1,83 DOGWOOD DR,,10312,1,0,1,"3,760","3,172",1975,1,A1,0,11/22/2025
5,ARDEN HEIGHTS,01 ONE FAMILY DWELLINGS,1,6022,70,,A5,6 DAFFODIL COURT,,10312,1,0,1,"2,996","1,190",1982,1,A5,"560,000",07/22/2025
5,ARDEN HEIGHTS,01 ONE FAMILY DWELLINGS,1,6022,87,,A5,36 DAFFODIL COURT,,10312,1,0,1,"1,170","1,339",1982,1,A5,"640,000",07/21/2025
5,ARDEN HEIGHTS,01 ONE FAMILY DWELLINGS,1,6022,96,,A5,56 DAFFODIL COURT,,10312,1,0,1,"1,833","1,339",1982,1,A5,0,11/20/2025
5,ARDEN HEIGHTS,01 ONE FAMILY DWELLINGS,1,6022,147,,A5,15 MIMOSA LANE,,10312,1,0,1,"1,650","1,339",1984,1,A5,"657,000",10/15/2025
5,ARDEN HEIGHTS,01 ONE FAMILY DWELLINGS,1,6022,158,,A5,35 MIMOSA LANE,,10312,1,0,1,"1,200","1,378",1980,1,A5,0,11/18/2025
5,ARDEN HEIGHTS,01 ONE FAMILY DWELLINGS,1,6022,191,,A5,115 MIMOSA LANE,,10312,1,0,1,"1,200","1,378",1980,1,A5,"616,000",07/31/2025
5,ARDEN HEIGHTS,01 ONE FAMILY DWELLINGS,1,6022,200,,A5,4 RUSSEK DRIVE,,10312,1,0,1,"3,744","1,826",1983,1,A5,"725,000",06/26/2025
5,ARDEN HEIGHTS,01 ONE FAMILY DWELLINGS,1,6022,303,,A5,48 ASHTON DRIVE,,10312,1,0,1,"2,700","1,900",1975,1,A5,"699,000",06/30/2025
5,ARDEN HEIGHTS,01 ONE FAMILY DWELLINGS,1,6022,318,,A5,57 ASHTON DRIVE,,10312,1,0,1,"1,890","1,176",1980,1,A5,0,09/05/2025
5,ARDEN HEIGHTS,01 ONE FAMILY DWELLINGS,1,6022,344,,A5,5 ASHTON DRIVE,,10312,1,0,1,"1,200","1,378",1980,1,A5,0,06/21/2025
5,ARDEN HEIGHTS,01 ONE FAMILY DWELLINGS,1,6022,344,,A5,5 ASHTON DRIVE,,10312,1,0,1,"1,200","1,378",1980,1,A5,0,07/02/2025
5,ARDEN HEIGHTS,01 ONE FAMILY DWELLINGS,1,6022,352,,A5,12 YUCCA DRIVE,,10312,1,0,1,"1,620","1,260",1980,1,A5,"605,000",02/18/2026
5,ARDEN HEIGHTS,01 ONE FAMILY DWELLINGS,1,6023,2,,A5,6 GREEN VALLEY RD,,10312,1,0,1,960,934,1985,1,A5,0,04/19/2025
5,ARDEN HEIGHTS,01 ONE FAMILY DWELLINGS,1,6023,154,,A2,298 GREEN VALLEY ROAD,,10312,1,0,1,"2,700","1,076",1980,1,A2,"770,000",09/19/2025
5,ARDEN HEIGHTS,01 ONE FAMILY DWELLINGS,1,6023,162,,A1,318 GREEN VALLEY ROAD,,10312,1,0,1,"2,700","1,614",1980,1,A1,"720,000",12/04/2025
5,ARDEN HEIGHTS,01 ONE FAMILY DWELLINGS,1,6023,302,,A2,35 VICTORIA ROAD,,10312,1,0,1,"2,783","1,076",1980,1,A2,0,01/09/2026
5,ARDEN HEIGHTS,01 ONE FAMILY DWELLINGS,1,6023,372,,A2,95 MANCHESTER DRIVE,,10312,1,0,1,"3,150","1,614",1980,1,A2,0,10/17/2025
5,ARDEN HEIGHTS,01 ONE FAMILY DWELLINGS,1,6023,394,,A2,217 GREEN VALLEY ROAD,,10312,1,0,1,"2,700","1,914",1980,1,A2,0,06/25/2025
5,ARDEN HEIGHTS,01 ONE FAMILY DWELLINGS,1,6024,45,,A5,15 LISA LANE,,10312,1,0,1,"1,620","1,378",1980,1,A5,"634,000",09/29/2025
5,ARDEN HEIGHTS,01 ONE FAMILY DWELLINGS,1,6024,138,,A5,78 STACK DRIVE,,10312,1,0,1,"2,070","2,392",1980,1,A5,"825,000",06/30/2025
5,ARDEN HEIGHTS,01 ONE FAMILY DWELLINGS,1,6024,158,,A5,32 EBEY LANE,,10312,1,0,1,"1,890","1,948",1980,1,A5,"690,000",02/10/2026
5,ARDEN HEIGHTS,01 ONE FAMILY DWELLINGS,1,6024,164,,A5,16 EBEY LANE,,10312,1,0,1,"1,890","1,948",1980,1,A5,"625,000",01/27/2026
5,ARDEN HEIGHTS,01 ONE FAMILY DWELLINGS,1,6024,251,,A5,29 HAMMOCK LN,,10312,1,0,1,"1,620","1,066",1980,1,A5,1,07/03/2025
5,ARDEN HEIGHTS,01 ONE FAMILY DWELLINGS,1,6025,20,,A5,21 KRISSA COURT,,10312,1,0,1,"2,080","1,984",2001,1,A5,"780,000",01/23/2026
5,ARDEN HEIGHTS,01 ONE FAMILY DWELLINGS,1,6027,5,,A5,1994 ARTHUR KILL ROAD,,10312,1,0,1,640,980,1990,1,A5,0,11/12/2025
5,ARDEN HEIGHTS,01 ONE FAMILY DWELLINGS,1,6027,9,,A9,1974 ARTHUR KILL ROAD,,10312,1,0,1,640,980,1989,1,A9,0,05/30/2025
5,ARDEN HEIGHTS,01 ONE FAMILY DWELLINGS,1,6027,24,,A9,1942 ARTHUR KILL ROAD,,10312,1,0,1,"1,260","1,008",1990,1,A9,"499,999",08/06/2025
5,ARDEN HEIGHTS,01 ONE FAMILY DWELLINGS,1,6028,39,,A5,61 COUNTRY LANE,,10312,1,0,1,"1,316",980,1992,1,A5,"250,000",10/28/2025
5,ARDEN HEIGHTS,01 ONE FAMILY DWELLINGS,1,6028,64,,A5,17 COUNTRY LANE,,10312,1,0,1,"1,860","1,152",1990,1,A5,"569,999",10/17/2025
5,ARDEN HEIGHTS,01 ONE FAMILY DWELLINGS,1,6028,70,,A5,20 COUNTRY LANE,,10312,1,0,1,"1,388","1,148",1990,1,A5,"620,000",10/01/2025
5,ARDEN HEIGHTS,01 ONE FAMILY DWELLINGS,1,6029,65,,A5,33A LOMBARD COURT,,10312,1,0,1,720,"1,008",1987,1,A5,"460,000",06/30/2025
5,ARDEN HEIGHTS,01 ONE FAMILY DWELLINGS,1,6030,27,,A5,39 RAILY COURT,,10312,1,0,1,"1,392","1,152",1986,1,A5,"515,000",02/26/2026
5,ARDEN HEIGHTS,01 ONE FAMILY DWELLINGS,1,6030,68,,A5,125 RAILY COURT,,10312,1,0,1,"1,680","1,152",1986,1,A5,"250,000",11/24/2025
5,ARDEN HEIGHTS,01 ONE FAMILY DWELLINGS,1,6030,138,,A5,18 BUNNELL COURT,,10312,1,0,1,640,980,1986,1,A5,"455,000",06/18/2025
5,ARDEN HEIGHTS,01 ONE FAMILY DWELLINGS,1,6030,152,,A5,12 BUNNELL COURT,,10312,1,0,1,640,980,1986,1,A5,"450,000",05/27/2025
5,ARDEN HEIGHTS,01 ONE FAMILY DWELLINGS,1,6031,14,,A5,141 HUGUENOT AVENUE,,10312,1,0,1,"1,070","1,000",1987,1,A5,"487,000",02/03/2026
5,ARDEN HEIGHTS,01 ONE FAMILY DWELLINGS,1,6031,38,,A5,26A ALCOTT STREET,,10312,1,0,1,720,"1,008",1987,1,A5,"490,000",12/29/2025
5,ARDEN HEIGHTS,01 ONE FAMILY DWELLINGS,1,6031,47,,A5,12A ALCOTT STREET,,10312,1,0,1,720,"1,008",1987,1,A5,"478,000",11/21/2025
5,ARDEN HEIGHTS,01 ONE FAMILY DWELLINGS,1,6031,62,,A9,10 ALCOTT ST,,10312,1,0,1,640,980,1987,1,A9,"455,000",05/21/2025
5,ARDEN HEIGHTS,01 ONE FAMILY DWELLINGS,1,6031,74,,A9,28 ALCOTT STREET,,10312,1,0,1,960,"1,152",1987,1,A9,"525,000",11/25/2025
5,ARDEN HEIGHTS,01 ONE FAMILY DWELLINGS,1,6031,76,,A9,30 ALCOTT STREET,,10312,1,0,1,640,980,1987,1,A9,"465,000",11/18/2025
5,ARDEN HEIGHTS,01 ONE FAMILY DWELLINGS,1,6031,98,,A9,5 BUNNELL CT,,10312,1,0,1,640,980,1987,1,A9,0,07/24/2025
5,ARDEN HEIGHTS,01 ONE FAMILY DWELLINGS,1,6031,130,,A9,39 BUNNELL COURT,,10312,1,0,1,960,"1,152",1987,1,A9,"549,000",04/08/2025
5,ARDEN HEIGHTS,01 ONE FAMILY DWELLINGS,1,6043,20,,A5,225 ROSEDALE AVENUE,,10312,1,0,1,975,"1,008",1989,1,A5,"595,000",10/30/2025
5,ARDEN HEIGHTS,01 ONE FAMILY DWELLINGS,1,6043,51,,A5,3E DELMAR AVENUE,,10312,1,0,1,"1,280","1,427",1990,1,A5,"628,000",08/13/2025
5,ARDEN HEIGHTS,01 ONE FAMILY DWELLINGS,1,6044,37,,A5,74 SPERRY PLACE,,10312,1,0,1,"1,365","1,319",1990,1,A5,"680,000",07/18/2025
5,ARDEN HEIGHTS,01 ONE FAMILY DWELLINGS,1,6045,37,,A5,9 SPERRY PLACE,,10312,1,0,1,"2,636","1,900",1996,1,A5,"754,000",10/30/2025
5,ARDEN HEIGHTS,01 ONE FAMILY DWELLINGS,1,6046,26,,A1,35 BALLARD,,10312,1,0,1,"3,806","1,500",1955,1,A1,0,07/17/2025
5,ARDEN HEIGHTS,01 ONE FAMILY DWELLINGS,1,6047,3,,A2,875 WOODROW ROAD,,10312,1,0,1,"3,876","1,150",1965,1,A2,0,08/20/2025
5,ARDEN HEIGHTS,01 ONE FAMILY DWELLINGS,1,6047,3,,A2,875 WOODROW ROAD,,10312,1,0,1,"3,876","1,150",1965,1,A2,"835,000",11/03/2025
5,ARDEN HEIGHTS,01 ONE FAMILY DWELLINGS,1,6048,82,,A5,117 BOULDER STREET,,10312,1,0,1,"2,032","2,056",1989,1,A5,"732,500",10/15/2025
5,ARDEN HEIGHTS,01 ONE FAMILY DWELLINGS,1,6049,92,,A5,123 CARDIFF STREET,,10312,1,0,1,"3,270","1,473",1988,1,A5,"630,000",01/06/2026
5,ARDEN HEIGHTS,01 ONE FAMILY DWELLINGS,1,6049,112,,A5,114 BOULDER STREET,,10312,1,0,1,"3,200","1,473",1987,1,A5,"690,000",04/02/2025
5,ARDEN HEIGHTS,01 ONE FAMILY DWELLINGS,1,6050,130,,A5,30 COVENTRY LOOP,,10312,1,0,1,"1,600","1,584",1988,1,A5,0,01/14/2026
5,ARDEN HEIGHTS,01 ONE FAMILY DWELLINGS,1,6050,147,,A5,17 COVENTRY LOOP,,10312,1,0,1,"1,020","1,262",1988,1,A5,0,06/10/2025
5,ARDEN HEIGHTS,01 ONE FAMILY DWELLINGS,1,6055,23,,A5,70 ROSEDALE AVENUE,,10312,1,0,1,"1,425",884,1989,1,A5,"346,788",10/30/2025
5,ARDEN HEIGHTS,01 ONE FAMILY DWELLINGS,1,6055,30,,A5,84 ROSEDALE AVENUE,,10312,1,0,1,"1,060","1,008",1989,1,A5,0,02/12/2026
5,ARDEN HEIGHTS,01 ONE FAMILY DWELLINGS,1,6055,54,,A5,120 ROSEDALE AVENUE,,10312,1,0,1,"1,060","1,008",1988,1,A5,"515,000",10/20/2025
5,ARDEN HEIGHTS,01 ONE FAMILY DWELLINGS,1,6055,59,,A5,130 ROSEDALE AVENUE,,10312,1,0,1,"1,060","1,008",1988,1,A5,0,04/08/2025
5,ARDEN HEIGHTS,01 ONE FAMILY DWELLINGS,1,6055,76,,A5,164 ROSEDALE AVENUE,,10312,1,0,1,"1,060","1,008",1988,1,A5,"597,000",09/03/2025
5,ARDEN HEIGHTS,01 ONE FAMILY DWELLINGS,1,6055,78,,A5,168 ROSEDALE AVENUE,,10312,1,0,1,"1,060","1,008",1988,1,A5,"590,000",04/30/2025
5,ARDEN HEIGHTS,01 ONE FAMILY DWELLINGS,1,6055,80,,A5,172 ROSEDALE AVENUE,,10312,1,0,1,"1,060","1,400",1988,1,A5,"641,000",09/18/2025
5,ARDEN HEIGHTS,01 ONE FAMILY DWELLINGS,1,6055,100,,A5,206 ROSEDALE AVENUE,,10312,1,0,1,"1,060","1,008",1988,1,A5,"565,000",09/09/2025
5,ARDEN HEIGHTS,01 ONE FAMILY DWELLINGS,1,6055,101,,A5,208 ROSEDALE AVENUE,,10312,1,0,1,"1,060","1,200",1988,1,A5,"615,000",12/12/2025
5,ARDEN HEIGHTS,02 TWO FAMILY DWELLINGS,1,5720,284,,B2,41 OAK LANE,,10312,2,0,2,"7,100","3,120",1984,1,B2,0,09/26/2025
5,ARDEN HEIGHTS,02 TWO FAMILY DWELLINGS,1,5733,50,,B9,126 ERIKA LOOP,,10312,2,0,2,"1,920","2,285",2001,1,B9,0,01/16/2026
5,ARDEN HEIGHTS,02 TWO FAMILY DWELLINGS,1,5733,54,,B9,51 ERIKA LOOP,,10312,2,0,2,"2,218","2,285",2001,1,B9,"825,000",08/15/2025
5,ARDEN HEIGHTS,02 TWO FAMILY DWELLINGS,1,5733,70,,B9,68 ERIKA LOOP,,10312,2,0,2,"3,080","2,285",2001,1,B9,"850,000",10/15/2025
5,ARDEN HEIGHTS,02 TWO FAMILY DWELLINGS,1,5733,84,,B9,48 ERIKA LOOP,,10312,2,0,2,"1,920","2,285",2000,1,B9,"825,000",08/19/2025
5,ARDEN HEIGHTS,02 TWO FAMILY DWELLINGS,1,5735,167,,B3,357 WOODROW ROAD,,10312,2,0,2,"5,400","1,072",1965,1,B3,"899,900",11/25/2025
5,ARDEN HEIGHTS,02 TWO FAMILY DWELLINGS,1,6012,62,,B2,62 RUXTON,,10312,2,0,2,"12,000","3,328",1992,1,B2,"1,770,000",11/26/2025
5,ARDEN HEIGHTS,02 TWO FAMILY DWELLINGS,1,6013,1,,B1,701 WOODROW ROAD,,10312,2,0,2,"7,701","2,800",1970,1,B1,"1,050,000",05/09/2025
5,ARDEN HEIGHTS,02 TWO FAMILY DWELLINGS,1,6013,35,,B1,91 CANTON AVENUE,,10312,2,0,2,"8,000","2,254",1975,1,B1,0,06/19/2025
5,ARDEN HEIGHTS,02 TWO FAMILY DWELLINGS,1,6013,71,,B1,540 JEFFERSON BOULEVARD,,10312,2,0,2,"8,000","2,488",1975,1,B1,0,05/06/2025
5,ARDEN HEIGHTS,02 TWO FAMILY DWELLINGS,1,6014,14,,B2,63 HOLCOMB AVENUE,,10312,2,0,2,"4,000","2,635",2022,1,B2,"1,330,000",05/01/2025
5,ARDEN HEIGHTS,02 TWO FAMILY DWELLINGS,1,6016,30,,B2,43 EVERTON AVENUE,,10312,2,0,2,"3,800","2,200",2000,1,B2,"1,100,000",11/12/2025
5,ARDEN HEIGHTS,02 TWO FAMILY DWELLINGS,1,6022,321,,B9,51 ASHTON DRIVE,,10312,2,0,2,"3,150","2,608",1980,1,B9,"840,000",10/02/2025
5,ARDEN HEIGHTS,02 TWO FAMILY DWELLINGS,1,6022,388,,B9,41 YUCCA DRIVE,,10312,2,0,2,"3,060","2,608",1980,1,B9,"850,000",05/19/2025
5,ARDEN HEIGHTS,02 TWO FAMILY DWELLINGS,1,6023,183,,B2,390 GREEN VALLEY ROAD,,10312,2,0,2,"2,723","2,080",1980,1,B2,0,04/28/2025
5,ARDEN HEIGHTS,02 TWO FAMILY DWELLINGS,1,6023,214,,B9,101 GREEN VALLEY ROAD,,10312,2,0,2,"2,214","2,248",1983,1,B9,"842,000",10/08/2025
5,ARDEN HEIGHTS,02 TWO FAMILY DWELLINGS,1,6023,225,,B9,121 GREEN VALLEY ROAD,,10312,2,0,2,"2,069","2,248",1983,1,B9,0,07/12/2025
5,ARDEN HEIGHTS,02 TWO FAMILY DWELLINGS,1,6023,317,,B2,70 MANCHESTER DRIVE,,10312,2,0,2,"3,458","1,872",1980,1,B2,"680,000",06/30/2025
5,ARDEN HEIGHTS,02 TWO FAMILY DWELLINGS,1,6023,329,,B2,22 MANCHESTER DRIVE,,10312,2,0,2,"2,730","2,220",1980,1,B2,0,06/19/2025
5,ARDEN HEIGHTS,02 TWO FAMILY DWELLINGS,1,6024,22,,B9,25 GEYSER DRIVE,,10312,2,0,2,"1,710","1,316",1975,1,B9,"519,308",07/11/2025
5,ARDEN HEIGHTS,02 TWO FAMILY DWELLINGS,1,6024,22,,B9,25 GEYSER DRIVE,,10312,2,0,2,"1,710","1,316",1975,1,B9,"720,000",12/02/2025
5,ARDEN HEIGHTS,02 TWO FAMILY DWELLINGS,1,6024,187,,B9,33 EBEY LANE,,10312,2,0,2,"2,070","2,392",1980,1,B9,0,09/23/2025
5,ARDEN HEIGHTS,02 TWO FAMILY DWELLINGS,1,6024,187,,B9,33 EBEY LANE,,10312,2,0,2,"2,070","2,392",1980,1,B9,"720,000",11/21/2025
5,ARDEN HEIGHTS,02 TWO FAMILY DWELLINGS,1,6024,206,,B9,4 LISA LANE,,10312,2,0,2,"2,160","2,392",1980,1,B9,"795,000",08/12/2025
5,ARDEN HEIGHTS,02 TWO FAMILY DWELLINGS,1,6024,218,,B9,56 MYRNA LANE,,10312,2,0,2,"2,070","2,392",1980,1,B9,0,12/17/2025
5,ARDEN HEIGHTS,02 TWO FAMILY DWELLINGS,1,6045,40,,B9,42 EVERTON AVENUE,,10312,2,0,2,"3,000","1,800",1996,1,B9,"813,000",12/26/2025
5,ARDEN HEIGHTS,02 TWO FAMILY DWELLINGS,1,6049,120,,S2,90 BOULDER STREET,,10312,2,1,3,"9,966","3,567",1986,1,S2,0,07/14/2025
5,ARDEN HEIGHTS,04 TAX CLASS 1 CONDOS,1A,6017,1008,,R3,69 ROLLING HILL GREEN,,10312,1,,1,,,1979,1,R3,"660,000",01/27/2026
5,ARDEN HEIGHTS,04 TAX CLASS 1 CONDOS,1A,6017,1042,,R3,70 ROLLING HILL GREEN,,10312,1,,1,,,1979,1,R3,10,08/05/2025
5,ARDEN HEIGHTS,04 TAX CLASS 1 CONDOS,1A,6017,1092,,R3,148 ROLLING HILL GREEN,,10312,1,,1,,,1979,1,R3,"565,000",07/11/2025
5,ARDEN HEIGHTS,04 TAX CLASS 1 CONDOS,1A,6017,1103,,R3,178 ROLLING HILL GREEN,,10312,1,,1,,,1979,1,R3,0,07/12/2025
5,ARDEN HEIGHTS,04 TAX CLASS 1 CONDOS,1A,6017,1120,,R3,275 ROLLING HILL GREEN,,10312,1,,1,,,1980,1,R3,0,07/14/2025
5,ARDEN HEIGHTS,04 TAX CLASS 1 CONDOS,1A,6017,1132,,R3,32 SUTTON PLACE,,10312,1,,1,,,1980,1,R3,"660,000",12/15/2025
5,ARDEN HEIGHTS,04 TAX CLASS 1 CONDOS,1A,6017,1137,,R3,309 ROLLING HILL GREEN,,10312,1,,1,,,1980,1,R3,"675,000",11/14/2025
5,ARDEN HEIGHTS,04 TAX CLASS 1 CONDOS,1A,6017,1199,,R3,9 ROLLING HILL GREEN,,10312,1,,1,,,1980,1,R3,"650,000",08/15/2025
5,ARDEN HEIGHTS,04 TAX CLASS 1 CONDOS,1A,6017,1206,,R3,340 ROLLING HILL GREEN,,10312,1,,1,,,1980,1,R3,"640,000",02/26/2026
5,ARDEN HEIGHTS,04 TAX CLASS 1 CONDOS,1A,6017,1221,,R3,378 ROLLING HILL GREEN,,10312,1,,1,,,1980,1,R3,"640,000",09/22/2025
5,ARDEN HEIGHTS,04 TAX CLASS 1 CONDOS,1A,6017,1235,,R3,44 ROLLING HILL GREEN,,10312,1,,1,,,1980,1,R3,10,08/05/2025
5,ARDEN HEIGHTS,04 TAX CLASS 1 CONDOS,1A,6017,4038,,R3,135 RUSSEK DRIVE,,10312,1,,1,,,1981,1,R3,"545,000",02/02/2026
5,ARDEN HEIGHTS,04 TAX CLASS 1 CONDOS,1A,6017,4048,,R3,165 RUSSEK DRIVE,,10312,1,,1,,,1981,1,R3,"625,000",07/02/2025
5,ARDEN HEIGHTS,04 TAX CLASS 1 CONDOS,1A,6017,4066,,R3,162 RUSSEK DRIVE,,10312,1,,1,,,1981,1,R3,0,09/30/2025
5,ARDEN HEIGHTS,04 TAX CLASS 1 CONDOS,1A,6017,4093,,R3,177 RUSSEK DRIVE,,10312,1,,1,,,1981,1,R3,"585,000",01/09/2026
5,ARDEN HEIGHTS,05 TAX CLASS 1 VACANT LAND,1B,5735,156,,V0,N/A WOODROW ROAD,,10312,0,0,0,"3,920",0,,1,V0,0,02/20/2026
5,ARDEN HEIGHTS,05 TAX CLASS 1 VACANT LAND,1,6010,84,,B2,386 ARDEN AVENUE,,10312,2,0,2,"7,048",0,2025,1,V0,"625,000",09/12/2025
5,ARROCHAR,01 ONE FAMILY DWELLINGS,1,3095,14,,A2,169 MAJOR AVENUE,,10305,1,0,1,"5,500","1,255",1950,1,A2,0,11/10/2025
5,ARROCHAR,01 ONE FAMILY DWELLINGS,1,3099,1,,A0,1 MACFARLAND AVENUE,,10305,1,0,1,"10,800","1,767",1970,1,A0,"1,188,000",09/23/2025
5,ARROCHAR,01 ONE FAMILY DWELLINGS,1,3102,48,,A5,47 SAVO LANE,,10305,1,0,1,990,"1,176",1997,1,A5,"643,000",09/30/2025
5,ARROCHAR,01 ONE FAMILY DWELLINGS,1,3105,8,,S1,161 LILY POND AVENUE,,10305,1,1,2,"4,420","2,232",1931,1,S1,10,06/23/2025
5,ARROCHAR,01 ONE FAMILY DWELLINGS,1,3114,41,,A2,22 CONGER STREET,,10305,1,0,1,"4,920",836,1950,1,A2,10,06/12/2025
5,ARROCHAR,01 ONE FAMILY DWELLINGS,1,3114,41,,A2,22 CONGER STREET,,10305,1,0,1,"4,920",836,1950,1,A2,"1,000",12/11/2025
5,ARROCHAR,02 TWO FAMILY DWELLINGS,1,3097,62,,B3,222 MAJOR AVENUE,,10305,2,0,2,"5,000","2,750",1910,1,B3,0,01/20/2026
5,ARROCHAR,02 TWO FAMILY DWELLINGS,1,3099,29,,B3,190 MAJOR AVENUE,,10305,2,0,2,"7,500","2,229",1930,1,B3,0,04/24/2025
5,ARROCHAR,02 TWO FAMILY DWELLINGS,1,3100,48,,B3,8 MACFARLAND AVENUE,,10305,2,0,2,"4,600","1,110",1935,1,B3,0,12/19/2025
5,ARROCHAR,02 TWO FAMILY DWELLINGS,1,3103,26,,B3,4 FLORIDA AVENUE,,10305,2,0,2,"3,472","1,950",1920,1,B3,"428,000",11/21/2025
5,ARROCHAR,02 TWO FAMILY DWELLINGS,1,3103,89,,B9,18 PEBBLE LANE,,10305,2,0,2,"2,400","1,470",1998,1,B9,"860,000",10/10/2025
5,ARROCHAR,02 TWO FAMILY DWELLINGS,1,3105,74,,B1,104 DUER AVENUE,,10305,2,0,2,"5,360","2,016",1899,1,B1,"720,000",12/16/2025
5,ARROCHAR,02 TWO FAMILY DWELLINGS,1,3108,51,,B9,38 ARTHUR AVENUE,,10305,2,0,2,"4,054","1,523",1920,1,B9,"960,000",06/04/2025
5,ARROCHAR,02 TWO FAMILY DWELLINGS,1,3109,101,,B9,37 ARTHUR AVENUE,,10305,2,0,2,"3,520","1,460",2005,1,B9,0,05/07/2025
5,ARROCHAR,02 TWO FAMILY DWELLINGS,1,3113,30,,B9,178 MCCLEAN AVENUE,,10305,2,0,2,"2,100","1,800",1935,1,B9,0,06/24/2025
5,ARROCHAR,02 TWO FAMILY DWELLINGS,1,3113,33,,B3,174 MC CLEAN AVENUE,,10305,2,0,2,"3,200","1,918",1925,1,B3,"925,000",06/02/2025
5,ARROCHAR,02 TWO FAMILY DWELLINGS,1,3113,52,,B2,30 JACKSON AVENUE,,10305,2,0,2,"5,000","2,900",1985,1,B2,0,12/16/2025
5,ARROCHAR,02 TWO FAMILY DWELLINGS,1,3113,57,,B2,36 JACKSON AVENUE,,10305,2,0,2,"4,736","1,800",1960,1,B2,0,09/17/2025
5,ARROCHAR,03 THREE FAMILY DWELLINGS,1,3108,50,,C0,36 ARTHUR AVENUE,,10305,3,0,3,"2,946","1,523",1920,1,C0,"850,000",11/07/2025
5,ARROCHAR,03 THREE FAMILY DWELLINGS,1,3114,20,,C0,158 MCCLEAN AVENUE,,10305,3,0,3,"2,300","1,272",1915,1,C0,"675,000",08/25/2025
5,ARROCHAR,03 THREE FAMILY DWELLINGS,1,3118,38,,C0,23 CEDAR AVENUE,,10305,3,0,3,"6,600","1,748",1930,1,C0,0,10/08/2025
5,ARROCHAR,14 RENTALS - 4-10 UNIT,2A,3108,42,,S9,24 ARTHUR AVENUE,,10305,4,2,6,"6,000","4,663",1931,2,S9,0,12/16/2025
5,ARROCHAR-SHORE ACRES,01 ONE FAMILY DWELLINGS,1,2831,8,,A1,1245 BAY STREET,,10305,1,0,1,"5,150","1,560",1901,1,A1,"590,000",09/16/2025
5,ARROCHAR-SHORE ACRES,01 ONE FAMILY DWELLINGS,1,2831,13,,S1,1235 BAY STREET,,10305,1,1,2,"1,995","2,016",1925,1,S1,0,09/17/2025
5,ARROCHAR-SHORE ACRES,01 ONE FAMILY DWELLINGS,1,2831,162,,A1,45 SCARBORO AVENUE,,10305,1,0,1,"4,500","1,692",1901,1,A1,"930,000",04/30/2025
5,ARROCHAR-SHORE ACRES,01 ONE FAMILY DWELLINGS,1,2832,115,,A1,24 SCARBORO AVENUE,,10305,1,0,1,"2,400","1,864",1989,1,A1,"700,000",12/04/2025
5,ARROCHAR-SHORE ACRES,01 ONE FAMILY DWELLINGS,1,2832,175,,A5,89 NEW LANE,,10305,1,0,1,"1,344","1,480",1994,1,A5,0,09/25/2025
5,ARROCHAR-SHORE ACRES,01 ONE FAMILY DWELLINGS,1,2834,48,,A5,49 CLIFF STREET,,10305,1,0,1,"2,879","2,185",2015,1,A5,0,06/18/2025
5,ARROCHAR-SHORE ACRES,01 ONE FAMILY DWELLINGS,1,2834,54,,A1,61 CLIFF STREET,,10305,1,0,1,"2,500","1,408",1905,1,A1,0,06/18/2025
5,ARROCHAR-SHORE ACRES,01 ONE FAMILY DWELLINGS,1,3066,10,,A1,1477 BAY STREET,,10305,1,0,1,"5,088","1,820",1930,1,A1,0,09/29/2025
5,ARROCHAR-SHORE ACRES,01 ONE FAMILY DWELLINGS,1,3066,24,,A1,1453 BAY STREET,,10305,1,0,1,"4,700","1,872",1930,1,A1,"850,000",09/25/2025
5,ARROCHAR-SHORE ACRES,01 ONE FAMILY DWELLINGS,1,3066,51,,A1,32 HARBOR VIEW PLACE S,,10305,1,0,1,"7,500","1,824",1940,1,A1,0,05/19/2025
5,ARROCHAR-SHORE ACRES,01 ONE FAMILY DWELLINGS,1,3066,71,,A1,55 WADSWORTH ROAD,,10305,1,0,1,"4,361","1,551",1920,1,A1,"885,000",04/14/2025
5,ARROCHAR-SHORE ACRES,01 ONE FAMILY DWELLINGS,1,3066,150,,A1,25 SHORE ACRES ROAD,,10305,1,0,1,"5,000",935,1940,1,A1,"680,000",08/29/2025
5,ARROCHAR-SHORE ACRES,01 ONE FAMILY DWELLINGS,1,3066,250,,A3,51 SEA GATE ROAD,,10305,1,0,1,"18,993","4,650",1925,1,A3,"2,150,000",04/07/2025
5,ARROCHAR-SHORE ACRES,01 ONE FAMILY DWELLINGS,1,3066,260,,A1,77 SEA GATE ROAD,,10305,1,0,1,"6,840","1,600",1935,1,A1,"162,462",01/28/2026
5,ARROCHAR-SHORE ACRES,01 ONE FAMILY DWELLINGS,1,3066,282,,A2,85 WADSWORTH ROAD,,10305,1,0,1,"10,000","2,100",1970,1,A2,0,12/22/2025
5,ARROCHAR-SHORE ACRES,02 TWO FAMILY DWELLINGS,1,2830,27,,B3,56 HYLAN BOULEVARD,,10305,2,0,2,"5,325","1,890",1901,1,B3,0,10/03/2025
5,ARROCHAR-SHORE ACRES,02 TWO FAMILY DWELLINGS,1,2831,25,,B2,82 MARYLAND AVENUE,,10305,2,0,2,"3,016","1,584",1901,1,B2,0,09/30/2025
5,ARROCHAR-SHORE ACRES,02 TWO FAMILY DWELLINGS,1,2831,28,,B2,78 MARYLAND AVENUE,,10305,2,0,2,"4,640","2,628",1901,1,B2,"970,000",04/10/2025
5,ARROCHAR-SHORE ACRES,02 TWO FAMILY DWELLINGS,1,2831,31,,B2,72 MARYLAND AVENUE,,10305,2,0,2,"3,480","2,661",1901,1,B2,"980,000",11/19/2025
5,ARROCHAR-SHORE ACRES,02 TWO FAMILY DWELLINGS,1,2831,126,,B3,65 SCARBORO AVE,,10305,2,0,2,"4,000","1,565",1910,1,B3,"375,000",07/21/2025
5,ARROCHAR-SHORE ACRES,02 TWO FAMILY DWELLINGS,1,2832,54,,B9,18 COURTNEY LOOP,,10305,2,0,2,"4,182","2,232",2012,1,B9,0,12/03/2025
5,ARROCHAR-SHORE ACRES,10 COOPS - ELEVATOR APARTMENTS,2,2833,31,,D4,"20 CLIFF STREET, 2H",,10305,,,,,,1964,2,D4,"270,000",10/15/2025
5,ARROCHAR-SHORE ACRES,10 COOPS - ELEVATOR APARTMENTS,2,2833,31,,D4,"20 CLIFF STREET, 3K",,10305,,,,,,1964,2,D4,"208,500",04/02/2025
5,ARROCHAR-SHORE ACRES,10 COOPS - ELEVATOR APARTMENTS,2,2833,31,,D4,"20 CLIFF STREET, 3R",,10305,,,,,,1964,2,D4,"150,000",07/01/2025
5,ARROCHAR-SHORE ACRES,10 COOPS - ELEVATOR APARTMENTS,2,2833,31,,D4,"20 CLIFF STREET, 4F",,10305,,,,,,1964,2,D4,"262,500",06/16/2025
5,ARROCHAR-SHORE ACRES,10 COOPS - ELEVATOR APARTMENTS,2,2833,31,,D4,"20 CLIFF STREET, 4M",,10305,,,,,,1964,2,D4,"340,000",12/15/2025
5,ARROCHAR-SHORE ACRES,10 COOPS - ELEVATOR APARTMENTS,2,2833,31,,D4,"20 CLIFF STREET, 4P",,10305,,,,,,1964,2,D4,"210,000",10/29/2025
5,ARROCHAR-SHORE ACRES,10 COOPS - ELEVATOR APARTMENTS,2,2833,31,,D4,"20 CLIFF STREET, 5A",,10305,,,,,,1964,2,D4,"220,000",12/11/2025
5,ARROCHAR-SHORE ACRES,10 COOPS - ELEVATOR APARTMENTS,2,2833,31,,D4,"20 CLIFF STREET, 5C",,10305,,,,,,1964,2,D4,"205,000",11/10/2025
5,ARROCHAR-SHORE ACRES,10 COOPS - ELEVATOR APARTMENTS,2,2833,31,,D4,"20 CLIFF STREET, 5F",,10305,,,,,,1964,2,D4,"262,500",06/16/2025
5,ARROCHAR-SHORE ACRES,10 COOPS - ELEVATOR APARTMENTS,2,2833,31,,D4,"20 CLIFF STREET, 6N",,10305,,,,,,1964,2,D4,"350,000",01/07/2026
5,ARROCHAR-SHORE ACRES,10 COOPS - ELEVATOR APARTMENTS,2,2833,31,,D4,"20 CLIFF STREET, 7P",,10305,,,,,,1964,2,D4,20,06/26/2025
5,ARROCHAR-SHORE ACRES,10 COOPS - ELEVATOR APARTMENTS,2,2833,31,,D4,"20 CLIFF STREET, 7R",,10305,,,,,,1964,2,D4,20,06/26/2025
5,ARROCHAR-SHORE ACRES,10 COOPS - ELEVATOR APARTMENTS,2,2833,31,,D4,"20 CLIFF STREET, 8L",,10305,,,,,,1964,2,D4,"299,999",02/04/2026
5,ARROCHAR-SHORE ACRES,10 COOPS - ELEVATOR APARTMENTS,2,2833,31,,D4,"20 CLIFF STREET, 9J",,10305,,,,,,1964,2,D4,10,07/09/2025
5,ARROCHAR-SHORE ACRES,13 CONDOS - ELEVATOR APARTMENTS,2,2832,1042,,R4,"6 NEW LANE, 4C",4C,10305,1,,1,,,1987,2,R4,0,05/14/2025
5,ARROCHAR-SHORE ACRES,13 CONDOS - ELEVATOR APARTMENTS,2,2832,1073,,R4,"6 NEW LANE, 6H",6H,10305,1,,1,,,1987,2,R4,"395,000",05/12/2025
5,ARROCHAR-SHORE ACRES,13 CONDOS - ELEVATOR APARTMENTS,2,2832,1080,,R4,"6 NEW LANE, 7B",7B,10305,1,,1,,,1987,2,R4,"455,000",01/13/2026
5,ARROCHAR-SHORE ACRES,13 CONDOS - ELEVATOR APARTMENTS,2,2832,1100,,R4,"6 NEW LANE, 8I",8I,10305,1,,1,,,1987,2,R4,10,10/10/2025
5,BULLS HEAD,01 ONE FAMILY DWELLINGS,1,1494,126,,A5,410 WILLOW ROAD WEST,,10314,1,0,1,"1,980","1,344",1975,1,A5,"629,000",06/04/2025
5,BULLS HEAD,01 ONE FAMILY DWELLINGS,1,1494,130,,A5,418 WILLOW ROAD WEST,,10314,1,0,1,"1,980","1,344",1975,1,A5,"620,000",10/20/2025
5,BULLS HEAD,01 ONE FAMILY DWELLINGS,1,1498,39,,A1,58 MADISON AVENUE,,10314,1,0,1,"5,040","2,338",1973,1,A1,0,01/23/2026
5,BULLS HEAD,01 ONE FAMILY DWELLINGS,1,1516,25,,A5,564 WEST CASWELL AVENUE,,10314,1,0,1,"1,575","1,260",2003,1,A5,0,11/28/2025
5,BULLS HEAD,01 ONE FAMILY DWELLINGS,1,1517,49,,A6,82 SUMNER AVENUE,,10314,1,0,1,"3,360",680,1910,1,A6,0,12/04/2025
5,BULLS HEAD,01 ONE FAMILY DWELLINGS,1,1560,36,,A5,31 GREENTREE LANE,,10314,1,0,1,"1,254","1,250",1984,1,A5,"560,000",06/02/2025
5,BULLS HEAD,01 ONE FAMILY DWELLINGS,1,1560,144,,A5,18 CALCAGNO COURT,,10314,1,0,1,"1,488","1,272",2005,1,A5,"650,000",04/23/2025
5,BULLS HEAD,01 ONE FAMILY DWELLINGS,1,1574,10,,A2,145 MERRILL AVENUE,,10314,1,0,1,"5,750","1,196",1970,1,A2,0,02/19/2026
5,BULLS HEAD,01 ONE FAMILY DWELLINGS,1,1574,79,,A1,84 GRAHAM AVENUE,,10314,1,0,1,"4,240","1,898",1970,1,A1,0,05/07/2025
5,BULLS HEAD,01 ONE FAMILY DWELLINGS,1,1574,193,,A5,153 COMMERCE STREET,,10314,1,0,1,"2,500","1,248",1970,1,A5,0,12/16/2025
5,BULLS HEAD,01 ONE FAMILY DWELLINGS,1,1576,19,,A1,27 NADAL PLACE,,10314,1,0,1,"4,200","1,908",1970,1,A1,"939,999",04/04/2025
5,BULLS HEAD,01 ONE FAMILY DWELLINGS,1,1576,26,,A5,11 NADAL PLACE,,10314,1,0,1,"3,675","1,440",1970,1,A5,"575,000",09/18/2025
5,BULLS HEAD,01 ONE FAMILY DWELLINGS,1,1576,30,,A1,3 NADAL PLACE,,10314,1,0,1,"4,515","2,122",1970,1,A1,"400,000",08/04/2025
5,BULLS HEAD,01 ONE FAMILY DWELLINGS,1,1582,36,,A5,12 LEGGETT PLACE,,10314,1,0,1,"2,619","1,760",1975,1,A5,"820,000",12/19/2025
5,BULLS HEAD,01 ONE FAMILY DWELLINGS,1,1583,51,,A5,90 RENEE PLACE,,10314,1,0,1,"2,316","1,280",1978,1,A5,0,12/17/2025
5,BULLS HEAD,01 ONE FAMILY DWELLINGS,1,1590,5,,A1,31 FIELDSTONE ROAD,,10314,1,0,1,"4,000","1,788",1970,1,A1,"725,000",11/13/2025
5,BULLS HEAD,01 ONE FAMILY DWELLINGS,1,1590,31,,A5,276 LANDER AVENUE,,10314,1,0,1,"2,400","1,444",1995,1,A5,"760,000",06/27/2025
5,BULLS HEAD,01 ONE FAMILY DWELLINGS,1,1590,39,,A5,264 LANDER AVENUE,,10314,1,0,1,"2,400","1,444",1995,1,A5,"549,855",08/08/2025
5,BULLS HEAD,01 ONE FAMILY DWELLINGS,1,1591,10,,A5,253 LANDER AVENUE,,10314,1,0,1,"1,498","1,280",1994,1,A5,0,11/10/2025
5,BULLS HEAD,01 ONE FAMILY DWELLINGS,1,1591,51,,A5,66 HIRSCH LANE,,10314,1,0,1,"1,314","1,410",1995,1,A5,"641,000",05/23/2025
5,BULLS HEAD,01 ONE FAMILY DWELLINGS,1,1594,65,,A5,38 KIRSHON AVENUE,,10314,1,0,1,"2,500","1,248",1975,1,A5,"635,000",10/22/2025
5,BULLS HEAD,01 ONE FAMILY DWELLINGS,1,1595,111,,A2,40 LANDER AVENUE,,10314,1,0,1,"5,940",840,1950,1,A2,"770,000",02/09/2026
5,BULLS HEAD,01 ONE FAMILY DWELLINGS,1,1595,114,,A2,34 LANDER AVENUE,,10314,1,0,1,"5,580",840,1950,1,A2,0,08/13/2025
5,BULLS HEAD,01 ONE FAMILY DWELLINGS,1,1595,157,,A5,453 HILLMAN AVENUE,,10314,1,0,1,"2,540","1,600",1997,1,A5,0,07/18/2025
5,BULLS HEAD,01 ONE FAMILY DWELLINGS,1,1595,157,,A5,453 HILLMAN AVENUE,,10314,1,0,1,"2,540","1,600",1997,1,A5,"748,000",10/20/2025
5,BULLS HEAD,01 ONE FAMILY DWELLINGS,1,1596,7,,A1,95 LANDER AVENUE,,10314,1,0,1,"6,500","2,277",1950,1,A1,"650,000",12/11/2025
5,BULLS HEAD,01 ONE FAMILY DWELLINGS,1,1596,10,,A2,101 LANDER AVENUE,,10314,1,0,1,"6,000","1,050",1950,1,A2,0,10/07/2025
5,BULLS HEAD,01 ONE FAMILY DWELLINGS,1,1596,44,,A1,134 KIRSHON AVENUE,,10314,1,0,1,"5,800","2,246",1950,1,A1,0,07/07/2025
5,BULLS HEAD,01 ONE FAMILY DWELLINGS,1,1596,44,,A1,134 KIRSHON AVENUE,,10314,1,0,1,"5,800","2,246",1950,1,A1,"860,000",10/06/2025
5,BULLS HEAD,01 ONE FAMILY DWELLINGS,1,1597,47,,A5,361 HILLMAN AVENUE,,10314,1,0,1,"1,800","1,260",1970,1,A5,0,06/18/2025
5,BULLS HEAD,01 ONE FAMILY DWELLINGS,1,1597,57,,A5,333 HILLMAN AVENUE,,10314,1,0,1,"2,600","1,392",1970,1,A5,"660,000",12/09/2025
5,BULLS HEAD,01 ONE FAMILY DWELLINGS,1,1597,66,,A5,297 HILLMAN AVENUE,,10314,1,0,1,"1,854","1,320",1970,1,A5,"580,500",08/12/2025
5,BULLS HEAD,01 ONE FAMILY DWELLINGS,1,1598,22,,A1,201 LANDER AVENUE,,10314,1,0,1,"6,000","2,422",1965,1,A1,0,10/27/2025
5,BULLS HEAD,01 ONE FAMILY DWELLINGS,1,1598,67,,A2,164 KIRSHON AVENUE,,10314,1,0,1,"4,000","2,150",1965,1,A2,"780,000",12/03/2025
5,BULLS HEAD,01 ONE FAMILY DWELLINGS,1,1599,102,,A1,109 FIELDSTONE ROAD,,10314,1,0,1,"4,100","2,166",1970,1,A1,0,10/29/2025
5,BULLS HEAD,01 ONE FAMILY DWELLINGS,1,1600,22,,A5,214 ROMAN AVENUE,,10314,1,0,1,"2,423","1,445",2015,1,A5,"745,000",02/11/2026
5,BULLS HEAD,01 ONE FAMILY DWELLINGS,1,1600,59,,A5,102 ELSON STREET,,10314,1,0,1,"1,379","1,645",2014,1,A5,0,08/16/2025
5,BULLS HEAD,01 ONE FAMILY DWELLINGS,1,1602,22,,A5,143 ROMAN AVENUE,,10314,1,0,1,"3,260","1,484",2015,1,A5,"765,000",07/03/2025
5,BULLS HEAD,01 ONE FAMILY DWELLINGS,1,1602,24,,A5,148 ROMAN AVENUE,,10314,1,0,1,"1,389","1,484",2015,1,A5,"750,000",12/15/2025
5,BULLS HEAD,01 ONE FAMILY DWELLINGS,1,1602,27,,A5,154 ROMAN AVENUE,,10314,1,0,1,"1,384","1,484",2015,1,A5,"748,800",04/17/2025
5,BULLS HEAD,01 ONE FAMILY DWELLINGS,1,1605,97,,A5,140 ROMAN AVENUE,,10314,1,0,1,"2,538","1,304",1965,1,A5,"775,000",07/29/2025
5,BULLS HEAD,01 ONE FAMILY DWELLINGS,1,1610,12,,A5,16 ASTOR AVENUE,,10314,1,0,1,"2,400","1,088",1975,1,A5,"695,000",10/21/2025
5,BULLS HEAD,01 ONE FAMILY DWELLINGS,1,1610,15,,A5,24 ASTOR AVENUE,,10314,1,0,1,"2,410","1,260",1995,1,A5,"730,000",09/12/2025
5,BULLS HEAD,01 ONE FAMILY DWELLINGS,1,1610,18,,A5,30 ASTOR AVENUE,,10314,1,0,1,"2,410","1,260",1995,1,A5,0,08/06/2025
5,BULLS HEAD,01 ONE FAMILY DWELLINGS,1,1610,40,,A2,17 SELDIN AVENUE,,10314,1,0,1,"6,110","1,140",1945,1,A2,0,10/11/2025
5,BULLS HEAD,01 ONE FAMILY DWELLINGS,1,1611,16,,A5,24 GLOBE AVENUE,,10314,1,0,1,"2,019","1,214",1995,1,A5,"738,000",12/22/2025
5,BULLS HEAD,01 ONE FAMILY DWELLINGS,1,1615,52,,A5,59 LEIGH AVENUE,,10314,1,0,1,"2,700","1,768",1985,1,A5,0,05/15/2025
5,BULLS HEAD,01 ONE FAMILY DWELLINGS,1,1616,14,,A5,44 LEIGH AVENUE,,10314,1,0,1,"2,790","1,380",1986,1,A5,0,05/27/2025
5,BULLS HEAD,01 ONE FAMILY DWELLINGS,1,1616,18,,A5,38 LEIGH AVENUE,,10314,1,0,1,"1,350","1,150",1986,1,A5,0,10/03/2025
5,BULLS HEAD,01 ONE FAMILY DWELLINGS,1,1616,48,,A5,88 ELSON STREET,,10314,1,0,1,"1,620","1,800",1986,1,A5,"95,000",06/04/2025
5,BULLS HEAD,01 ONE FAMILY DWELLINGS,1,1616,60,,A5,291 LAMBERTS LANE,,10314,1,0,1,"2,790","1,800",1986,1,A5,0,10/29/2025
5,BULLS HEAD,01 ONE FAMILY DWELLINGS,1,1616,60,,A5,291 LAMBERTS LANE,,10314,1,0,1,"2,790","1,800",1986,1,A5,0,01/08/2026
5,BULLS HEAD,01 ONE FAMILY DWELLINGS,1,1620,23,,A5,39 LONGDALE STREET,,10314,1,0,1,"3,219","1,456",1975,1,A5,"690,000",10/03/2025
5,BULLS HEAD,01 ONE FAMILY DWELLINGS,1,1620,76,,A5,240 FAHY AVENUE,,10314,1,0,1,"2,398","1,125",1975,1,A5,"658,000",12/18/2025
5,BULLS HEAD,01 ONE FAMILY DWELLINGS,1,1621,21,,A5,70 LONGDALE STREET,,10314,1,0,1,"2,500","1,326",1981,1,A5,"640,000",08/12/2025
5,BULLS HEAD,01 ONE FAMILY DWELLINGS,1,1631,8,,A5,23 CASWELL LANE,,10314,1,0,1,"1,620","2,054",1987,1,A5,"495,847",11/17/2025
5,BULLS HEAD,01 ONE FAMILY DWELLINGS,1,1631,27,,A5,53 CASWELL LANE,,10314,1,0,1,"1,620","2,052",1987,1,A5,0,12/08/2025
5,BULLS HEAD,01 ONE FAMILY DWELLINGS,1,1632,67,,A5,54 FAHY AVENUE,,10314,1,0,1,"2,200","1,857",1997,1,A5,0,05/10/2025
5,BULLS HEAD,01 ONE FAMILY DWELLINGS,1,1632,228,,A5,129 GAULDY AVENUE,,10314,1,0,1,"1,944","1,998",1987,1,A5,"680,000",07/24/2025
5,BULLS HEAD,01 ONE FAMILY DWELLINGS,1,1632,257,,A5,33 BRAD LANE,,10314,1,0,1,"1,650","1,500",1997,1,A5,"610,000",01/27/2026
5,BULLS HEAD,01 ONE FAMILY DWELLINGS,1,1642,19,,A5,15 LAMBERT STREET,,10314,1,0,1,"2,200",936,1975,1,A5,"615,000",01/12/2026
5,BULLS HEAD,01 ONE FAMILY DWELLINGS,1,1643,37,,A9,62 COMSTOCK AVENUE,,10314,1,0,1,"2,596","1,472",1970,1,A9,"620,000",01/12/2026
5,BULLS HEAD,01 ONE FAMILY DWELLINGS,1,1643,53,,A9,57 DOMAIN STREET,,10314,1,0,1,"2,400","1,624",1970,1,A9,0,09/08/2025
5,BULLS HEAD,01 ONE FAMILY DWELLINGS,1,1644,12,,A9,48 DOMAIN STREET,,10314,1,0,1,"2,800","1,302",1979,1,A9,0,04/29/2025
5,BULLS HEAD,01 ONE FAMILY DWELLINGS,1,1644,21,,A9,26 DOMAIN ST,,10314,1,0,1,"2,640","1,868",1970,1,A9,0,08/15/2025
5,BULLS HEAD,01 ONE FAMILY DWELLINGS,1,1644,104,,A5,631 GOETHALS ROAD NORTH,,10314,1,0,1,"1,760","1,330",2008,1,A5,"658,888",02/24/2026
5,BULLS HEAD,01 ONE FAMILY DWELLINGS,1,1646,92,,A9,66 JULES DRIVE,,10314,1,0,1,"2,467","1,700",1970,1,A9,"589,000",02/13/2026
5,BULLS HEAD,01 ONE FAMILY DWELLINGS,1,1656,61,,A5,151 REGIS DRIVE,,10314,1,0,1,"2,750","1,439",1975,1,A5,"635,000",11/24/2025
5,BULLS HEAD,01 ONE FAMILY DWELLINGS,1,1657,12,,A5,185 JULES DRIVE,,10314,1,0,1,"2,450","1,502",1950,1,A5,"560,000",08/21/2025
5,BULLS HEAD,01 ONE FAMILY DWELLINGS,1,1657,107,,A5,140 ADA DRIVE,,10314,1,0,1,"2,420","1,232",1970,1,A5,"640,000",07/08/2025
5,BULLS HEAD,01 ONE FAMILY DWELLINGS,1,1670,137,,A5,40 AMITY PLACE,,10303,1,0,1,"2,049","1,200",2013,1,A5,0,09/30/2025
5,BULLS HEAD,01 ONE FAMILY DWELLINGS,1,1670,300,,A5,70 AMADOR STREET,,10303,1,0,1,"2,700","1,320",1970,1,A5,0,10/16/2025
5,BULLS HEAD,01 ONE FAMILY DWELLINGS,1,1670,319,,A5,36 AMADOR STREET,,10303,1,0,1,"2,832","1,376",1975,1,A5,"625,400",05/30/2025
5,BULLS HEAD,01 ONE FAMILY DWELLINGS,1,1670,529,,A5,84 BIRCH ROAD,,10303,1,0,1,"1,900","1,440",1970,1,A5,"618,000",04/07/2025
5,BULLS HEAD,01 ONE FAMILY DWELLINGS,1,1675,31,,A5,84 LUDWIG LANE,,10303,1,0,1,"3,424","1,200",1975,1,A5,0,11/07/2025
5,BULLS HEAD,01 ONE FAMILY DWELLINGS,1,1680,93,,A5,3B LUDWIG LANE,,10303,1,0,1,"1,600","1,800",2000,1,A5,"450,000",06/06/2025
5,BULLS HEAD,01 ONE FAMILY DWELLINGS,1,1680,109,,A5,15 LUDWIG LANE,,10303,1,0,1,"1,960","1,800",2000,1,A5,"585,000",12/02/2025
5,BULLS HEAD,01 ONE FAMILY DWELLINGS,1,1680,120,,A5,33 LUDWIG LANE,,10303,1,0,1,"2,100","2,807",1999,1,A5,"475,500",07/30/2025
5,BULLS HEAD,01 ONE FAMILY DWELLINGS,1,1680,122,,A5,37 LUDWIG LANE,,10303,1,0,1,"2,100","2,807",1999,1,A5,"750,000",12/22/2025
5,BULLS HEAD,01 ONE FAMILY DWELLINGS,1,1680,127,,A5,43 LUDWIG LANE,,10303,1,0,1,"2,670","2,807",1999,1,A5,"600,000",04/03/2025
5,BULLS HEAD,01 ONE FAMILY DWELLINGS,1,1680,140,,A5,65 LUDWIG LANE,,10303,1,0,1,"3,328","1,188",1975,1,A5,"700,000",09/24/2025
5,BULLS HEAD,01 ONE FAMILY DWELLINGS,1,1680,184,,A5,123 AMITY PLACE,,10303,1,0,1,"2,552","1,680",1991,1,A5,"691,500",12/30/2025
5,BULLS HEAD,01 ONE FAMILY DWELLINGS,1,1680,341,,A5,20 BENJAMIN DR,,10303,1,0,1,"1,656","1,595",1993,1,A5,0,05/23/2025
5,BULLS HEAD,01 ONE FAMILY DWELLINGS,1,1681,47,,A5,21 CAROL PLACE,,10303,1,0,1,"1,456","1,324",1988,1,A5,"550,000",12/03/2025
5,BULLS HEAD,01 ONE FAMILY DWELLINGS,1,1681,108,,A5,10 CAROL PLACE,,10303,1,0,1,"3,185","1,595",1988,1,A5,0,12/19/2025
5,BULLS HEAD,01 ONE FAMILY DWELLINGS,1,1681,137,,A5,49 DOREEN DRIVE,,10303,1,0,1,"1,638","1,159",1988,1,A5,"571,500",01/29/2026
5,BULLS HEAD,01 ONE FAMILY DWELLINGS,1,1682,27,,A5,12 DOREEN DRIVE,,10303,1,0,1,"1,305",953,1988,1,A5,"478,000",11/21/2025
5,BULLS HEAD,01 ONE FAMILY DWELLINGS,1,1682,65,,A5,61 ELEANOR PLACE,,10303,1,0,1,"1,566","1,159",1988,1,A5,0,09/26/2025
5,BULLS HEAD,01 ONE FAMILY DWELLINGS,1,1682,92,,A5,38 ELEANOR PLACE,,10303,1,0,1,"3,003","1,159",1988,1,A5,"470,496",01/27/2026
5,BULLS HEAD,01 ONE FAMILY DWELLINGS,1,1682,98,,A5,30 ELEANOR PLACE,,10303,1,0,1,"1,365",953,1988,1,A5,0,06/02/2025
5,BULLS HEAD,01 ONE FAMILY DWELLINGS,1,1682,140,,A5,51 ADRIANNE LANE,,10303,1,0,1,"1,456","1,159",1993,1,A5,"530,400",11/24/2025
5,BULLS HEAD,01 ONE FAMILY DWELLINGS,1,1682,159,,A5,23 BENJAMIN DRIVE,,10303,1,0,1,"1,335","1,324",1988,1,A5,0,08/26/2025
5,BULLS HEAD,01 ONE FAMILY DWELLINGS,1,1700,81,,A5,36 EUNICE PLACE,,10303,1,0,1,"2,005","1,440",2017,1,A5,0,09/29/2025
5,BULLS HEAD,01 ONE FAMILY DWELLINGS,1,1701,104,,A5,16 HEATHER COURT,,10303,1,0,1,"1,349",993,1995,1,A5,0,05/05/2025
5,BULLS HEAD,01 ONE FAMILY DWELLINGS,1,1701,168,,A5,70 EUNICE PLACE,,10303,1,0,1,"2,225","1,000",1996,1,A5,0,02/03/2026
5,BULLS HEAD,01 ONE FAMILY DWELLINGS,1,1702,15,,A5,66 ADRIANNE LANE,,10303,1,0,1,"2,699","1,159",1992,1,A5,"550,000",06/30/2025
5,BULLS HEAD,01 ONE FAMILY DWELLINGS,1,1702,24,,A5,48 ADRIANNE LANE,,10303,1,0,1,"1,271",993,1992,1,A5,"475,000",02/27/2026
5,BULLS HEAD,01 ONE FAMILY DWELLINGS,1,2070,19,,A9,44 CROFT PLACE,,10314,1,0,1,"3,430","1,530",1979,1,A9,0,09/09/2025
5,BULLS HEAD,01 ONE FAMILY DWELLINGS,1,2070,58,,A5,21 ETON PLACE,,10314,1,0,1,"2,400","1,552",1975,1,A5,"640,000",06/12/2025
5,BULLS HEAD,01 ONE FAMILY DWELLINGS,1,2073,29,,A5,65 SAYBROOK STREET,,10314,1,0,1,"2,464","1,440",1980,1,A5,0,05/01/2025
5,BULLS HEAD,01 ONE FAMILY DWELLINGS,1,2073,31,,A5,59 SAYBROOK ST,,10314,1,0,1,"2,380","1,440",1980,1,A5,"680,000",10/16/2025
5,BULLS HEAD,01 ONE FAMILY DWELLINGS,1,2073,66,,A5,14 GOLLER PLACE,,10314,1,0,1,"3,488","1,152",1980,1,A5,"645,000",12/15/2025
5,BULLS HEAD,01 ONE FAMILY DWELLINGS,1,2073,90,,A5,64 GOLLER PLACE,,10314,1,0,1,"2,400","1,552",1980,1,A5,"745,000",05/16/2025
5,BULLS HEAD,01 ONE FAMILY DWELLINGS,1,2153,62,,A1,119 AMSTERDAM AVENUE,,10314,1,0,1,"6,000","2,702",1965,1,A1,"990,000",09/16/2025
5,BULLS HEAD,01 ONE FAMILY DWELLINGS,1,2155,304,,A5,66 FOREST STREET,,10314,1,0,1,"2,295","1,528",1988,1,A5,"725,000",08/06/2025
5,BULLS HEAD,01 ONE FAMILY DWELLINGS,1,2156,92,,A5,43 TIMOTHY COURT,,10314,1,0,1,"1,570","1,950",1997,1,A5,0,07/29/2025
5,BULLS HEAD,01 ONE FAMILY DWELLINGS,1,2158,22,,A1,23 JONES STREET,,10314,1,0,1,"6,840","2,464",1970,1,A1,"910,000",05/02/2025
5,BULLS HEAD,01 ONE FAMILY DWELLINGS,1,2197,50,,A5,94 SIDEVIEW AVENUE,,10314,1,0,1,"2,400","1,584",1975,1,A5,0,10/30/2025
5,BULLS HEAD,01 ONE FAMILY DWELLINGS,1,2197,50,,A5,94 SIDEVIEW AVENUE,,10314,1,0,1,"2,400","1,584",1975,1,A5,0,02/25/2026
5,BULLS HEAD,01 ONE FAMILY DWELLINGS,1,2197,95,,A5,3301 VICTORY BOULEVARD,,10314,1,0,1,"2,925","1,360",1970,1,A5,0,12/08/2025
5,BULLS HEAD,01 ONE FAMILY DWELLINGS,1,2223,52,,A1,176 PAULDING AVENUE,,10314,1,0,1,"3,960","1,536",1970,1,A1,0,11/17/2025
5,BULLS HEAD,01 ONE FAMILY DWELLINGS,1,2230,9,,A1,35 SIDEVIEW AVENUE,,10314,1,0,1,"8,000","2,100",1920,1,A1,0,02/17/2026
5,BULLS HEAD,01 ONE FAMILY DWELLINGS,1,2230,9,,A1,35 SIDEVIEW AVENUE,,10314,1,0,1,"8,000","2,100",1920,1,A1,"899,000",12/09/2025
5,BULLS HEAD,01 ONE FAMILY DWELLINGS,1,2230,19,,A5,55 SIDEVIEW AVENUE,,10314,1,0,1,"2,000","1,830",1996,1,A5,"715,000",01/29/2026
5,BULLS HEAD,01 ONE FAMILY DWELLINGS,1,2231,150,,A5,234 MERRILL AVENUE,,10314,1,0,1,"2,832","1,816",1988,1,A5,0,01/30/2026
5,BULLS HEAD,01 ONE FAMILY DWELLINGS,1,2231,225,,S1,338 ARLENE STREET,,10314,1,1,2,"5,000","2,936",1970,1,S1,0,04/07/2025
5,BULLS HEAD,01 ONE FAMILY DWELLINGS,1,2231,225,,S1,338 ARLENE STREET,,10314,1,1,2,"5,000","2,936",1970,1,S1,"970,000",08/06/2025
5,BULLS HEAD,01 ONE FAMILY DWELLINGS,1,2231,286,,A1,15 BERGLUND AVENUE,,10314,1,0,1,"4,560","2,000",1970,1,A1,0,04/16/2025
5,BULLS HEAD,01 ONE FAMILY DWELLINGS,1,2231,286,,A1,15 BERGLUND AVENUE,,10314,1,0,1,"4,560","2,000",1970,1,A1,"965,000",11/12/2025
5,BULLS HEAD,02 TWO FAMILY DWELLINGS,1,1495,23,,B2,67 DEPPE PLACE,,10314,2,0,2,"4,000","2,036",1970,1,B2,0,08/12/2025
5,BULLS HEAD,02 TWO FAMILY DWELLINGS,1,1497,56,,B2,476 WILLOW ROAD WEST,,10314,2,0,2,"4,830","2,504",1970,1,B2,"980,000",08/28/2025
5,BULLS HEAD,02 TWO FAMILY DWELLINGS,1,1497,86,,B2,51 MADISON AVENUE,,10314,2,0,2,"5,440","2,392",1970,1,B2,0,06/16/2025
5,BULLS HEAD,02 TWO FAMILY DWELLINGS,1,1515,9,,B9,81 SUMNER AVENUE,,10314,2,0,2,"3,373","1,200",1915,1,B9,"630,000",06/09/2025
5,BULLS HEAD,02 TWO FAMILY DWELLINGS,1,1560,143,,B9,56 GARY COURT,,10314,2,0,2,"3,200","2,208",1975,1,B9,"995,000",02/27/2026
5,BULLS HEAD,02 TWO FAMILY DWELLINGS,1,1560,151,,B9,42 GARY COURT,,10314,2,0,2,"3,000","2,024",1975,1,B9,0,04/08/2025
5,BULLS HEAD,02 TWO FAMILY DWELLINGS,1,1574,84,,B2,76 GRAHAM AVENUE,,10314,2,0,2,"4,280","2,056",1970,1,B2,"925,000",08/22/2025
5,BULLS HEAD,02 TWO FAMILY DWELLINGS,1,1574,99,,B2,44 GRAHAM AVE,,10314,2,0,2,"4,428","2,056",1970,1,B2,0,10/29/2025
5,BULLS HEAD,02 TWO FAMILY DWELLINGS,1,1574,136,,B2,39 COMMERCE STREET,,10314,2,0,2,"4,620","1,924",1970,1,B2,"760,000",08/21/2025
5,BULLS HEAD,02 TWO FAMILY DWELLINGS,1,1574,148,,B2,59 COMMERCE STREET,,10314,2,0,2,"4,200","2,056",1970,1,B2,"892,000",04/30/2025
5,BULLS HEAD,02 TWO FAMILY DWELLINGS,1,1575,29,,B2,5 OLIVER PLACE,,10314,2,0,2,"4,410","2,000",1970,1,B2,0,12/17/2025
5,BULLS HEAD,02 TWO FAMILY DWELLINGS,1,1575,40,,B2,112 FIELDSTONE ROAD,,10314,2,0,2,"4,620","2,400",1970,1,B2,"475,000",05/16/2025
5,BULLS HEAD,02 TWO FAMILY DWELLINGS,1,1576,5,,B2,53 NADAL PLACE,,10314,2,0,2,"4,200","2,160",1970,1,B2,0,10/23/2025
5,BULLS HEAD,02 TWO FAMILY DWELLINGS,1,1577,35,,B2,8 NADAL PLACE,,10314,2,0,2,"4,200","1,868",1970,1,B2,"970,000",10/15/2025
5,BULLS HEAD,02 TWO FAMILY DWELLINGS,1,1577,43,,B9,24 NADAL PLACE,,10314,2,0,2,"3,675","2,022",1970,1,B9,"720,000",12/02/2025
5,BULLS HEAD,02 TWO FAMILY DWELLINGS,1,1582,33,,B9,6 LEGGETT PLACE,,10314,2,0,2,"3,300","1,560",1975,1,B9,"990,000",06/18/2025
5,BULLS HEAD,02 TWO FAMILY DWELLINGS,1,1583,5,,B9,47 MORGAN LANE,,10314,2,0,2,"2,585","1,440",1978,1,B9,"745,000",08/22/2025
5,BULLS HEAD,02 TWO FAMILY DWELLINGS,1,1584,46,,B2,40 MORGAN LANE,,10314,2,0,2,"4,278","2,544",1970,1,B2,0,10/27/2025
5,BULLS HEAD,02 TWO FAMILY DWELLINGS,1,1595,169,,B9,421 HILLMAN AVENUE,,10314,2,0,2,"3,000","2,048",1980,1,B9,0,10/09/2025
5,BULLS HEAD,02 TWO FAMILY DWELLINGS,1,1597,119,,B2,297 ARLENE STREET,,10314,2,0,2,"4,000","2,244",1965,1,B2,0,01/19/2026
5,BULLS HEAD,02 TWO FAMILY DWELLINGS,1,1597,127,,B2,281 ARLENE STREET,,10314,2,0,2,"4,000","2,244",1965,1,B2,10,11/26/2025
5,BULLS HEAD,02 TWO FAMILY DWELLINGS,1,1597,127,,B2,281 ARLENE STREET,,10314,2,0,2,"4,000","2,244",1965,1,B2,"880,000",10/03/2025
5,BULLS HEAD,02 TWO FAMILY DWELLINGS,1,1597,131,,B2,273 ARLENE STREET,,10314,2,0,2,"4,000","2,244",1970,1,B2,"970,000",08/06/2025
5,BULLS HEAD,02 TWO FAMILY DWELLINGS,1,1597,135,,B2,265 ARLENE STREET,,10314,2,0,2,"4,000","2,244",1970,1,B2,0,05/05/2025
5,BULLS HEAD,02 TWO FAMILY DWELLINGS,1,1598,2,,B2,161 LANDER AVENUE,,10314,2,0,2,"3,500","2,324",2025,1,B2,"1,349,181",11/21/2025
5,BULLS HEAD,02 TWO FAMILY DWELLINGS,1,1606,17,,B2,147 KIRSHON AVENUE,,10314,2,0,2,"3,216","2,114",2006,1,B2,"990,000",10/20/2025
5,BULLS HEAD,02 TWO FAMILY DWELLINGS,1,1632,106,,B9,112 FAHY AVENUE,,10314,2,0,2,"3,264","2,754",1987,1,B9,"750,000",12/19/2025
5,BULLS HEAD,02 TWO FAMILY DWELLINGS,1,1641,57,,B9,158 JULES DRIVE,,10314,2,0,2,"5,192","2,068",1960,1,B9,0,07/17/2025
5,BULLS HEAD,02 TWO FAMILY DWELLINGS,1,1643,51,,B9,55 DOMAIN STREET,,10314,2,0,2,"3,800","1,824",1970,1,B9,0,07/17/2025
5,BULLS HEAD,02 TWO FAMILY DWELLINGS,1,1644,31,,B9,8 ZECK COURT,,10314,2,0,2,"5,404","1,868",1970,1,B9,"748,000",04/15/2025
5,BULLS HEAD,02 TWO FAMILY DWELLINGS,1,1646,28,,B9,61 COMSTOCK AVENUE,,10314,2,0,2,"3,842","1,700",1970,1,B9,"730,000",12/05/2025
5,BULLS HEAD,02 TWO FAMILY DWELLINGS,1,1654,66,,B9,251 REGIS DRIVE,,10314,2,0,2,"3,225","1,683",1983,1,B9,0,11/24/2025
5,BULLS HEAD,02 TWO FAMILY DWELLINGS,1,1654,67,,B9,253 REGIS DRIVE,,10314,2,0,2,"3,096","1,688",1983,1,B9,0,11/24/2025
5,BULLS HEAD,02 TWO FAMILY DWELLINGS,1,1655,51,,B9,198 REGIS DRIVE,,10314,2,0,2,"3,540","1,912",1974,1,B9,0,01/14/2026
5,BULLS HEAD,02 TWO FAMILY DWELLINGS,1,1657,41,,B9,128 REGIS DRIVE,,10314,2,0,2,"3,600","1,896",1970,1,B9,0,06/25/2025
5,BULLS HEAD,02 TWO FAMILY DWELLINGS,1,1657,82,,B9,95 REGIS DRIVE,,10314,2,0,2,"3,740","1,896",1970,1,B9,"838,000",10/08/2025
5,BULLS HEAD,02 TWO FAMILY DWELLINGS,1,1657,87,,B9,105 REGIS DRIVE,,10314,2,0,2,"3,740","2,049",1970,1,B9,0,11/13/2025
5,BULLS HEAD,02 TWO FAMILY DWELLINGS,1,1657,88,,B9,109 REGIS DRIVE,,10314,2,0,2,"3,740","1,896",1970,1,B9,0,06/12/2025
5,BULLS HEAD,02 TWO FAMILY DWELLINGS,1,1658,128,,B9,227 ADA DRIVE,,10314,2,0,2,"3,973","1,632",1983,1,B9,0,10/07/2025
5,BULLS HEAD,02 TWO FAMILY DWELLINGS,1,1658,133,,B9,235 ADA DRIVE,,10314,2,0,2,"3,944","2,121",1983,1,B9,"850,000",09/19/2025
5,BULLS HEAD,02 TWO FAMILY DWELLINGS,1,1659,17,,B9,60 ADA DRIVE,,10314,2,0,2,"2,750","2,020",1985,1,B9,0,07/01/2025
5,BULLS HEAD,02 TWO FAMILY DWELLINGS,1,1659,23,,B3,52 ADA DRIVE,,10314,2,0,2,"2,750","2,160",1985,1,B3,"705,000",06/04/2025
5,BULLS HEAD,02 TWO FAMILY DWELLINGS,1,1670,3,,B2,629 SOUTH AVENUE,,10303,2,0,2,"4,185","2,416",1975,1,B2,0,07/21/2025
5,BULLS HEAD,02 TWO FAMILY DWELLINGS,1,1670,104,,B2,53 SPARTAN AVENUE,,10303,2,0,2,"3,800","2,400",1980,1,B2,0,12/08/2025
5,BULLS HEAD,02 TWO FAMILY DWELLINGS,1,1670,136,,B9,9 WOODCREST ROAD,,10303,2,0,2,"3,370","2,256",1980,1,B9,0,09/30/2025
5,BULLS HEAD,02 TWO FAMILY DWELLINGS,1,1670,208,,B2,35 AMADOR STREET,,10303,2,0,2,"4,200","2,400",1970,1,B2,0,07/22/2025
5,BULLS HEAD,02 TWO FAMILY DWELLINGS,1,1670,308,,B2,52 AMADOR STREET,,10303,2,0,2,"4,560","1,848",1975,1,B2,"1,015,000",06/16/2025
5,BULLS HEAD,02 TWO FAMILY DWELLINGS,1,1670,519,,B2,62 BIRCH ROAD,,10303,2,0,2,"3,420","2,568",1975,1,B2,"505,000",02/13/2026
5,BULLS HEAD,02 TWO FAMILY DWELLINGS,1,1671,35,,B9,95 BIRCH ROAD,,10303,2,0,2,"2,610","2,256",1973,1,B9,"815,000",10/09/2025
5,BULLS HEAD,02 TWO FAMILY DWELLINGS,1,1673,48,,B2,18 ROSECLIFF ROAD,,10303,2,0,2,"3,240","2,410",1975,1,B2,0,12/17/2025
5,BULLS HEAD,02 TWO FAMILY DWELLINGS,1,1674,37,,B2,36 WOODCREST ROAD,,10303,2,0,2,"3,404","2,118",1970,1,B2,"615,000",12/11/2025
5,BULLS HEAD,02 TWO FAMILY DWELLINGS,1,1674,44,,B2,15 BIRCH ROAD,,10303,2,0,2,"3,330","2,100",1970,1,B2,"996,000",10/22/2025
5,BULLS HEAD,02 TWO FAMILY DWELLINGS,1,1674,72,,B2,18 ALBERT COURT,,10303,2,0,2,"3,240","2,100",1970,1,B2,10,11/25/2025
5,BULLS HEAD,02 TWO FAMILY DWELLINGS,1,1674,72,,B2,18 ALBERT COURT,,10303,2,0,2,"3,240","2,100",1970,1,B2,"600,000",09/24/2025
5,BULLS HEAD,02 TWO FAMILY DWELLINGS,1,1680,95,,B9,5B LUDWIG LANE,,10303,2,0,2,"1,600","1,800",2000,1,B9,"605,000",01/06/2026
5,BULLS HEAD,02 TWO FAMILY DWELLINGS,1,1680,175,,B9,151 AMITY PLACE,,10303,2,0,2,"2,967","1,680",1991,1,B9,"747,000",08/19/2025
5,BULLS HEAD,02 TWO FAMILY DWELLINGS,1,2070,27,,B9,58 CROFT PLACE,,10314,2,0,2,"2,600","1,530",1979,1,B9,0,12/08/2025
5,BULLS HEAD,02 TWO FAMILY DWELLINGS,1,2070,35,,B9,76 CROFT PLACE,,10314,2,0,2,"3,400","1,530",1979,1,B9,"820,000",02/11/2026
5,BULLS HEAD,02 TWO FAMILY DWELLINGS,1,2149,24,,B2,140 DAWSON CIRCLE,,10314,2,0,2,"5,499","2,010",1970,1,B2,"940,000",04/30/2025
5,BULLS HEAD,02 TWO FAMILY DWELLINGS,1,2151,54,,B2,107 DAWSON CIRCLE,,10314,2,0,2,"4,700","2,357",1970,1,B2,"988,000",09/10/2025
5,BULLS HEAD,02 TWO FAMILY DWELLINGS,1,2151,60,,B2,97 DAWSON CIRCLE,,10314,2,0,2,"8,722","2,303",1970,1,B2,0,01/28/2026
5,BULLS HEAD,02 TWO FAMILY DWELLINGS,1,2151,119,,B2,246 AMSTERDAM AVENUE,,10314,2,0,2,"4,500","2,357",1970,1,B2,"1,030,000",08/26/2025
5,BULLS HEAD,02 TWO FAMILY DWELLINGS,1,2153,79,,B2,87 AMSTERDAM AVENUE,,10314,2,0,2,"4,600","2,254",1965,1,B2,0,09/23/2025
5,BULLS HEAD,02 TWO FAMILY DWELLINGS,1,2153,79,,B2,87 AMSTERDAM AVENUE,,10314,2,0,2,"4,600","2,254",1965,1,B2,"1,090,000",12/22/2025
5,BULLS HEAD,02 TWO FAMILY DWELLINGS,1,2154,44,,B2,96 AMSTERDAM AVENUE,,10314,2,0,2,"4,600","2,004",1970,1,B2,"990,000",10/15/2025
5,BULLS HEAD,02 TWO FAMILY DWELLINGS,1,2154,56,,B2,118 AMSTERDAM AVENUE,,10314,2,0,2,"6,000","2,320",1970,1,B2,0,11/06/2025
5,BULLS HEAD,02 TWO FAMILY DWELLINGS,1,2155,48,,B2,86 CARNEGIE AVENUE,,10314,2,0,2,"5,418","1,992",1970,1,B2,0,12/05/2025
5,BULLS HEAD,02 TWO FAMILY DWELLINGS,1,2155,103,,B2,535 ARLENE STREET,,10314,2,0,2,"4,075","1,992",1970,1,B2,"741,275",01/09/2026
5,BULLS HEAD,02 TWO FAMILY DWELLINGS,1,2156,20,,B2,461 ARLENE STREET,,10314,2,0,2,"4,500","2,166",1970,1,B2,"1,050,000",06/30/2025
5,BULLS HEAD,02 TWO FAMILY DWELLINGS,1,2158,39,,B2,18 CLIFTON STREET,,10314,2,0,2,"4,500","2,635",2024,1,B2,"1,252,448",06/12/2025
5,BULLS HEAD,02 TWO FAMILY DWELLINGS,1,2158,40,,B2,16 CLIFTON STREET,,10314,2,0,2,"3,938","2,635",2024,1,B2,"1,257,539",07/31/2025
5,BULLS HEAD,02 TWO FAMILY DWELLINGS,1,2159,21,,B2,41 CLIFTON STREET,,10314,2,0,2,"3,000","2,100",1920,1,B2,"739,900",04/07/2025
5,BULLS HEAD,02 TWO FAMILY DWELLINGS,1,2160,37,,B2,441 ARLENE STREET,,10314,2,0,2,"5,406","2,916",1970,1,B2,"1,150,000",07/18/2025
5,BULLS HEAD,02 TWO FAMILY DWELLINGS,1,2160,46,,B2,437 ARLENE STREET,,10314,2,0,2,"4,410","2,676",1970,1,B2,"940,000",08/21/2025
5,BULLS HEAD,02 TWO FAMILY DWELLINGS,1,2160,48,,B2,433 ARLENE STREET,,10314,2,0,2,"4,410","2,676",1970,1,B2,"980,000",08/29/2025
5,BULLS HEAD,02 TWO FAMILY DWELLINGS,1,2197,128,,B2,284 GRAHAM AVE,,10314,2,0,2,"4,000","2,344",1975,1,B2,0,10/29/2025
5,BULLS HEAD,02 TWO FAMILY DWELLINGS,1,2197,153,,B2,94 NOSTRAND AVENUE,,10314,2,0,2,"4,000","2,344",1975,1,B2,0,12/22/2025
5,BULLS HEAD,02 TWO FAMILY DWELLINGS,1,2197,159,,B2,82 NOSTRAND AVENUE,,10314,2,0,2,"4,000","2,344",1975,1,B2,0,05/19/2025
5,BULLS HEAD,02 TWO FAMILY DWELLINGS,1,2224,15,,B9,125 SIDEVIEW AVENUE,,10314,2,0,2,"3,200","1,700",1975,1,B9,0,09/15/2025
5,BULLS HEAD,02 TWO FAMILY DWELLINGS,1,2229,26,,B2,3 NOSTRAND AVENUE,,10314,2,0,2,"3,280","1,500",1993,1,B2,"989,000",12/17/2025
5,BULLS HEAD,02 TWO FAMILY DWELLINGS,1,2231,23,,B2,137 SOMMER AVENUE,,10314,2,0,2,"3,951","2,114",2024,1,B2,"1,191,353",06/30/2025
5,BULLS HEAD,02 TWO FAMILY DWELLINGS,1,2231,60,,B2,96 PAULDING AVENUE,,10314,2,0,2,"4,355","2,500",1970,1,B2,"1,240,000",12/22/2025
5,BULLS HEAD,02 TWO FAMILY DWELLINGS,1,2231,120,,B2,180 GRAHAM AVENUE,,10314,2,0,2,"4,000","3,024",1975,1,B2,0,06/27/2025
5,BULLS HEAD,02 TWO FAMILY DWELLINGS,1,2231,123,,B2,N/A SOMMER AVENUE,,10314,2,0,2,"4,174","2,114",2024,1,B2,"1,181,170",07/17/2025
5,BULLS HEAD,02 TWO FAMILY DWELLINGS,1,2232,3,,B2,125 PAULDING AVENUE,,10314,2,0,2,"4,100","2,712",1970,1,B2,0,07/15/2025
5,BULLS HEAD,02 TWO FAMILY DWELLINGS,1,2232,7,,B2,133 PAULDING AVENUE,,10314,2,0,2,"4,200","2,380",1970,1,B2,0,01/29/2026
5,BULLS HEAD,02 TWO FAMILY DWELLINGS,1,2232,72,,B2,34 PLANK ROAD,,10314,2,0,2,"4,171","2,460",1970,1,B2,0,07/21/2025
5,BULLS HEAD,02 TWO FAMILY DWELLINGS,1,2233,3,,B2,7 PLANK ROAD,,10314,2,0,2,"4,100","2,400",1970,1,B2,0,02/03/2026
5,BULLS HEAD,03 THREE FAMILY DWELLINGS,1,1557,67,,C0,5 LEONA STREET,,10314,3,0,3,"2,090","2,068",1980,1,C0,"890,000",04/09/2025
5,BULLS HEAD,04 TAX CLASS 1 CONDOS,1A,1489,1002,,R3,42 VEDDER AVENUE,,10314,1,,1,,,1981,1,R3,"485,000",10/23/2025
5,BULLS HEAD,04 TAX CLASS 1 CONDOS,1A,1489,1004,,R3,252 WILLOW ROAD WEST,,10314,1,,1,,,1981,1,R3,"485,000",07/10/2025
5,BULLS HEAD,04 TAX CLASS 1 CONDOS,1A,1489,1150,,R3,7 TIGER COURT,,10314,1,,1,,,1986,1,R3,0,01/27/2026
5,BULLS HEAD,04 TAX CLASS 1 CONDOS,1A,1495,1045,,R3,"16A LEO STREET, 45",45,10314,1,,1,,,1986,1,R3,0,11/18/2025
5,BULLS HEAD,04 TAX CLASS 1 CONDOS,1A,1495,1056,,R3,"31A LEO STREET, 56",56,10314,1,,1,,,1986,1,R3,"510,000",09/25/2025
5,BULLS HEAD,04 TAX CLASS 1 CONDOS,1A,1495,1091,,R3,"35 MELISSA STREET, 91",91,10314,1,,1,,,1986,1,R3,"469,600",06/12/2025
5,BULLS HEAD,04 TAX CLASS 1 CONDOS,1A,1495,1095,,R3,"39 MELISSA STREET, 95",95,10314,1,,1,,,1986,1,R3,"34,000",03/10/2026
5,BULLS HEAD,04 TAX CLASS 1 CONDOS,1A,1495,1107,,R3,22A MARC STREET,,10314,1,,1,,,1986,1,R3,0,12/12/2025
5,BULLS HEAD,04 TAX CLASS 1 CONDOS,1A,1495,1120,,R3,19A MARC STREET,,10314,1,,1,,,1986,1,R3,"425,250",04/23/2025
5,BULLS HEAD,04 TAX CLASS 1 CONDOS,1A,1495,1126,,R3,33A MARC STREET,,10314,1,,1,,,1986,1,R3,0,07/25/2025
5,BULLS HEAD,04 TAX CLASS 1 CONDOS,1A,1495,1151,,R3,29 ANITA STREET,,10314,1,,1,,,1986,1,R3,0,05/08/2025
5,BULLS HEAD,04 TAX CLASS 1 CONDOS,1A,1548,1017,,R3,"74 DEBBIE STREET, 8A",8A,10314,1,,1,,,1989,1,R3,0,12/22/2025
5,BULLS HEAD,04 TAX CLASS 1 CONDOS,1A,1548,1039,,R3,"15 JENNIFER LANE, 19A",19A,10314,1,,1,,,1989,1,R3,0,09/11/2025
5,BULLS HEAD,04 TAX CLASS 1 CONDOS,1A,1548,1039,,R3,"15 JENNIFER LANE, 19A",19A,10314,1,,1,,,1989,1,R3,0,11/02/2025
5,BULLS HEAD,04 TAX CLASS 1 CONDOS,1A,1552,1015,,R3,40 PARKVIEW LOOP,,10314,1,,1,,,1980,1,R3,"530,000",10/28/2025
5,BULLS HEAD,04 TAX CLASS 1 CONDOS,1A,1552,1025,,R3,66 PARKVIEW LOOP,,10314,1,,1,,,1980,1,R3,0,05/05/2025
5,BULLS HEAD,04 TAX CLASS 1 CONDOS,1A,1552,1041,,R3,17 PARKVIEW LOOP,,10314,1,,1,,,1980,1,R3,"600,000",01/06/2026
5,BULLS HEAD,04 TAX CLASS 1 CONDOS,1A,1552,1085,,R3,"132 PARKVIEW LOOP, 85",,10314,1,,1,,,1980,1,R3,"399,000",02/03/2026
5,BULLS HEAD,04 TAX CLASS 1 CONDOS,1A,1552,1086,,R3,126 PARKVIEW LOOP,,10314,1,,1,,,1980,1,R3,"413,000",08/21/2025
5,BULLS HEAD,04 TAX CLASS 1 CONDOS,1A,1552,1108,,R3,167 PARKVIEW LOOP,,10314,1,,1,,,1980,1,R3,"428,000",06/19/2025
5,BULLS HEAD,04 TAX CLASS 1 CONDOS,1A,1552,1130,,R3,193 PARKVIEW LOOP,,10314,1,,1,,,1980,1,R3,0,09/25/2025
5,BULLS HEAD,04 TAX CLASS 1 CONDOS,1A,1644,1001,,R3,6 JULES DRIVE,,10314,1,,1,,,1983,1,R3,"490,000",09/08/2025
5,BULLS HEAD,04 TAX CLASS 1 CONDOS,1A,1644,1009,,R3,18 JULES DRIVE,,10314,1,,1,,,1984,1,R3,"510,000",04/30/2025
5,BULLS HEAD,04 TAX CLASS 1 CONDOS,1A,1651,1023,,R3,"50 REGAL WALK, 23",23,10303,1,,1,,,1988,1,R3,"550,000",01/21/2026
5,BULLS HEAD,04 TAX CLASS 1 CONDOS,1A,1651,1032,,R3,"81 WOLKOFF LANE, 32",32,10303,1,,1,,,1988,1,R3,0,09/10/2025
5,BULLS HEAD,04 TAX CLASS 1 CONDOS,1A,1651,1038,,R3,"49 WOLKOFF LANE, 38",38,10303,1,,1,,,1988,1,R3,"590,000",07/29/2025
5,BULLS HEAD,04 TAX CLASS 1 CONDOS,1A,1651,1048,,R3,"68 REGAL WALK, 48",48,10303,1,,1,,,1988,1,R3,"608,400",06/27/2025
5,BULLS HEAD,04 TAX CLASS 1 CONDOS,1A,1651,1061,,R3,"54 FARRAGUT AVENUE, 61",61,10303,1,,1,,,1988,1,R3,"368,000",04/04/2025
5,BULLS HEAD,04 TAX CLASS 1 CONDOS,1A,1651,1087,,R3,"85 REGAL WALK, 100",100,10303,1,,1,,,1988,1,R3,"540,000",11/07/2025
5,BULLS HEAD,04 TAX CLASS 1 CONDOS,1A,1651,1123,,R3,963 GOETHALS ROAD NORTH,,10303,1,,1,,,1988,1,R3,"446,160",01/05/2026
5,BULLS HEAD,04 TAX CLASS 1 CONDOS,1A,1651,1128,,R3,47 REGAL WALK,,10303,1,,1,,,1988,1,R3,"349,755",05/05/2025
5,BULLS HEAD,04 TAX CLASS 1 CONDOS,1A,1651,1128,,R3,47 REGAL WALK,,10303,1,,1,,,1988,1,R3,"622,000",02/20/2026
5,BULLS HEAD,04 TAX CLASS 1 CONDOS,1A,1651,1140,,R3,"977 GOETHALS ROAD NORTH, 153",153,10303,1,,1,,,1988,1,R3,"580,000",09/22/2025
5,BULLS HEAD,04 TAX CLASS 1 CONDOS,1A,1659,1036,,R3,46 ADA DRIVE,36,10314,1,,1,,,1983,1,R3,0,11/10/2025
5,BULLS HEAD,04 TAX CLASS 1 CONDOS,1A,1659,1047,,R3,"8 ADA DRIVE, 47",47,10314,1,,1,,,1983,1,R3,0,04/04/2025
5,BULLS HEAD,04 TAX CLASS 1 CONDOS,1A,1659,1072,,R3,"34 REGIS DRIVE, 72",72,10314,1,,1,,,1983,1,R3,"440,000",11/25/2025
5,BULLS HEAD,04 TAX CLASS 1 CONDOS,1A,1659,1076,,R3,"30 REGIS DRIVE, 76",76,10314,1,,1,,,1983,1,R3,"510,000",09/23/2025
5,BULLS HEAD,04 TAX CLASS 1 CONDOS,1A,1659,1083,,R3,"11 JULES DRIVE, 83",83,10314,1,,1,,,1983,1,R3,"550,000",04/30/2025
5,BULLS HEAD,04 TAX CLASS 1 CONDOS,1A,1668,1001,,R3,66A WOLKOFF LANE,,10303,1,,1,,,1985,1,R3,0,02/11/2026
5,BULLS HEAD,04 TAX CLASS 1 CONDOS,1A,1668,1008,,R3,64 WOLKOFF LANE,,10303,1,,1,,,1983,1,R3,"355,000",08/15/2025
5,BULLS HEAD,04 TAX CLASS 1 CONDOS,1A,1668,1027,,R3,492 LISK AVENUE,,10303,1,,1,,,1983,1,R3,"425,000",05/13/2025
5,BULLS HEAD,04 TAX CLASS 1 CONDOS,1A,1668,1035,,R3,496A LISK AVENUE,,10303,1,,1,,,1983,1,R3,0,08/29/2025
5,BULLS HEAD,04 TAX CLASS 1 CONDOS,1A,1668,1069,,R3,93A SELVIN LOOP,,10303,1,,1,,,1983,1,R3,"455,000",04/22/2025
5,BULLS HEAD,04 TAX CLASS 1 CONDOS,1A,1668,1079,,R3,"91 SELVIN LOOP, 127",,10303,1,,1,,,1983,1,R3,"480,000",07/08/2025
5,BULLS HEAD,04 TAX CLASS 1 CONDOS,1A,1668,1084,,R3,"81 SELVIN LOOP, 132",,10303,1,,1,,,1983,1,R3,"490,000",01/21/2026
5,BULLS HEAD,04 TAX CLASS 1 CONDOS,1A,1668,1117,,R3,"94 WOLKOFF LANE, 21",21,10303,1,,1,,,1985,1,R3,"227,895",04/22/2025
5,BULLS HEAD,04 TAX CLASS 1 CONDOS,1A,1668,1117,,R3,"94 WOLKOFF LANE, 21",21,10303,1,,1,,,1985,1,R3,"335,000",07/08/2025
5,BULLS HEAD,04 TAX CLASS 1 CONDOS,1A,1668,1117,,R3,"94 WOLKOFF LANE, 21",21,10303,1,,1,,,1985,1,R3,"445,000",11/21/2025
5,BULLS HEAD,04 TAX CLASS 1 CONDOS,1A,1668,1184,,R3,416 LISK AVENUE,,10303,1,,1,,,1985,1,R3,0,11/10/2025
5,BULLS HEAD,04 TAX CLASS 1 CONDOS,1A,1691,1002,,R3,"266A BRUCKNER AVENUE, 266A",266A,10303,1,,1,,,1990,1,R3,0,08/25/2025
5,BULLS HEAD,04 TAX CLASS 1 CONDOS,1A,1691,1020,,R3,232A BRUCKNER AVENUE,232A,10303,1,,1,,,1990,1,R3,0,09/04/2025
5,BULLS HEAD,04 TAX CLASS 1 CONDOS,1A,1692,1104,,R3,"271A BRUCKNER AVENUE, 271A",271A,10303,1,,1,,,1990,1,R3,"388,000",06/05/2025
5,BULLS HEAD,04 TAX CLASS 1 CONDOS,1A,1692,1111,,R3,"251 BRUCKNER AVENUE, 251",251,10303,1,,1,,,1990,1,R3,0,05/02/2025
5,BULLS HEAD,04 TAX CLASS 1 CONDOS,1A,2153,1016,,R3,17C SIGNS ROAD,,10314,1,,1,,,1977,1,R3,0,11/07/2025
5,BULLS HEAD,21 OFFICE BUILDINGS,4,1560,1,,O7,1659 RICHMOND AVENUE,,10314,0,1,1,"11,440","2,560",1931,4,O7,"2,200,000",12/23/2025
5,BULLS HEAD,21 OFFICE BUILDINGS,4,2070,6,,O8,1775 RICHMOND AVE,,10314,1,1,2,"2,600","1,512",1988,4,O8,"545,900",02/05/2026
5,BULLS HEAD,21 OFFICE BUILDINGS,4,2070,6,,O8,1775 RICHMOND AVENUE,,10314,1,1,2,"2,600","1,512",1988,4,O8,"471,880",09/02/2025
5,BULLS HEAD,22 STORE BUILDINGS,4,1516,8,,K9,572 WEST CASWELL AVENUE,,10314,0,1,1,"14,574",570,1931,4,K9,0,04/02/2025
5,BULLS HEAD,22 STORE BUILDINGS,4,1685,88,,K1,2230 FOREST AVENUE,,10303,0,1,1,"10,000","1,974",2004,4,K1,"1,775,000",08/05/2025
5,BULLS HEAD,29 COMMERCIAL GARAGES,4,2159,10,,G2,3118 VICTORY BOULEVARD,,10314,0,1,1,"9,600","3,760",1931,4,G2,"2,000,000",11/06/2025
5,BULLS HEAD,31 COMMERCIAL VACANT LAND,4,1544,24,,V1,N/A CHRISTOPHER LANE,,10314,0,0,0,"3,821",0,,4,V1,"6,000,000",11/10/2025
5,BULLS HEAD,31 COMMERCIAL VACANT LAND,4,1544,30,,V1,N/A RICHMOND AVENUE,,10314,0,0,0,"5,822",0,,4,V1,"6,000,000",11/10/2025
5,BULLS HEAD,31 COMMERCIAL VACANT LAND,4,1706,21,,V1,1816 FOREST AVENUE,,10303,0,0,0,"18,300",0,,4,V1,"1,400,000",10/24/2025
5,BULLS HEAD,32 HOSPITAL AND HEALTH FACILITIES,4,1544,25,,I7,1415 RICHMOND AVENUE,,10314,0,1,1,"84,528","108,981",1975,4,I7,"6,000,000",11/10/2025
5,CASTLETON CORNERS,01 ONE FAMILY DWELLINGS,1,315,16,,A2,7 DORE COURT,,10310,1,0,1,"6,400","1,144",1955,1,A2,0,06/13/2025
5,CASTLETON CORNERS,01 ONE FAMILY DWELLINGS,1,315,16,,A2,7 DORE COURT,,10310,1,0,1,"6,400","1,144",1955,1,A2,"900,000",11/17/2025
5,CASTLETON CORNERS,01 ONE FAMILY DWELLINGS,1,315,19,,A2,81 MANOR ROAD,,10310,1,0,1,"6,400","1,056",1955,1,A2,"875,000",09/18/2025
5,CASTLETON CORNERS,01 ONE FAMILY DWELLINGS,1,317,78,,A1,801 CURTIS AVENUE,,10310,1,0,1,"5,000","1,522",1925,1,A1,"795,000",09/10/2025
5,CASTLETON CORNERS,01 ONE FAMILY DWELLINGS,1,321,240,,A2,31 KINGSLEY AVENUE,,10314,1,0,1,"4,000",984,1955,1,A2,0,05/19/2025
5,CASTLETON CORNERS,01 ONE FAMILY DWELLINGS,1,332,150,,A1,2 FAIRVIEW AVENUE,,10314,1,0,1,"3,375","1,116",1925,1,A1,"700,000",10/27/2025
5,CASTLETON CORNERS,01 ONE FAMILY DWELLINGS,1,332,196,,A1,189 DRAKE AVENUE,,10314,1,0,1,"2,100","1,168",1920,1,A1,0,01/08/2026
5,CASTLETON CORNERS,01 ONE FAMILY DWELLINGS,1,335,20,,A1,126 SLOSSON AVENUE,,10314,1,0,1,"4,615","1,500",1930,1,A1,"849,999",12/01/2025
5,CASTLETON CORNERS,01 ONE FAMILY DWELLINGS,1,336,6,,A1,181 UTTER AVENUE,,10314,1,0,1,"4,000","1,108",1940,1,A1,0,09/01/2025
5,CASTLETON CORNERS,01 ONE FAMILY DWELLINGS,1,336,11,,A1,185 UTTER AVENUE,,10314,1,0,1,"4,000","1,360",1940,1,A1,"645,000",10/28/2025
5,CASTLETON CORNERS,01 ONE FAMILY DWELLINGS,1,337,42,,A1,204 UTTER AVENUE,,10314,1,0,1,"4,000","1,424",1920,1,A1,"700,000",10/29/2025
5,CASTLETON CORNERS,01 ONE FAMILY DWELLINGS,1,337,56,,A1,190 UTTER AVENUE,,10314,1,0,1,"4,000","1,432",1920,1,A1,"770,000",05/21/2025
5,CASTLETON CORNERS,01 ONE FAMILY DWELLINGS,1,338,40,,A1,254 RICE AVENUE,,10314,1,0,1,"4,000","1,376",1920,1,A1,"700,000",11/07/2025
5,CASTLETON CORNERS,01 ONE FAMILY DWELLINGS,1,338,64,,A0,186 RICE AVENUE,,10314,1,0,1,"3,900","1,248",1955,1,A0,0,04/08/2025
5,CASTLETON CORNERS,01 ONE FAMILY DWELLINGS,1,339,29,,A1,267 UTTER AVENUE,,10314,1,0,1,"4,000","1,088",1930,1,A1,1,12/04/2025
5,CASTLETON CORNERS,01 ONE FAMILY DWELLINGS,1,340,19,,A1,262 UTTER AVENUE,,10314,1,0,1,"4,000","1,002",1925,1,A1,"695,000",09/17/2025
5,CASTLETON CORNERS,01 ONE FAMILY DWELLINGS,1,342,14,,A1,125 FAIRVIEW AVENUE,,10314,1,0,1,"6,500","1,650",1935,1,A1,"925,000",10/27/2025
5,CASTLETON CORNERS,01 ONE FAMILY DWELLINGS,1,342,51,,A1,174 SLOSSON AVENUE,,10314,1,0,1,"4,230","1,125",1920,1,A1,0,08/12/2025
5,CASTLETON CORNERS,01 ONE FAMILY DWELLINGS,1,342,70,,A1,93 KNOX PLACE,,10314,1,0,1,"4,000","1,350",1920,1,A1,0,08/21/2025
5,CASTLETON CORNERS,01 ONE FAMILY DWELLINGS,1,343,11,,A1,100 KNOX PLACE,,10314,1,0,1,"4,000","1,928",1950,1,A1,"1,524,000",11/25/2025
5,CASTLETON CORNERS,01 ONE FAMILY DWELLINGS,1,344,8,,A1,195 FAIRVIEW AVENUE,,10314,1,0,1,"5,000","1,460",1930,1,A1,"820,000",06/25/2025
5,CASTLETON CORNERS,01 ONE FAMILY DWELLINGS,1,344,25,,A1,242 SLOSSON AVENUE,,10314,1,0,1,"6,480","1,340",1925,1,A1,"680,000",02/27/2026
5,CASTLETON CORNERS,01 ONE FAMILY DWELLINGS,1,346,69,,A1,222 POTTER AVENUE,,10314,1,0,1,"6,500","2,176",1920,1,A1,0,06/06/2025
5,CASTLETON CORNERS,01 ONE FAMILY DWELLINGS,1,346,82,,A1,200 POTTER AVENUE,,10314,1,0,1,"4,000","1,640",1925,1,A1,"1,050,000",07/25/2025
5,CASTLETON CORNERS,01 ONE FAMILY DWELLINGS,1,346,95,,A2,106 FAIRVIEW AVENUE,,10314,1,0,1,"6,600",816,1950,1,A2,"732,000",04/25/2025
5,CASTLETON CORNERS,01 ONE FAMILY DWELLINGS,1,346,263,,A2,119 STURGES STREET,,10314,1,0,1,"4,400",960,1950,1,A2,"635,000",04/25/2025
5,CASTLETON CORNERS,01 ONE FAMILY DWELLINGS,1,346,359,,A0,67 GOVERNOR ROAD,,10314,1,0,1,"4,600","1,200",1950,1,A0,"825,000",05/19/2025
5,CASTLETON CORNERS,01 ONE FAMILY DWELLINGS,1,351,44,,A1,60 MANOR ROAD,,10310,1,0,1,"9,260","3,407",1915,1,A1,0,05/07/2025
5,CASTLETON CORNERS,01 ONE FAMILY DWELLINGS,1,353,41,,A5,200E DUBOIS AVENUE,,10310,1,0,1,"1,996","1,200",2014,1,A5,0,12/17/2025
5,CASTLETON CORNERS,01 ONE FAMILY DWELLINGS,1,354,169,,A5,34 ZACHARY COURT,,10310,1,0,1,"1,008","1,720",1989,1,A5,"455,500",06/27/2025
5,CASTLETON CORNERS,01 ONE FAMILY DWELLINGS,1,354,206,,A5,200 LLEWELLYN PLACE,,10310,1,0,1,"3,080","2,040",1996,1,A5,"790,000",02/19/2026
5,CASTLETON CORNERS,01 ONE FAMILY DWELLINGS,1,355,158,,A1,531 JEWETT AVENUE,,10302,1,0,1,"4,756","1,832",1960,1,A1,"770,000",06/30/2025
5,CASTLETON CORNERS,01 ONE FAMILY DWELLINGS,1,355,184,,A1,230 EGBERT AVENUE,,10310,1,0,1,"4,250","1,720",1940,1,A1,"675,000",04/03/2025
5,CASTLETON CORNERS,01 ONE FAMILY DWELLINGS,1,355,280,,A1,161 RAVENHURST AVENUE,,10310,1,0,1,"4,510","1,925",1960,1,A1,"880,000",10/02/2025
5,CASTLETON CORNERS,01 ONE FAMILY DWELLINGS,1,356,158,,A1,127 BENEDICT AVENUE,,10314,1,0,1,"5,000","1,750",1960,1,A1,0,08/01/2025
5,CASTLETON CORNERS,01 ONE FAMILY DWELLINGS,1,356,188,,A2,194 BENEDICT AVENUE,,10314,1,0,1,"5,680","1,764",1970,1,A2,0,08/22/2025
5,CASTLETON CORNERS,01 ONE FAMILY DWELLINGS,1,356,194,,A1,182 BENEDICT AVENUE,,10314,1,0,1,"5,680","2,800",1970,1,A1,"1,435,000",11/07/2025
5,CASTLETON CORNERS,01 ONE FAMILY DWELLINGS,1,356,433,,A2,183 BENEDICT AVENUE,,10314,1,0,1,"5,000","1,340",1970,1,A2,"805,000",09/17/2025
5,CASTLETON CORNERS,01 ONE FAMILY DWELLINGS,1,356,446,,A2,110 MUNDY AVENUE,,10310,1,0,1,"4,208","1,981",1970,1,A2,0,07/25/2025
5,CASTLETON CORNERS,01 ONE FAMILY DWELLINGS,1,358,44,,A1,269 COLLEGE AVENUE,,10314,1,0,1,"7,200","2,424",1905,1,A1,"1,260,000",06/23/2025
5,CASTLETON CORNERS,01 ONE FAMILY DWELLINGS,1,361,7,,A1,73 NEW YORK PLACE,,10314,1,0,1,"3,600","1,848",1920,1,A1,0,05/23/2025
5,CASTLETON CORNERS,01 ONE FAMILY DWELLINGS,1,362,46,,A1,145 MAINE AVENUE,,10314,1,0,1,"3,600","1,348",1915,1,A1,"875,000",04/07/2025
5,CASTLETON CORNERS,01 ONE FAMILY DWELLINGS,1,363,5,,A1,138 KINGSLEY AVENUE,,10314,1,0,1,"3,600","1,586",1965,1,A1,"844,400",12/04/2025
5,CASTLETON CORNERS,01 ONE FAMILY DWELLINGS,1,363,32,,A1,115 COLLEGE AVENUE,,10314,1,0,1,"3,600","1,312",1920,1,A1,0,03/04/2026
5,CASTLETON CORNERS,01 ONE FAMILY DWELLINGS,1,364,52,,A1,132 COLLEGE AVENUE,,10314,1,0,1,"4,000","2,050",1945,1,A1,0,08/28/2025
5,CASTLETON CORNERS,01 ONE FAMILY DWELLINGS,1,364,86,,A1,15 MAINE AVENUE,,10314,1,0,1,"3,480","1,456",1920,1,A1,0,02/25/2026
5,CASTLETON CORNERS,01 ONE FAMILY DWELLINGS,1,364,88,,A1,11 DELAWARE PLACE,,10314,1,0,1,"4,505","2,046",1975,1,A1,"742,304",11/14/2025
5,CASTLETON CORNERS,01 ONE FAMILY DWELLINGS,1,364,109,,A1,39 MAINE AVENUE,,10314,1,0,1,"2,940","1,260",1920,1,A1,0,10/27/2025
5,CASTLETON CORNERS,01 ONE FAMILY DWELLINGS,1,365,92,,A1,174 SOUTH GREENLEAF,,10314,1,0,1,"2,520","1,024",1925,1,A1,0,11/21/2025
5,CASTLETON CORNERS,01 ONE FAMILY DWELLINGS,1,365,179,,A1,45 MERRIMAN AVENUE,,10314,1,0,1,"2,444","1,088",1920,1,A1,"659,000",01/22/2026
5,CASTLETON CORNERS,01 ONE FAMILY DWELLINGS,1,366,21,,A1,62 CONSTANT AVENUE,,10314,1,0,1,"3,800","1,392",1920,1,A1,0,06/12/2025
5,CASTLETON CORNERS,01 ONE FAMILY DWELLINGS,1,366,97,,A0,19 MARGARETTA COURT,,10314,1,0,1,"6,000","1,036",1955,1,A0,"870,000",06/30/2025
5,CASTLETON CORNERS,01 ONE FAMILY DWELLINGS,1,366,137,,A2,81 WESTCOTT BOULEVARD,,10314,1,0,1,"6,100",920,1955,1,A2,"800,000",02/04/2026
5,CASTLETON CORNERS,01 ONE FAMILY DWELLINGS,1B,367,23,,V0,396 MANOR ROAD,,10314,0,0,0,"17,415",0,1940,1,A1,"850,000",07/11/2025
5,CASTLETON CORNERS,01 ONE FAMILY DWELLINGS,1,368,24,,A1,30 SAWYER AVENUE,,10314,1,0,1,"5,000","2,552",1950,1,A0,"540,000",08/28/2025
5,CASTLETON CORNERS,01 ONE FAMILY DWELLINGS,1,368,89,,A0,79 GOODWIN AVENUE,,10314,1,0,1,"6,060","1,155",1940,1,A0,"878,000",09/04/2025
5,CASTLETON CORNERS,01 ONE FAMILY DWELLINGS,1,368,116,,A0,36 SAWYER AVENUE,,10314,1,0,1,"5,000","1,126",1950,1,A0,"631,000",11/18/2025
5,CASTLETON CORNERS,01 ONE FAMILY DWELLINGS,1,369,102,,A1,56 GOODWIN AVENUE,,10314,1,0,1,"4,800","1,536",1950,1,A1,"825,000",10/09/2025
5,CASTLETON CORNERS,01 ONE FAMILY DWELLINGS,1,370,108,,A0,11 RAYMOND AVENUE,,10314,1,0,1,"4,650","1,462",1945,1,A0,0,10/16/2025
5,CASTLETON CORNERS,01 ONE FAMILY DWELLINGS,1,373,85,,A5,28 COALE AVENUE,,10314,1,0,1,"2,000",880,1950,1,A5,"528,000",04/08/2025
5,CASTLETON CORNERS,01 ONE FAMILY DWELLINGS,1,373,86,,A5,26 COALE AVENUE,,10314,1,0,1,"2,000",880,1950,1,A5,0,05/06/2025
5,CASTLETON CORNERS,01 ONE FAMILY DWELLINGS,1,373,98,,A5,4 COALE AVENUE,,10314,1,0,1,"2,000",880,1950,1,A5,"490,000",05/06/2025
5,CASTLETON CORNERS,01 ONE FAMILY DWELLINGS,1,373,113,,A5,25 COALE AVENUE,,10314,1,0,1,"2,000",960,1950,1,A5,"535,000",01/13/2026
5,CASTLETON CORNERS,01 ONE FAMILY DWELLINGS,1,373,163,,A5,95 CHANDLER AVENUE,,10314,1,0,1,"2,000",880,1940,1,A5,"375,000",11/24/2025
5,CASTLETON CORNERS,01 ONE FAMILY DWELLINGS,1,373,179,,A5,82 KEMBALL AVE,,10314,1,0,1,"3,000",880,1940,1,A5,"343,000",02/19/2026
5,CASTLETON CORNERS,01 ONE FAMILY DWELLINGS,1,373,250,,A0,111 CHANDLER AVENUE,,10314,1,0,1,"5,050","1,350",1955,1,A0,"300,000",11/06/2025
5,CASTLETON CORNERS,01 ONE FAMILY DWELLINGS,1,374,148,,A1,45 WESTCOTT BOULEVARD,,10314,1,0,1,"3,000","1,368",1925,1,A1,10,10/30/2025
5,CASTLETON CORNERS,01 ONE FAMILY DWELLINGS,1,374,157,,A0,99 CONSTANT AVENUE,,10314,1,0,1,"3,800","1,136",1945,1,A0,0,11/18/2025
5,CASTLETON CORNERS,01 ONE FAMILY DWELLINGS,1,374,157,,A0,99 CONSTANT AVENUE,,10314,1,0,1,"3,800","1,136",1945,1,A0,"240,445",09/25/2025
5,CASTLETON CORNERS,01 ONE FAMILY DWELLINGS,1,374,281,,A1,14 WESTCOTT BOULEVARD,,10314,1,0,1,"5,000","1,404",1910,1,A1,0,10/16/2025
5,CASTLETON CORNERS,01 ONE FAMILY DWELLINGS,1,376,159,,A1,111 MARGARETTA COURT,,10314,1,0,1,"4,000","1,520",1935,1,A1,"800,000",07/28/2025
5,CASTLETON CORNERS,01 ONE FAMILY DWELLINGS,1,376,194,,A1,174 KEIBER COURT,,10314,1,0,1,"4,000","1,625",1925,1,A1,"730,000",05/30/2025
5,CASTLETON CORNERS,01 ONE FAMILY DWELLINGS,1,376,214,,A1,171 KEIBER COURT,,10314,1,0,1,"4,000","1,737",1935,1,A1,"830,000",07/03/2025
5,CASTLETON CORNERS,01 ONE FAMILY DWELLINGS,1,376,241,,A0,184 CONSTANT AVENUE,,10314,1,0,1,"4,500","1,607",1941,1,A0,"625,000",07/21/2025
5,CASTLETON CORNERS,01 ONE FAMILY DWELLINGS,1,376,263,,A1,140 CONSTANT AVENUE,,10314,1,0,1,"4,040","1,887",1950,1,A1,"1,050,000",02/12/2026
5,CASTLETON CORNERS,01 ONE FAMILY DWELLINGS,1,377,168,,A1,174 KEMBALL AVENUE,,10314,1,0,1,"6,400","2,750",1935,1,A1,"577,000",02/17/2026
5,CASTLETON CORNERS,01 ONE FAMILY DWELLINGS,1,377,192,,A1,197 KEMBALL AVENUE,,10314,1,0,1,"4,000","1,080",1950,1,A1,0,01/12/2026
5,CASTLETON CORNERS,01 ONE FAMILY DWELLINGS,1,377,289,,A0,165 GOODWIN AVENUE,,10314,1,0,1,"4,500","1,386",1950,1,A0,0,06/11/2025
5,CASTLETON CORNERS,01 ONE FAMILY DWELLINGS,1,377,299,,B2,183 GOODWIN AVENUE,,10314,2,0,2,"4,000","1,539",1950,1,A0,"730,000",10/22/2025
5,CASTLETON CORNERS,01 ONE FAMILY DWELLINGS,1,377,437,,A1,142 MARGARETTA COURT,,10314,1,0,1,"3,143","1,540",1925,1,A1,"682,000",12/19/2025
5,CASTLETON CORNERS,01 ONE FAMILY DWELLINGS,1,377,469,,A0,76 MARGARETTA COURT,,10314,1,0,1,"4,000","1,224",1950,1,A0,10,05/14/2025
5,CASTLETON CORNERS,01 ONE FAMILY DWELLINGS,1,377,472,,A0,108 WESTCOTT BOULEVARD,,10314,1,0,1,"4,050","1,363",1950,1,A0,"776,000",04/18/2025
5,CASTLETON CORNERS,01 ONE FAMILY DWELLINGS,1,377,478,,A2,75 SAWYER AVENUE,,10314,1,0,1,"6,100","1,248",1960,1,A2,0,12/03/2025
5,CASTLETON CORNERS,01 ONE FAMILY DWELLINGS,1,377,497,,A1,92 SAWYER AVENUE,,10314,1,0,1,"4,040","1,779",1950,1,A1,"995,000",08/11/2025
5,CASTLETON CORNERS,01 ONE FAMILY DWELLINGS,1,377,544,,A0,160 WESTCOTT BOULEVARD,,10314,1,0,1,"4,000","1,480",1945,1,A0,"875,000",10/31/2025
5,CASTLETON CORNERS,01 ONE FAMILY DWELLINGS,1,377,573,,A3,132 CROWELL AVENUE,,10314,1,0,1,"4,040","1,791",1950,1,A3,"1,300,000",08/05/2025
5,CASTLETON CORNERS,01 ONE FAMILY DWELLINGS,1,378,48,,A1,130 COALE AVENUE,,10314,1,0,1,"4,000","1,599",1950,1,A1,"708,000",06/06/2025
5,CASTLETON CORNERS,01 ONE FAMILY DWELLINGS,1,378,70,,A1,111 COALE AVENUE,,10314,1,0,1,"4,000","1,600",1955,1,A1,10,06/12/2025
5,CASTLETON CORNERS,01 ONE FAMILY DWELLINGS,1,694,39,,A1,77 TODT HILL ROAD,,10314,1,0,1,"6,880","1,492",1920,1,A1,"850,000",12/19/2025
5,CASTLETON CORNERS,01 ONE FAMILY DWELLINGS,1,707,39,,A1,81 WINTHROP PLACE,,10314,1,0,1,"2,310","1,014",1920,1,A1,0,09/25/2025
5,CASTLETON CORNERS,01 ONE FAMILY DWELLINGS,1,708,59,,A2,27 SOMMERS LANE,,10314,1,0,1,"6,815","1,056",1915,1,A2,"900,000",11/05/2025
5,CASTLETON CORNERS,01 ONE FAMILY DWELLINGS,1,709,51,,A1,41 JOSEPHINE STREET,,10314,1,0,1,"3,193","1,753",1925,1,A1,"785,000",06/12/2025
5,CASTLETON CORNERS,01 ONE FAMILY DWELLINGS,1,710,36,,A1,624 MANOR ROAD,,10314,1,0,1,"5,100",595,1899,1,A1,0,07/22/2025
5,CASTLETON CORNERS,01 ONE FAMILY DWELLINGS,1,713,156,,A5,83A NORTH GANNON AVENUE,,10314,1,0,1,"1,520",825,1960,1,A5,"510,000",10/10/2025
5,CASTLETON CORNERS,01 ONE FAMILY DWELLINGS,1,713,175,,A5,125 NORTH GANNON AVENUE,,10314,1,0,1,920,825,1960,1,A5,"485,000",01/30/2026
5,CASTLETON CORNERS,01 ONE FAMILY DWELLINGS,1,716,51,,A1,57 GANSEVOORT BOULEVARD,,10314,1,0,1,"4,600","1,801",1930,1,A1,0,01/29/2026
5,CASTLETON CORNERS,01 ONE FAMILY DWELLINGS,1,717,18,,A1,28 GANSEVOORT BOULEVARD,,10314,1,0,1,"4,800","1,920",1935,1,A1,0,05/28/2025
5,CASTLETON CORNERS,01 ONE FAMILY DWELLINGS,1,718,18,,A2,24 CLERMONT PLACE,,10314,1,0,1,"3,280",960,1950,1,A2,0,01/06/2026
5,CASTLETON CORNERS,01 ONE FAMILY DWELLINGS,1,719,66,,A1,129 GANSEVOORT BOULEVARD,,10314,1,0,1,"4,400","1,024",1935,1,A1,0,07/02/2025
5,CASTLETON CORNERS,01 ONE FAMILY DWELLINGS,1,719,76,,A1,111 GANSEVOORT BOULEVARD,,10314,1,0,1,"4,240","1,504",1930,1,A1,"755,000",04/11/2025
5,CASTLETON CORNERS,01 ONE FAMILY DWELLINGS,1,721,66,,A2,109 QUINLAN AVENUE,,10314,1,0,1,"4,360","1,060",1940,1,A2,"690,000",05/08/2025
5,CASTLETON CORNERS,01 ONE FAMILY DWELLINGS,1,722,32,,A2,38 QUINLAN AVENUE,,10314,1,0,1,"6,897",944,1925,1,A2,"720,000",08/12/2025
5,CASTLETON CORNERS,01 ONE FAMILY DWELLINGS,1,725,41,,A5,N/A PERRY AVENUE,,10314,1,0,1,"1,974","1,890",2024,1,A5,"936,790",10/09/2025
5,CASTLETON CORNERS,01 ONE FAMILY DWELLINGS,1,725,52,,A1,70 PURDY AVENUE,,10314,1,0,1,"3,685","1,800",2000,1,A1,0,06/16/2025
5,CASTLETON CORNERS,01 ONE FAMILY DWELLINGS,1,727,14,,A2,127 BRADLEY AVENUE,,10314,1,0,1,"5,560","1,092",1960,1,A2,"740,000",12/10/2025
5,CASTLETON CORNERS,01 ONE FAMILY DWELLINGS,1,727,38,,A1,152 PURDY AVENUE,,10314,1,0,1,"4,440","1,250",1955,1,A1,"53,000",10/09/2025
5,CASTLETON CORNERS,01 ONE FAMILY DWELLINGS,1,727,40,,A1,144 PURDY AVENUE,,10314,1,0,1,"4,080","1,250",1955,1,A1,"730,000",08/07/2025
5,CASTLETON CORNERS,02 TWO FAMILY DWELLINGS,1,321,49,,B3,206 BROOKSIDE AVENUE,,10314,2,0,2,"3,910","1,205",1955,1,B3,0,08/19/2025
5,CASTLETON CORNERS,02 TWO FAMILY DWELLINGS,1,341,37,,B2,289 POTTER AVENUE,,10314,2,0,2,"4,000","1,926",1915,1,B2,"500,000",08/08/2025
5,CASTLETON CORNERS,02 TWO FAMILY DWELLINGS,1,341,40,,B2,291 POTTER AVE,,10314,2,0,2,"4,000","2,416",1920,1,B2,"940,000",06/26/2025
5,CASTLETON CORNERS,02 TWO FAMILY DWELLINGS,1,346,518,,B1,79 DONGAN AVENUE,,10314,2,0,2,"2,352","1,776",1950,1,B1,"701,000",06/27/2025
5,CASTLETON CORNERS,02 TWO FAMILY DWELLINGS,1,347,62,,B2,220 FAIRVIEW AVENUE,,10314,2,0,2,"4,100","1,732",1915,1,B2,"865,000",08/13/2025
5,CASTLETON CORNERS,02 TWO FAMILY DWELLINGS,1,347,123,,B1,11 DONGAN AVENUE,,10314,2,0,2,"2,352","1,728",1950,1,B1,0,12/05/2025
5,CASTLETON CORNERS,02 TWO FAMILY DWELLINGS,1,348,31,,B1,77 BEECHWOOD PLACE,,10314,2,0,2,"2,334","1,470",1950,1,B1,0,02/04/2026
5,CASTLETON CORNERS,02 TWO FAMILY DWELLINGS,1,348,40,,B1,14 HODGES PLACE,,10314,2,0,2,"2,616","1,776",1950,1,B1,0,08/14/2025
5,CASTLETON CORNERS,02 TWO FAMILY DWELLINGS,1,355,290,,B2,36 KAREN COURT,,10310,2,0,2,"4,640","2,072",1970,1,B2,"955,000",07/07/2025
5,CASTLETON CORNERS,02 TWO FAMILY DWELLINGS,1,357,134,,B3,261 KINGSLEY AVENUE,,10314,2,0,2,"3,600","1,950",1925,1,B3,0,01/22/2026
5,CASTLETON CORNERS,02 TWO FAMILY DWELLINGS,1,358,1,,B2,325 COLLEGE AVENUE,,10314,2,0,2,"4,500","1,205",1955,1,B2,"775,000",12/09/2025
5,CASTLETON CORNERS,02 TWO FAMILY DWELLINGS,1,358,64,,B3,305 COLLEGE AVENUE,,10314,2,0,2,"3,600","1,456",1920,1,B3,"575,000",06/25/2025
5,CASTLETON CORNERS,02 TWO FAMILY DWELLINGS,1,360,18,,B2,278 COLLEGE AVENUE,,10314,2,0,2,"3,600","1,784",1915,1,B2,"1,120,000",05/07/2025
5,CASTLETON CORNERS,02 TWO FAMILY DWELLINGS,1,367,42,,B1,27 JOAN PLACE,,10314,2,0,2,"3,278","1,952",1975,1,B1,0,05/13/2025
5,CASTLETON CORNERS,02 TWO FAMILY DWELLINGS,1,368,130,,B2,125 WESTCOTT BOULEVARD,,10314,2,0,2,"6,100","2,144",1970,1,B2,"940,000",10/15/2025
5,CASTLETON CORNERS,02 TWO FAMILY DWELLINGS,1,369,143,,B3,82 CROWELL AVENUE,,10314,2,0,2,"6,018","1,541",1950,1,B3,0,09/17/2025
5,CASTLETON CORNERS,02 TWO FAMILY DWELLINGS,1,370,61,,B2,14 JOAN PLACE,,10314,2,0,2,"3,920","2,464",1925,1,B2,"910,000",09/16/2025
5,CASTLETON CORNERS,02 TWO FAMILY DWELLINGS,1,376,73,,B2,40 OHIO PLACE,,10314,2,0,2,"5,938","3,571",2006,1,B2,0,12/11/2025
5,CASTLETON CORNERS,02 TWO FAMILY DWELLINGS,1,376,91,,B2,186 MAINE AVENUE,,10314,2,0,2,"9,500","3,360",1915,1,B2,"1,275,000",01/09/2026
5,CASTLETON CORNERS,02 TWO FAMILY DWELLINGS,1,377,484,,B1,85 SAWYER AVENUE,,10314,2,0,2,"4,040","2,200",1975,1,B1,"650,000",03/26/2026
5,CASTLETON CORNERS,02 TWO FAMILY DWELLINGS,1,377,488,,B2,93 SAWYER AVENUE,,10314,2,0,2,"4,040","2,700",1975,1,B2,0,11/18/2025
5,CASTLETON CORNERS,02 TWO FAMILY DWELLINGS,1,377,624,,B1,149 CHANDLER AVENUE,,10314,2,0,2,"4,040","2,055",1950,1,B1,"920,000",07/02/2025
5,CASTLETON CORNERS,02 TWO FAMILY DWELLINGS,1,378,110,,B2,188 CHANDLER AVENUE,,10314,2,0,2,"3,038","1,840",1920,1,B2,"822,500",09/22/2025
5,CASTLETON CORNERS,02 TWO FAMILY DWELLINGS,1,712,5,,B3,36 GARDEN STREET,,10314,2,0,2,"7,500","1,879",1920,1,B3,0,08/21/2025
5,CASTLETON CORNERS,02 TWO FAMILY DWELLINGS,1,721,4,,B3,86 CLERMONT PLACE,,10314,2,0,2,"4,730",938,1950,1,B3,"800,000",01/09/2026
5,CASTLETON CORNERS,02 TWO FAMILY DWELLINGS,1,724,68,,B3,53 BRADLEY AVENUE,,10314,2,0,2,"6,248","2,340",1940,1,B3,0,04/02/2025
5,CASTLETON CORNERS,02 TWO FAMILY DWELLINGS,1,725,32,,B2,107 PERRY AVENUE,,10314,2,0,2,"3,065","2,550",2024,1,B2,"980,066",10/16/2025
5,CASTLETON CORNERS,02 TWO FAMILY DWELLINGS,1,725,33,,B9,105 PERRY AVENUE,,10314,2,0,2,"4,285","2,550",2024,1,B9,"1,400,094",12/18/2025
5,CASTLETON CORNERS,02 TWO FAMILY DWELLINGS,1,725,77,,B3,120 QUINLAN AVENUE,,10314,2,0,2,"9,150","1,768",1915,1,B3,0,06/12/2025
5,CASTLETON CORNERS,03 THREE FAMILY DWELLINGS,1,712,110,,C0,100 GOWER STREET,,10314,3,0,3,"2,520","2,400",1985,1,C0,0,08/25/2025
5,CASTLETON CORNERS,03 THREE FAMILY DWELLINGS,1,722,93,,C0,23 PERRY AVENUE,,10314,3,0,3,"4,921","1,980",1975,1,C0,"572,500",12/20/2025
5,CASTLETON CORNERS,05 TAX CLASS 1 VACANT LAND,1,370,144,,B2,39 CROWELL AVENUE,,10314,2,0,2,"4,200",0,2025,1,V0,"1,476,462",07/11/2025
5,CASTLETON CORNERS,05 TAX CLASS 1 VACANT LAND,1B,711,49,,V0,N/A NORTH GANNON AVENUE,,10314,0,0,0,"4,800",0,,1,V0,"100,000",11/25/2025
5,CASTLETON CORNERS,05 TAX CLASS 1 VACANT LAND,1B,711,51,,V0,N/A ELVIN STREET,,10314,0,0,0,"4,287",0,,1,V0,"100,000",11/25/2025
5,CASTLETON CORNERS,05 TAX CLASS 1 VACANT LAND,1B,721,68,,V0,N/A QUINLAN AVENUE,,10314,0,0,0,"2,180",0,2025,1,V0,"690,000",05/08/2025
5,CASTLETON CORNERS,06 TAX CLASS 1 - OTHER,1,341,35,,G0,287 POTTER AVENUE,,10314,0,0,0,"2,000",0,1950,1,G0,"500,000",08/08/2025
5,CASTLETON CORNERS,07 RENTALS - WALKUP APARTMENTS,2A,353,27,,C2,11 MUNDY AVENUE,,10310,6,0,6,"5,812","6,400",1947,2,C2,0,09/10/2025
5,CASTLETON CORNERS,21 OFFICE BUILDINGS,4,370,89,,O2,482 MANOR ROAD,,10314,0,3,3,"5,600","2,664",1949,4,O2,"975,000",08/26/2025
5,CASTLETON CORNERS,22 STORE BUILDINGS,4,350,5,,K4,1749 VICTORY BOULEVARD,,10314,2,3,5,"3,300","4,620",1935,4,K4,"950,000",11/06/2025
5,CASTLETON CORNERS,22 STORE BUILDINGS,4,378,189,,K1,1909 VICTORY BLVD,,10314,0,1,1,"2,340","1,200",1993,4,K1,"500,000",02/09/2026
5,CASTLETON CORNERS,22 STORE BUILDINGS,4,716,7,,K1,1898 VICTORY BOULEVARD,,10314,0,1,1,"3,000","1,410",1931,4,K1,0,07/17/2025
5,CASTLETON CORNERS,22 STORE BUILDINGS,4,716,8,,K1,1894 VICTORY BOULEVARD,,10314,0,1,1,"3,000","1,410",1986,4,K1,0,07/17/2025
5,CASTLETON CORNERS,22 STORE BUILDINGS,4,716,10,,K2,1890 VICTORY BOULEVARD,,10314,0,1,1,"4,000","2,800",1955,4,K2,0,07/17/2025
5,CASTLETON CORNERS,31 COMMERCIAL VACANT LAND,1,354,8,,S2,485 JEWETT AVENUE,,10302,2,1,3,"4,488",0,2025,4,V1,0,07/18/2025
5,CASTLETON CORNERS,31 COMMERCIAL VACANT LAND,1,354,9,,S2,481 JEWETT AVENUE,,10302,2,1,3,"4,783",0,2025,4,V1,0,07/18/2025
5,CLOVE LAKES,01 ONE FAMILY DWELLINGS,1,240,70,,A1,5 CHESHIRE PLACE,,10301,1,0,1,"7,345","2,352",1960,1,A1,0,10/23/2025
5,CLOVE LAKES,01 ONE FAMILY DWELLINGS,1,240,77,,A2,21 CHESHIRE PLACE,,10301,1,0,1,"6,732","1,556",1960,1,A2,"900,000",08/07/2025
5,CLOVE LAKES,01 ONE FAMILY DWELLINGS,1,242,10,,A1,63 MELROSE AVENUE,,10301,1,0,1,"3,000",960,1901,1,A1,0,11/17/2025
5,CLOVE LAKES,01 ONE FAMILY DWELLINGS,1,243,26,,A1,64 BEVERLY AVENUE,,10301,1,0,1,"5,000","1,550",1950,1,A1,0,07/30/2025
5,CLOVE LAKES,01 ONE FAMILY DWELLINGS,1,243,55,,A2,11 WALDRON AVENUE,,10301,1,0,1,"6,000","1,098",1950,1,A2,0,12/30/2025
5,CLOVE LAKES,01 ONE FAMILY DWELLINGS,1,244,55,,S1,1031 VICTORY BOULEVARD,,10301,1,1,2,"5,200","1,616",1950,1,S1,0,10/07/2025
5,CLOVE LAKES,01 ONE FAMILY DWELLINGS,1,244,64,,A5,1051 VICTORY BOULEVARD,,10301,1,0,1,"3,100",952,1960,1,A5,"445,000",01/29/2026
5,CLOVE LAKES,01 ONE FAMILY DWELLINGS,1,245,3,,A2,117 BEVERLY AVENUE,,10301,1,0,1,"5,900","1,363",1950,1,A2,10,12/16/2025
5,CLOVE LAKES,01 ONE FAMILY DWELLINGS,1,245,88,,A5,30 FOX HUNT COURT,,10301,1,0,1,"1,229","1,840",1985,1,A5,0,07/31/2025
5,CLOVE LAKES,01 ONE FAMILY DWELLINGS,1,245,88,,A5,30 FOX HUNT COURT,,10301,1,0,1,"1,229","1,840",1985,1,A5,0,08/13/2025
5,CLOVE LAKES,01 ONE FAMILY DWELLINGS,1,246,70,,A1,144 BEVERLY AVENUE,,10301,1,0,1,"2,000","1,048",1920,1,A1,"620,000",12/18/2025
5,CLOVE LAKES,01 ONE FAMILY DWELLINGS,1,247,66,,A5,126 WALDRON AVENUE,,10301,1,0,1,"2,200","1,092",1955,1,A5,"629,000",06/23/2025
5,CLOVE LAKES,01 ONE FAMILY DWELLINGS,1,258,49,,A1,967 BARD AVENUE,,10301,1,0,1,"4,400","2,344",1986,1,A1,"917,500",11/18/2025
5,CLOVE LAKES,01 ONE FAMILY DWELLINGS,1,258,140,,A1,64 GREENWAY DRIVE,,10301,1,0,1,"3,800","2,160",1998,1,A1,"855,000",12/16/2025
5,CLOVE LAKES,01 ONE FAMILY DWELLINGS,1,258,177,,A1,29 PUTTERS COURT,,10301,1,0,1,"3,918","1,200",1997,1,A1,0,07/22/2025
5,CLOVE LAKES,01 ONE FAMILY DWELLINGS,1,284,54,,A1,624 DAVIS AVENUE,,10310,1,0,1,"4,230","1,272",1935,1,A1,"690,000",12/23/2025
5,CLOVE LAKES,01 ONE FAMILY DWELLINGS,1,285,27,,A5,540 PELTON AVENUE,,10310,1,0,1,"2,000","1,258",1993,1,A5,"675,000",09/09/2025
5,CLOVE LAKES,01 ONE FAMILY DWELLINGS,1,285,38,,A5,103 MORRISON AVENUE,,10310,1,0,1,"1,828","1,064",1993,1,A5,0,01/19/2026
5,CLOVE LAKES,01 ONE FAMILY DWELLINGS,1,285,44,,A5,109 MORRISON AVENUE,,10310,1,0,1,"1,827","1,064",1993,1,A5,0,09/02/2025
5,CLOVE LAKES,01 ONE FAMILY DWELLINGS,1,285,70,,A2,553 OAKLAND AVENUE,,10310,1,0,1,"4,200","1,058",1950,1,A2,"820,000",06/25/2025
5,CLOVE LAKES,01 ONE FAMILY DWELLINGS,1,286,29,,A5,520 OAKLAND AVENUE,,10310,1,0,1,"2,048","1,248",1993,1,A5,"605,000",04/25/2025
5,CLOVE LAKES,01 ONE FAMILY DWELLINGS,1,286,44,,A1,548 OAKLAND AVENUE,,10310,1,0,1,"3,920","1,538",1935,1,A1,0,06/19/2025
5,CLOVE LAKES,01 ONE FAMILY DWELLINGS,1,286,60,,A1,141 HARVEST AVENUE,,10310,1,0,1,"2,760","1,302",1935,1,A1,0,10/07/2025
5,CLOVE LAKES,01 ONE FAMILY DWELLINGS,1,286,70,,A1,575 BEMENT AVENUE,,10310,1,0,1,"3,760","1,094",1940,1,A1,"770,000",09/17/2025
5,CLOVE LAKES,01 ONE FAMILY DWELLINGS,1,286,132,,A1,6 GREEN STREET,,10310,1,0,1,"3,030","1,288",1925,1,A1,"590,000",08/08/2025
5,CLOVE LAKES,01 ONE FAMILY DWELLINGS,1,287,24,,A2,683 PELTON AVENUE,,10310,1,0,1,"4,900","1,536",1955,1,A2,0,07/24/2025
5,CLOVE LAKES,01 ONE FAMILY DWELLINGS,1,287,30,,A1,673 PELTON AVENUE,,10310,1,0,1,"7,623","1,560",1945,1,A1,"950,000",05/28/2025
5,CLOVE LAKES,01 ONE FAMILY DWELLINGS,1,288,26,,A3,651 OAKLAND AVENUE,,10310,1,0,1,"6,000","2,764",1950,1,A3,0,11/06/2025
5,CLOVE LAKES,01 ONE FAMILY DWELLINGS,1,288,71,,A1,620 PELTON AVENUE,,10310,1,0,1,"5,000","2,160",1950,1,A1,0,01/06/2026
5,CLOVE LAKES,01 ONE FAMILY DWELLINGS,1,288,113,,A1,700 PELTON AVENUE,,10310,1,0,1,"3,960","1,120",1950,1,A1,0,09/02/2025
5,CLOVE LAKES,01 ONE FAMILY DWELLINGS,1,288,117,,A2,708 PELTON AVENUE,,10310,1,0,1,"3,960","1,040",1950,1,A2,"960,000",07/17/2025
5,CLOVE LAKES,01 ONE FAMILY DWELLINGS,1,292,66,,A1,152 HARVEST AVENUE,,10310,1,0,1,"3,720","1,312",1935,1,A1,"860,000",11/25/2025
5,CLOVE LAKES,01 ONE FAMILY DWELLINGS,1,292,75,,A1,584 OAKLAND AVENUE,,10310,1,0,1,"3,760","1,480",1935,1,A1,0,09/09/2025
5,CLOVE LAKES,01 ONE FAMILY DWELLINGS,1,293,10,,A1,689 BEMENT AVENUE,,10310,1,0,1,"3,352","1,856",1935,1,A1,"950,000",02/26/2026
5,CLOVE LAKES,01 ONE FAMILY DWELLINGS,1,293,15,,A1,677 BEMENT AVENUE,,10310,1,0,1,"4,752","2,000",1935,1,A1,"590,000",07/03/2025
5,CLOVE LAKES,01 ONE FAMILY DWELLINGS,1,293,78,,A1,27 HARTFORD AVENUE,,10310,1,0,1,"2,370","1,442",1935,1,A1,0,01/15/2026
5,CLOVE LAKES,01 ONE FAMILY DWELLINGS,1,293,106,,A1,664 OAKLAND AVENUE,,10310,1,0,1,"5,400","2,224",1935,1,A1,0,10/28/2025
5,CLOVE LAKES,01 ONE FAMILY DWELLINGS,1,293,118,,A1,N/A OAKLAND AVENUE,,10310,1,0,1,"4,031","3,056",2024,1,A1,"1,298,269",06/11/2025
5,CLOVE LAKES,01 ONE FAMILY DWELLINGS,1,295,67,,A1,772 PELTON AVENUE,,10310,1,0,1,"6,000","1,559",1950,1,A1,0,10/20/2025
5,CLOVE LAKES,01 ONE FAMILY DWELLINGS,1,298,38,,A1,710 OAKLAND AVENUE,,10310,1,0,1,"3,653",840,1945,1,A1,"850,000",12/30/2025
5,CLOVE LAKES,01 ONE FAMILY DWELLINGS,1,298,38,,A1,710 OAKLAND AVENUE,,10310,1,0,1,"3,653",840,1945,1,A1,"940,000",06/27/2025
5,CLOVE LAKES,01 ONE FAMILY DWELLINGS,1,298,42,,A2,718 OAKLAND AVENUE,,10310,1,0,1,"6,600","1,408",1940,1,A2,"960,000",08/26/2025
5,CLOVE LAKES,01 ONE FAMILY DWELLINGS,1,298,52,,A1,740 OAKLAND AVENUE,,10310,1,0,1,"5,280","2,420",1970,1,A1,0,05/13/2025
5,CLOVE LAKES,01 ONE FAMILY DWELLINGS,1,298,143,,A2,93 HARTFORD AVENUE,,10310,1,0,1,"3,200","1,090",1948,1,A2,0,08/04/2025
5,CLOVE LAKES,01 ONE FAMILY DWELLINGS,1,299,13,,A1,38 STARR AVENUE,,10310,1,0,1,"7,500","1,824",1950,1,A1,"850,000",09/19/2025
5,CLOVE LAKES,01 ONE FAMILY DWELLINGS,1,300,38,,A0,274 MORRISON AVENUE,,10310,1,0,1,"3,900",136,1955,1,A0,"725,000",07/29/2025
5,CLOVE LAKES,01 ONE FAMILY DWELLINGS,1,300,218,,A1,32 EAST RALEIGH AVENUE,,10310,1,0,1,"3,600","1,650",1930,1,A1,0,04/25/2025
5,CLOVE LAKES,01 ONE FAMILY DWELLINGS,1,300,225,,A1,16 EAST RALEIGH AVENUE,,10310,1,0,1,"3,600","1,674",1935,1,A1,0,12/15/2025
5,CLOVE LAKES,01 ONE FAMILY DWELLINGS,1,300,245,,A1,187 HARVEST AVENUE,,10310,1,0,1,"3,600","1,763",1935,1,A1,"715,000",09/29/2025
5,CLOVE LAKES,01 ONE FAMILY DWELLINGS,1,301,29,,A5,34 BOSWORTH STREET,,10310,1,0,1,"2,200","1,760",1986,1,A5,0,10/10/2025
5,CLOVE LAKES,01 ONE FAMILY DWELLINGS,1,303,34,,A2,5 COUGHLAN AVENUE,,10310,1,0,1,"4,900","1,056",1950,1,A2,0,12/10/2025
5,CLOVE LAKES,01 ONE FAMILY DWELLINGS,1,303,85,,A1,43 COLONIAL COURT,,10310,1,0,1,"6,060","2,505",1920,1,A1,"900,000",11/04/2025
5,CLOVE LAKES,01 ONE FAMILY DWELLINGS,1,304,44,,A2,16 HOWE STREET,,10310,1,0,1,"5,000","1,184",1950,1,A2,"762,000",05/23/2025
5,CLOVE LAKES,01 ONE FAMILY DWELLINGS,1,309,37,,A5,924 FOREST AVENUE,,10310,1,0,1,"2,438","1,223",1960,1,A5,10,05/24/2025
5,CLOVE LAKES,01 ONE FAMILY DWELLINGS,1,310,122,,A1,59 PURCELL STREET,,10310,1,0,1,"2,500","1,548",1970,1,A1,0,04/17/2025
5,CLOVE LAKES,01 ONE FAMILY DWELLINGS,1,311,4,,A5,96 PURCELL STREET,,10310,1,0,1,"2,137","1,438",2005,1,A5,0,10/06/2025
5,CLOVE LAKES,01 ONE FAMILY DWELLINGS,1,313,58,,A0,57 WEST RALEIGH AVENUE,,10310,1,0,1,"7,248","1,040",1955,1,A0,0,05/28/2025
5,CLOVE LAKES,01 ONE FAMILY DWELLINGS,1,314,300,,A1,695 CLOVE ROAD,,10310,1,0,1,"7,500","1,928",1935,1,A1,0,11/17/2025
5,CLOVE LAKES,01 ONE FAMILY DWELLINGS,1,320,29,,A2,678 CLOVE ROAD,,10310,1,0,1,"7,399","1,348",1955,1,A2,0,03/05/2026
5,CLOVE LAKES,01 ONE FAMILY DWELLINGS,1,320,68,,A1,17 BROOKS POND PLACE,,10310,1,0,1,"6,450","1,860",1955,1,A1,"825,000",10/14/2025
5,CLOVE LAKES,01 ONE FAMILY DWELLINGS,1,320,74,,A3,29 BROOKS POND PLACE,,10310,1,0,1,"6,100","2,749",1955,1,A3,0,10/17/2025
5,CLOVE LAKES,01 ONE FAMILY DWELLINGS,1,323,60,,A5,938A CLOVE ROAD,,10301,1,0,1,"2,478","1,170",1986,1,A5,"117,928",12/03/2025
5,CLOVE LAKES,01 ONE FAMILY DWELLINGS,1,326,60,,A2,34 RICE AVENUE,,10314,1,0,1,"6,240","1,500",1955,1,A2,0,11/04/2025
5,CLOVE LAKES,01 ONE FAMILY DWELLINGS,1,326,103,,A0,41 POTTER AVENUE,,10314,1,0,1,"4,750","1,125",1950,1,A0,"736,000",08/04/2025
5,CLOVE LAKES,01 ONE FAMILY DWELLINGS,1,329,5,,A1,57 SANFORD PLACE,,10314,1,0,1,"4,888","1,680",1940,1,A1,0,10/31/2025
5,CLOVE LAKES,01 ONE FAMILY DWELLINGS,1,329,92,,A0,33 KNOX PLACE,,10314,1,0,1,"8,000","1,548",1945,1,A0,0,02/13/2026
5,CLOVE LAKES,01 ONE FAMILY DWELLINGS,1,329,93,,A0,39 KNOX PLACE,,10314,1,0,1,"5,000","1,374",1955,1,A0,0,01/14/2026
5,CLOVE LAKES,01 ONE FAMILY DWELLINGS,1,331,19,,A2,249 SLOSSON AVENUE,,10314,1,0,1,"5,508","1,647",1950,1,A2,"850,000",10/30/2025
5,CLOVE LAKES,01 ONE FAMILY DWELLINGS,1,331,91,,A2,35 BRENTON PLACE,,10314,1,0,1,"7,900","1,136",1955,1,A2,"825,000",12/05/2025
5,CLOVE LAKES,02 TWO FAMILY DWELLINGS,1,244,65,,B1,1055 VICTORY BOULEVARD,,10301,2,0,2,"7,000","1,632",1960,1,B1,"930,000",09/19/2025
5,CLOVE LAKES,02 TWO FAMILY DWELLINGS,1,280,30,,B1,791 DAVIS AVENUE,,10310,2,0,2,"3,960","2,100",1975,1,B1,0,11/17/2025
5,CLOVE LAKES,02 TWO FAMILY DWELLINGS,1,293,20,,B9,671 BEMENT AVE,,10310,2,0,2,"3,042","1,500",1996,1,B9,0,02/10/2026
5,CLOVE LAKES,02 TWO FAMILY DWELLINGS,1,310,13,,B2,6 LUDWIG STREET,,10310,2,0,2,"4,457","3,996",2025,1,B2,"1,369,546",02/06/2026
5,CLOVE LAKES,02 TWO FAMILY DWELLINGS,1,310,16,,B2,10 LUDWIG STREET,,10310,2,0,2,"4,614","3,996",2025,1,B2,"1,369,546",02/06/2026
5,CLOVE LAKES,02 TWO FAMILY DWELLINGS,1,311,1,,B1,94 PURCELL STREET,,10310,2,0,2,"3,856","2,294",1964,1,B1,10,05/16/2025
5,CLOVE LAKES,02 TWO FAMILY DWELLINGS,1,311,1,,B1,94 PURCELL STREET,,10310,2,0,2,"3,856","2,294",1964,1,B1,10,12/24/2025
5,CLOVE LAKES,02 TWO FAMILY DWELLINGS,1,313,37,,B3,54 PURCELL STREET,,10310,2,0,2,"3,690","2,100",1925,1,B3,"816,000",11/12/2025
5,CLOVE LAKES,04 TAX CLASS 1 CONDOS,1A,327,1001,,R3,"966 CLOVE ROAD, A1/A2",A1/A2,10301,1,,1,,,1974,1,R3,"700,000",12/22/2025
5,CLOVE LAKES,04 TAX CLASS 1 CONDOS,1A,327,1021,,R3,"966 CLOVE ROAD, L1",L1,10301,1,,1,,,1974,1,R3,0,07/18/2025
5,CLOVE LAKES,04 TAX CLASS 1 CONDOS,1A,327,1022,,R3,"966 CLOVE ROAD, L2",L2,10301,1,,1,,,1974,1,R3,0,07/18/2025
5,CLOVE LAKES,05 TAX CLASS 1 VACANT LAND,1B,288,118,,V0,N/A PELTON AVENUE,,10310,0,0,0,"1,000",0,,1,V0,"960,000",07/17/2025
5,CLOVE LAKES,10 COOPS - ELEVATOR APARTMENTS,2,327,15,,D4,"1000 CLOVE ROAD, 4E",,10301,,,,,,1966,2,D4,"150,000",01/21/2026
5,CLOVE LAKES,10 COOPS - ELEVATOR APARTMENTS,2,327,15,,D4,"1000 CLOVE ROAD, 4L",,10301,,,,,,1966,2,D4,0,03/11/2026
5,CLOVE LAKES,10 COOPS - ELEVATOR APARTMENTS,2,327,15,,D4,"1000 CLOVE ROAD, 5B",,10301,,,,,,1966,2,D4,"150,000",03/09/2026
5,CLOVE LAKES,10 COOPS - ELEVATOR APARTMENTS,2,327,15,,D4,"1000 CLOVE ROAD, 5C",,10301,,,,,,1966,2,D4,"180,000",03/18/2026
5,CLOVE LAKES,10 COOPS - ELEVATOR APARTMENTS,2,327,15,,D4,"1000 CLOVE ROAD, 5D",,10301,,,,,,1966,2,D4,"152,500",11/24/2025
5,CLOVE LAKES,10 COOPS - ELEVATOR APARTMENTS,2,327,15,,D4,"1000 CLOVE ROAD, 5P",,10301,,,,,,1966,2,D4,"150,000",06/04/2025
5,CLOVE LAKES,10 COOPS - ELEVATOR APARTMENTS,2,327,15,,D4,"1000 CLOVE ROAD, 8C",,10301,,,,,,1966,2,D4,"270,000",11/24/2025
5,CLOVE LAKES,10 COOPS - ELEVATOR APARTMENTS,2,327,15,,D4,"1000 CLOVE ROAD, 8E",,10301,,,,,,1966,2,D4,"115,000",10/08/2025
5,CLOVE LAKES,10 COOPS - ELEVATOR APARTMENTS,2,327,15,,D4,"1000 CLOVE ROAD, 9K",,10301,,,,,,1966,2,D4,"112,500",10/15/2025
5,CLOVE LAKES,10 COOPS - ELEVATOR APARTMENTS,2,327,15,,D4,"1000 CLOVE ROAD, GO",,10301,,,,,,1966,2,D4,"134,900",12/22/2025
5,CLOVE LAKES,10 COOPS - ELEVATOR APARTMENTS,2,327,60,,D4,"1100 CLOVE RD, 5-F",,10301,,,,,,1967,2,D4,"80,000",05/14/2025
5,CLOVE LAKES,10 COOPS - ELEVATOR APARTMENTS,2,327,60,,D4,"1100 CLOVE ROAD, 10B",,10301,,,,,,1967,2,D4,"250,000",04/16/2025
5,CLOVE LAKES,10 COOPS - ELEVATOR APARTMENTS,2,327,60,,D4,"1100 CLOVE ROAD, 10G",,10301,,,,,,1967,2,D4,"155,000",07/02/2025
5,CLOVE LAKES,10 COOPS - ELEVATOR APARTMENTS,2,327,60,,D4,"1100 CLOVE ROAD, 3D",,10301,,,,,,1967,2,D4,"175,000",07/30/2025
5,CLOVE LAKES,10 COOPS - ELEVATOR APARTMENTS,2,327,60,,D4,"1100 CLOVE ROAD, 5B",,10301,,,,,,1967,2,D4,"175,000",04/02/2025
5,CLOVE LAKES,10 COOPS - ELEVATOR APARTMENTS,2,327,60,,D4,"1100 CLOVE ROAD, 6D",,10301,,,,,,1967,2,D4,"270,000",01/20/2026
5,CLOVE LAKES,10 COOPS - ELEVATOR APARTMENTS,2,327,60,,D4,"1100 CLOVE ROAD, 7A",,10301,,,,,,1967,2,D4,0,03/23/2026
5,CLOVE LAKES,10 COOPS - ELEVATOR APARTMENTS,2,327,60,,D4,"1100 CLOVE ROAD, 7E",,10301,,,,,,1967,2,D4,"240,000",10/01/2025
5,CLOVE LAKES,10 COOPS - ELEVATOR APARTMENTS,2,327,60,,D4,"1100 CLOVE ROAD, 9E",,10301,,,,,,1967,2,D4,"110,000",10/20/2025
5,CLOVE LAKES,21 OFFICE BUILDINGS,4,300,93,,O8,710 FOREST AVENUE,,10310,1,3,4,"4,922","2,120",1960,4,O8,0,06/12/2025
5,CLOVE LAKES,21 OFFICE BUILDINGS,4,326,81,,O7,129 SLOSSON AVENUE,,10314,1,1,2,"7,290","3,230",1940,4,O7,"905,000",07/30/2025
5,CONCORD,01 ONE FAMILY DWELLINGS,1,560,63,,A1,94 LAUREL AVENUE,,10304,1,0,1,"3,050","1,024",1935,1,A1,"252,500",06/18/2025
5,CONCORD,01 ONE FAMILY DWELLINGS,1,564,1,,A1,57 OSGOOD AVENUE,,10304,1,0,1,"2,652","1,669",1925,1,A1,0,08/20/2025
5,CONCORD,01 ONE FAMILY DWELLINGS,1,564,2,,A1,55 OSGOOD AVENUE,,10304,1,0,1,"2,250","2,111",1925,1,A1,0,08/20/2025
5,CONCORD,01 ONE FAMILY DWELLINGS,1,564,8,,A1,45 OSGOOD AVENUE,,10304,1,0,1,"3,000","1,082",1899,1,A1,0,08/15/2025
5,CONCORD,01 ONE FAMILY DWELLINGS,1,564,22,,A2,46 LAUREL AVENUE,,10304,1,0,1,"6,100",788,1899,1,A2,0,05/09/2025
5,CONCORD,01 ONE FAMILY DWELLINGS,1,564,30,,A1,58 LAUREL AVENUE,,10304,1,0,1,"3,050","1,116",1901,1,A1,"489,850",12/30/2025
5,CONCORD,01 ONE FAMILY DWELLINGS,1,564,30,,A1,58 LAUREL AVENUE,,10304,1,0,1,"3,050","1,116",1901,1,A1,"562,979",04/02/2025
5,CONCORD,01 ONE FAMILY DWELLINGS,1,568,24,,A2,12 LAUREL AVENUE,,10304,1,0,1,"3,050",748,1910,1,A2,"375,000",12/11/2025
5,CONCORD,01 ONE FAMILY DWELLINGS,1,624,29,,A1,43 RIDGEFIELD AVENUE,,10304,1,0,1,"5,500","1,008",1910,1,A1,"649,000",01/13/2026
5,CONCORD,01 ONE FAMILY DWELLINGS,1,626,20,,A2,14 LONGVIEW ROAD,,10304,1,0,1,"3,960",918,1920,1,A2,"490,000",04/29/2025
5,CONCORD,01 ONE FAMILY DWELLINGS,1,626,27,,A1,11 STARBUCK STREET,,10304,1,0,1,"4,000","1,220",1987,1,A1,0,05/08/2025
5,CONCORD,01 ONE FAMILY DWELLINGS,1,626,55,,A2,60 LONGVIEW ROAD,,10304,1,0,1,"5,520","1,104",1950,1,A2,0,06/12/2025
5,CONCORD,01 ONE FAMILY DWELLINGS,1,634,28,,A1,44 PRINCE STREET,,10304,1,0,1,"6,464","1,176",1930,1,A1,"353,500",05/30/2025
5,CONCORD,01 ONE FAMILY DWELLINGS,1,638,35,,A1,56 WAVERLY PLACE,,10304,1,0,1,"2,500","1,038",1920,1,A1,"522,000",07/23/2025
5,CONCORD,01 ONE FAMILY DWELLINGS,1,641,3,,A1,67 ROFF STREET,,10304,1,0,1,"2,500","1,248",1930,1,A1,"628,000",06/24/2025
5,CONCORD,01 ONE FAMILY DWELLINGS,1,645,16,,A1,27 METCALFE STREET,,10304,1,0,1,"3,030","1,904",1910,1,A1,"550,000",07/31/2025
5,CONCORD,01 ONE FAMILY DWELLINGS,1,647,69,,A1,58 METCALFE STREET,,10304,1,0,1,"2,500","1,498",2010,1,A1,"720,000",02/04/2026
5,CONCORD,01 ONE FAMILY DWELLINGS,1,649,38,,A1,24 HAMILTON STREET,,10304,1,0,1,"2,500","1,044",1899,1,A1,"371,200",08/04/2025
5,CONCORD,01 ONE FAMILY DWELLINGS,1,2879,131,,A1,49 MARY STREET,,10304,1,0,1,"2,860","1,362",1925,1,A1,"675,000",07/11/2025
5,CONCORD,01 ONE FAMILY DWELLINGS,1,2882,91,,A5,39 DEIRDRE COURT,,10304,1,0,1,"1,350","1,200",2003,1,A5,"600,000",06/10/2025
5,CONCORD,01 ONE FAMILY DWELLINGS,1,2884,16,,A1,130 RHINE AVENUE,,10304,1,0,1,"2,500","1,327",1899,1,A1,0,05/20/2025
5,CONCORD,01 ONE FAMILY DWELLINGS,1,2884,41,,S1,612 RICHMOND ROAD,,10304,1,1,2,"2,450","2,376",1951,1,S1,"275,000",07/01/2025
5,CONCORD,01 ONE FAMILY DWELLINGS,1,2886,19,,A5,87 STEUBEN STREET,,10304,1,0,1,"3,000",960,2004,1,A5,"534,000",10/21/2025
5,CONCORD,01 ONE FAMILY DWELLINGS,1,2888,13,,A1,155 STEUBEN STREET,,10304,1,0,1,"3,300","2,059",2020,1,A1,"748,414",04/17/2025
5,CONCORD,01 ONE FAMILY DWELLINGS,1,2890,1,,A0,118 BRITTON AVENUE,,10304,1,0,1,"3,750",878,1955,1,A0,0,05/06/2025
5,CONCORD,01 ONE FAMILY DWELLINGS,1,2897,3,,A5,179A PIERCE STREET,,10304,1,0,1,888,"1,248",1986,1,A5,"590,000",07/08/2025
5,CONCORD,01 ONE FAMILY DWELLINGS,1,2897,20,,A5,397 NECKAR AVENUE,,10304,1,0,1,"1,184","1,248",1986,1,A5,0,06/30/2025
5,CONCORD,01 ONE FAMILY DWELLINGS,1,2897,30,,A5,404A WESER AVENUE,,10304,1,0,1,888,"1,248",1986,1,A5,"430,000",04/03/2025
5,CONCORD,01 ONE FAMILY DWELLINGS,1,2897,50,,A5,166 PIERCE STREET,,10304,1,0,1,"1,088","1,248",1987,1,A5,"499,000",10/23/2025
5,CONCORD,01 ONE FAMILY DWELLINGS,1,2897,51,,A5,166A PIERCE STREET,,10304,1,0,1,"1,184","1,248",1987,1,A5,0,09/08/2025
5,CONCORD,01 ONE FAMILY DWELLINGS,1,2897,55,,A5,170A PIERCE STREET,,10304,1,0,1,888,"1,248",1987,1,A5,"465,000",12/16/2025
5,CONCORD,01 ONE FAMILY DWELLINGS,1,2897,65,,A5,190A PIERCE STREET,,10304,1,0,1,888,"1,248",1987,1,A5,"468,000",12/19/2025
5,CONCORD,01 ONE FAMILY DWELLINGS,1,2897,73,,A5,196 PIERCE STREET,,10304,1,0,1,888,"1,248",1987,1,A5,0,10/09/2025
5,CONCORD,01 ONE FAMILY DWELLINGS,1,2897,86,,A5,708A ELBE AVENUE,,10304,1,0,1,"1,184","1,248",1987,1,A5,"550,000",05/27/2025
5,CONCORD,01 ONE FAMILY DWELLINGS,1,2897,107,,A5,694A ELBE AVENUE,,10304,1,0,1,912,"1,248",1987,1,A5,"520,000",07/15/2025
5,CONCORD,01 ONE FAMILY DWELLINGS,1,2897,124,,A5,687 ELBE AVENUE,,10304,1,0,1,"1,216","1,248",1987,1,A5,"526,000",05/23/2025
5,CONCORD,01 ONE FAMILY DWELLINGS,1,2897,126,,A5,691 ELBE AVENUE,,10304,1,0,1,608,"1,248",1987,1,A5,"425,000",03/05/2026
5,CONCORD,01 ONE FAMILY DWELLINGS,1,2897,149,,A5,368 MOSEL AVE,,10304,1,0,1,"1,008","1,248",1987,1,A5,"477,500",02/12/2026
5,CONCORD,01 ONE FAMILY DWELLINGS,1,2899,31,,A1,333 MOSEL AVENUE,,10304,1,0,1,"3,750","1,008",1905,1,A1,0,08/13/2025
5,CONCORD,01 ONE FAMILY DWELLINGS,1,2899,82,,A5,233 MOSEL AVENUE,,10304,1,0,1,"1,053",700,1995,1,A5,"344,760",09/26/2025
5,CONCORD,01 ONE FAMILY DWELLINGS,1,2899,149,,A5,99 MOSEL AVENUE,,10304,1,0,1,"1,200","1,180",2004,1,A5,0,08/20/2025
5,CONCORD,01 ONE FAMILY DWELLINGS,1,2899,173,,A5,45 MOSEL AVENUE,,10304,1,0,1,675,"1,150",2004,1,A5,0,09/08/2025
5,CONCORD,01 ONE FAMILY DWELLINGS,1,2901,54,,A5,17 MOSEL LOOP,,10304,1,0,1,620,"1,200",1988,1,A5,0,04/28/2025
5,CONCORD,01 ONE FAMILY DWELLINGS,1,2901,60,,A5,284 STEUBEN STREET,,10304,1,0,1,800,"1,200",1988,1,A5,0,06/05/2025
5,CONCORD,01 ONE FAMILY DWELLINGS,1,2901,60,,A5,284 STEUBEN STREET,,10304,1,0,1,800,"1,200",1988,1,A5,"586,000",09/17/2025
5,CONCORD,01 ONE FAMILY DWELLINGS,1,2906,14,,A1,322 ODER AVENUE,,10304,1,0,1,"2,500","1,120",1920,1,A1,0,06/13/2025
5,CONCORD,01 ONE FAMILY DWELLINGS,1,2906,14,,A1,322 ODER AVENUE,,10304,1,0,1,"2,500","1,120",1920,1,A1,"690,000",04/15/2025
5,CONCORD,01 ONE FAMILY DWELLINGS,1,2907,29,,A1,315 ODER AVENUE,,10304,1,0,1,"2,500","1,104",1920,1,A1,"360,000",05/15/2025
5,CONCORD,01 ONE FAMILY DWELLINGS,1,2907,29,,A1,315 ODER AVENUE,,10304,1,0,1,"2,500","1,104",1920,1,A1,"590,000",12/29/2025
5,CONCORD,01 ONE FAMILY DWELLINGS,1,2912,8,,A1,432 NECKAR AVENUE,,10304,1,0,1,"7,500","1,682",1925,1,A1,"885,000",10/07/2025
5,CONCORD,01 ONE FAMILY DWELLINGS,1,2912,14,,A1,448 NECKAR AVENUE,,10304,1,0,1,"3,203","1,652",2015,1,A1,"752,000",12/12/2025
5,CONCORD,01 ONE FAMILY DWELLINGS,1,2998,21,,A5,40 ROCKWELL AVENUE,,10305,1,0,1,"1,296","1,176",1999,1,A5,"595,000",12/29/2025
5,CONCORD,02 TWO FAMILY DWELLINGS,1,560,31,,B2,97 OSGOOD AVENUE,,10304,2,0,2,"3,000","2,096",1935,1,B2,"425,000",05/13/2025
5,CONCORD,02 TWO FAMILY DWELLINGS,1,560,33,,B2,91 OSGOOD AVENUE,,10304,2,0,2,"3,000","2,672",1940,1,B2,"775,000",11/26/2025
5,CONCORD,02 TWO FAMILY DWELLINGS,1,560,36,,B2,85 OSGOOD AVENUE,,10304,2,0,2,"3,000","1,168",1940,1,B2,"50,000",07/01/2025
5,CONCORD,02 TWO FAMILY DWELLINGS,1,624,45,,B9,53 CEDAR TERRACE,,10304,2,0,2,"2,506","1,728",1975,1,B9,"665,000",10/31/2025
5,CONCORD,02 TWO FAMILY DWELLINGS,1,634,18,,B2,37A WIEDERER PLACE,,10304,2,0,2,"3,750","2,508",2025,1,B2,"992,794",01/14/2026
5,CONCORD,02 TWO FAMILY DWELLINGS,1,638,12,,B2,51 IRVING PLACE,,10304,2,0,2,"3,600","2,500",2021,1,B2,0,01/28/2026
5,CONCORD,02 TWO FAMILY DWELLINGS,1,641,23,,B2,54 IRVING PLACE,,10304,2,0,2,"5,000","1,848",1920,1,B2,"680,000",04/16/2025
5,CONCORD,02 TWO FAMILY DWELLINGS,1,641,32,,B3,64 IRVING PLACE,,10304,2,0,2,"3,000","1,998",1930,1,B3,"635,000",04/04/2025
5,CONCORD,02 TWO FAMILY DWELLINGS,1,648,4,,B3,45 HAMILTON STREET,,10304,2,0,2,"2,500","1,456",1899,1,B3,"525,000",09/08/2025
5,CONCORD,02 TWO FAMILY DWELLINGS,1,650,5,,B3,1033 VAN DUZER STREET,,10304,2,0,2,"2,825","2,072",1915,1,B3,"710,000",12/19/2025
5,CONCORD,02 TWO FAMILY DWELLINGS,1,650,22,,B1,523 VANDERBILT AVENUE,,10304,2,0,2,"5,000","1,974",1955,1,B1,0,12/02/2025
5,CONCORD,02 TWO FAMILY DWELLINGS,1,650,26,,B2,531 VANDERBILT AVE,,10304,2,0,2,"3,442","2,346",2018,1,B2,0,09/10/2025
5,CONCORD,02 TWO FAMILY DWELLINGS,1,2879,40,,B2,492 VANDERBILT AVENUE,,10304,2,0,2,"5,233","1,297",1945,1,B2,0,12/03/2025
5,CONCORD,02 TWO FAMILY DWELLINGS,1,2879,187,,B3,28 CLIFFSIDE AVENUE,,10304,2,0,2,"3,358","1,890",1932,1,B3,0,08/15/2025
5,CONCORD,02 TWO FAMILY DWELLINGS,1,2882,46,,S2,578 RICHMOND ROAD,,10304,2,1,3,"2,475","2,250",1951,1,S2,"620,000",06/18/2025
5,CONCORD,02 TWO FAMILY DWELLINGS,1,2895,26,,B3,381 HANOVER AVENUE,,10304,2,0,2,"4,000","2,090",1955,1,B3,0,11/13/2025
5,CONCORD,03 THREE FAMILY DWELLINGS,1,650,8,,C0,1023 VAN DUZER STREET,,10304,3,0,3,"2,415","1,440",1950,1,C0,"800,000",12/29/2025
5,CONCORD,03 THREE FAMILY DWELLINGS,1,2908,4,,C0,422 HANOVER AVENUE,,10304,3,0,3,"5,000","2,500",1920,1,C0,"950,000",11/07/2025
5,CONCORD,05 TAX CLASS 1 VACANT LAND,1B,2884,15,,V0,N/A RHINE AVENUE,,10304,0,0,0,"2,500",0,,1,V0,0,05/20/2025
5,CONCORD,05 TAX CLASS 1 VACANT LAND,1B,2906,15,,V0,N/A ODER AVENUE,,10304,0,0,0,"2,500",0,,1,V0,0,06/13/2025
5,CONCORD,05 TAX CLASS 1 VACANT LAND,1B,2906,15,,V0,N/A ODER AVENUE,,10304,0,0,0,"2,500",0,,1,V0,"690,000",04/15/2025
5,CONCORD,07 RENTALS - WALKUP APARTMENTS,2A,648,40,,C3,310 HILLSIDE AVENUE,,10304,4,0,4,"5,000","3,156",1925,2,C3,"1,275,000",11/24/2025
5,CONCORD,07 RENTALS - WALKUP APARTMENTS,2A,650,6,,C3,1025 VAN DUZER STREET,,10304,4,0,4,"2,639","4,159",1930,2,C3,"875,000",12/29/2025
5,CONCORD,14 RENTALS - 4-10 UNIT,2A,648,33,,S4,959 VAN DUZER STREET,,10304,4,1,5,"5,300","7,056",1925,2,S4,0,04/30/2025
5,CONCORD,22 STORE BUILDINGS,4,633,52,,K1,74 OSGOOD AVENUE,,10304,0,1,1,"2,875","1,045",1931,4,K1,"215,000",09/30/2025
5,CONCORD-FOX HILLS,01 ONE FAMILY DWELLINGS,1,2922,56,,A5,208 OSGOOD AVENUE,,10304,1,0,1,"2,168","1,288",2005,1,A5,"720,000",02/20/2026
5,CONCORD-FOX HILLS,01 ONE FAMILY DWELLINGS,1,2922,61,,A5,218 OSGOOD AVENUE,,10304,1,0,1,"2,168","1,288",2005,1,A5,0,05/30/2025
5,CONCORD-FOX HILLS,01 ONE FAMILY DWELLINGS,1,2925,16,,A5,417 SKYLINE DRIVE,,10304,1,0,1,"1,017","1,198",1994,1,A5,"453,800",01/28/2026
5,CONCORD-FOX HILLS,01 ONE FAMILY DWELLINGS,1,2925,38,,A5,140 LONG POND LANE,,10304,1,0,1,"2,100",936,1992,1,A5,0,06/19/2025
5,CONCORD-FOX HILLS,01 ONE FAMILY DWELLINGS,1,2925,156,,A5,35 LONG POND LANE,,10304,1,0,1,480,936,1992,1,A5,0,11/06/2025
5,CONCORD-FOX HILLS,01 ONE FAMILY DWELLINGS,1,2925,188,,A5,38 SKYLINE DRIVE,,10304,1,0,1,819,936,1992,1,A5,"582,000",08/13/2025
5,CONCORD-FOX HILLS,01 ONE FAMILY DWELLINGS,1,2925,234,,A5,159 SKYLINE DRIVE,,10304,1,0,1,"1,059","1,506",1993,1,A5,0,07/29/2025
5,CONCORD-FOX HILLS,01 ONE FAMILY DWELLINGS,1,2925,307,,A5,60 STAGE LANE,,10304,1,0,1,"1,144","1,820",1992,1,A5,"481,650",02/18/2026
5,CONCORD-FOX HILLS,01 ONE FAMILY DWELLINGS,1,2925,308,,A5,62 STAGE LANE,,10304,1,0,1,"1,093","1,820",1992,1,A5,0,09/23/2025
5,CONCORD-FOX HILLS,01 ONE FAMILY DWELLINGS,1,2925,317,,A5,78 STAGE LANE,,10304,1,0,1,"1,175","1,725",1994,1,A5,"558,999",10/07/2025
5,CONCORD-FOX HILLS,01 ONE FAMILY DWELLINGS,1,2925,346,,A5,111 LONG POND LANE,,10304,1,0,1,988,"1,506",1994,1,A5,"580,000",04/08/2025
5,CONCORD-FOX HILLS,01 ONE FAMILY DWELLINGS,1,2925,399,,A5,372 SKYLINE DRIVE,,10304,1,0,1,"1,113",780,1995,1,A5,0,08/07/2025
5,CONCORD-FOX HILLS,01 ONE FAMILY DWELLINGS,1,2925,529,,A5,38 STUDIO LANE,,10304,1,0,1,"1,245","1,365",1998,1,A5,"600,000",09/17/2025
5,CONCORD-FOX HILLS,01 ONE FAMILY DWELLINGS,1,2925,531,,A5,42 STUDIO LANE,,10304,1,0,1,"1,245","1,365",1998,1,A5,"588,000",01/09/2026
5,CONCORD-FOX HILLS,01 ONE FAMILY DWELLINGS,1,2925,534,,A5,48 STUDIO LANE,,10304,1,0,1,"1,105",910,1998,1,A5,"295,074",07/18/2025
5,CONCORD-FOX HILLS,01 ONE FAMILY DWELLINGS,1,2925,547,,A5,21 STUDIO LANE,,10304,1,0,1,"1,050",910,2002,1,A5,"579,900",09/25/2025
5,CONCORD-FOX HILLS,01 ONE FAMILY DWELLINGS,1,2925,572,,A5,22 CELEBRATION LANE,,10304,1,0,1,"1,120",900,2002,1,A5,"445,000",05/22/2025
5,CONCORD-FOX HILLS,01 ONE FAMILY DWELLINGS,1,2925,580,,A5,228 SKYLINE DRIVE,,10304,1,0,1,"1,150",900,2002,1,A5,"540,000",06/24/2025
5,CONCORD-FOX HILLS,01 ONE FAMILY DWELLINGS,1,2925,585,,A5,218 SKYLINE DRIVE,,10304,1,0,1,"1,175",900,2002,1,A5,0,07/28/2025
5,CONCORD-FOX HILLS,01 ONE FAMILY DWELLINGS,1,2925,595,,A5,16 SKY LANE,,10304,1,0,1,"1,975",900,2002,1,A5,0,11/07/2025
5,CONCORD-FOX HILLS,01 ONE FAMILY DWELLINGS,1,2925,595,,A5,16 SKY LANE,,10304,1,0,1,"1,975",900,2002,1,A5,"357,500",04/07/2025
5,CONCORD-FOX HILLS,01 ONE FAMILY DWELLINGS,1,2925,595,,A5,16 SKY LANE,,10304,1,0,1,"1,975",900,2002,1,A5,"470,000",07/16/2025
5,CONCORD-FOX HILLS,01 ONE FAMILY DWELLINGS,1,2925,609,,A5,248 SKYLINE DRIVE,,10304,1,0,1,"1,050",900,2002,1,A5,0,11/26/2025
5,CONCORD-FOX HILLS,01 ONE FAMILY DWELLINGS,1,2925,635,,A5,249 SKYLINE DRIVE,,10304,1,0,1,"1,090",900,2002,1,A5,"628,000",04/17/2025
5,CONCORD-FOX HILLS,01 ONE FAMILY DWELLINGS,1,2925,652,,A5,207 SKYLINE DR,,10304,1,0,1,"2,250",900,2002,1,A5,0,10/26/2025
5,CONCORD-FOX HILLS,01 ONE FAMILY DWELLINGS,1,2930,3,,A5,260 MOSEL AVENUE,,10304,1,0,1,"2,125","1,460",2001,1,A5,"580,000",08/15/2025
5,CONCORD-FOX HILLS,01 ONE FAMILY DWELLINGS,1,2930,44,,A5,21 LEEWOOD LOOP,,10304,1,0,1,"2,500","1,460",2001,1,A5,"680,000",02/25/2026
5,CONCORD-FOX HILLS,01 ONE FAMILY DWELLINGS,1,2930,67,,A5,70 LEEWOOD LOOP,,10304,1,0,1,"3,175","1,460",2001,1,A5,0,04/09/2025
5,CONCORD-FOX HILLS,08 RENTALS - ELEVATOR APARTMENTS,2,2922,1,,D1,200-280 PARK HILL AVENUE,,10304,404,0,404,"213,290","408,800",1968,2,D1,"135,259,627",12/18/2025
5,CONCORD-FOX HILLS,08 RENTALS - ELEVATOR APARTMENTS,2,2922,150,,D1,225 PARK HILL AVENUE,,10304,305,0,305,"139,400","297,600",1970,2,D1,"94,101,553",12/18/2025
5,CONCORD-FOX HILLS,08 RENTALS - ELEVATOR APARTMENTS,2,2922,265,,D1,140 PARK HILL AVENUE,,10304,403,0,403,"208,000","408,800",1966,2,D1,"135,190,739",12/18/2025
5,CONCORD-FOX HILLS,09 COOPS - WALKUP APARTMENTS,2C,2925,463,,C6,"330 SKYLINE DRIVE, 330F",,10304,,,,,,2000,2,C6,"220,000",09/11/2025
5,CONCORD-FOX HILLS,09 COOPS - WALKUP APARTMENTS,2C,2925,463,,C6,"330 SKYLINE DRIVE, H",,10304,,,,,,2000,2,C6,"205,000",11/12/2025
5,DONGAN HILLS,01 ONE FAMILY DWELLINGS,1,3185,52,,A1,8 TACOMA STREET,,10304,1,0,1,"3,840","1,891",2024,1,A1,"1,298,000",08/06/2025
5,DONGAN HILLS,01 ONE FAMILY DWELLINGS,1,3189,55,,A2,22 SCRANTON STREET,,10304,1,0,1,"6,000","1,837",1965,1,A2,"795,000",12/08/2025
5,DONGAN HILLS,01 ONE FAMILY DWELLINGS,1,3191,16,,A2,1196 RICHMOND ROAD,,10304,1,0,1,"6,820","1,118",1965,1,A2,"830,000",06/23/2025
5,DONGAN HILLS,01 ONE FAMILY DWELLINGS,1,3191,80,,A2,63 ALBRIGHT STREET,,10304,1,0,1,"3,800",960,1960,1,A2,0,12/04/2025
5,DONGAN HILLS,01 ONE FAMILY DWELLINGS,1,3191,124,,A1,55 WILSON STREET,,10304,1,0,1,"4,000","1,998",1960,1,A1,0,10/25/2025
5,DONGAN HILLS,01 ONE FAMILY DWELLINGS,1,3191,148,,A2,7 WILSON STREET,,10304,1,0,1,"5,400","1,008",1955,1,A2,"682,228",09/24/2025
5,DONGAN HILLS,01 ONE FAMILY DWELLINGS,1,3191,186,,A2,51 DURGES STREET,,10304,1,0,1,"6,000","1,300",1965,1,A2,0,06/16/2025
5,DONGAN HILLS,01 ONE FAMILY DWELLINGS,1,3191,186,,A2,51 DURGES STREET,,10304,1,0,1,"6,000","1,300",1965,1,A2,0,10/16/2025
5,DONGAN HILLS,01 ONE FAMILY DWELLINGS,1,3191,186,,A2,51 DURGES STREET,,10304,1,0,1,"6,000","1,300",1965,1,A2,0,10/21/2025
5,DONGAN HILLS,01 ONE FAMILY DWELLINGS,1,3191,227,,A1,154 PROVIDENCE STREET,,10304,1,0,1,"6,000","1,880",1965,1,A1,"1,250,000",10/03/2025
5,DONGAN HILLS,01 ONE FAMILY DWELLINGS,1,3200,109,,A2,251 NORTH RAILROAD AVE,,10304,1,0,1,"4,500","1,050",1965,1,A2,"820,000",05/01/2025
5,DONGAN HILLS,01 ONE FAMILY DWELLINGS,1,3289,65,,A2,65 NEWBERRY AVENUE,,10304,1,0,1,"3,900",960,1950,1,A2,"870,000",08/18/2025
5,DONGAN HILLS,01 ONE FAMILY DWELLINGS,1,3290,47,,A1,13 BANK PLACE,,10304,1,0,1,"5,000",906,1935,1,A1,0,05/08/2025
5,DONGAN HILLS,01 ONE FAMILY DWELLINGS,1,3290,64,,A1,51 BURGHER AVENUE,,10304,1,0,1,"6,000","2,070",1920,1,A1,0,07/17/2025
5,DONGAN HILLS,01 ONE FAMILY DWELLINGS,1,3293,48,,A1,53 RARITAN AVENUE,,10304,1,0,1,"3,000","1,290",1925,1,A1,"830,000",08/25/2025
5,DONGAN HILLS,01 ONE FAMILY DWELLINGS,1,3295,29,,A5,102 BURGHER AVENUE,,10304,1,0,1,"1,450","1,600",1993,1,A5,"690,000",01/23/2026
5,DONGAN HILLS,01 ONE FAMILY DWELLINGS,1,3296,20,,A2,100 ATLANTIC AVENUE,,10304,1,0,1,"4,758",832,1955,1,A2,"595,000",08/07/2025
5,DONGAN HILLS,01 ONE FAMILY DWELLINGS,1,3298,27,,A2,40 DELAWARE AVENUE,,10304,1,0,1,"7,500","1,209",1910,1,A2,"700,000",06/04/2025
5,DONGAN HILLS,01 ONE FAMILY DWELLINGS,1,3298,44,,A2,33 ALTER AVENUE,,10304,1,0,1,"5,000","1,128",1915,1,A2,0,10/28/2025
5,DONGAN HILLS,01 ONE FAMILY DWELLINGS,1,3298,48,,A1,21 ALTER AVENUE,,10304,1,0,1,"10,700","1,896",1915,1,A1,0,10/28/2025
5,DONGAN HILLS,01 ONE FAMILY DWELLINGS,1,3299,24,,A2,20 ALTER AVENUE,,10304,1,0,1,"5,088","1,576",1925,1,A2,0,07/07/2025
5,DONGAN HILLS,01 ONE FAMILY DWELLINGS,1,3300,4,,A1,54 DELAWARE AVENUE,,10304,1,0,1,"5,000","1,328",1915,1,A1,0,11/21/2025
5,DONGAN HILLS,01 ONE FAMILY DWELLINGS,1,3301,29,,A1,90 ALTER AVENUE,,10304,1,0,1,"5,350","1,596",1920,1,A1,"970,000",01/27/2026
5,DONGAN HILLS,01 ONE FAMILY DWELLINGS,1,3312,44,,A5,411 NORTH RAILROAD AVE,,10304,1,0,1,"2,500","1,340",1965,1,A5,0,02/20/2026
5,DONGAN HILLS,01 ONE FAMILY DWELLINGS,1,3315,1,,A1,34 BEAR STREET,,10304,1,0,1,"7,156","2,582",1950,1,A1,"1,210,000",12/11/2025
5,DONGAN HILLS,01 ONE FAMILY DWELLINGS,1,3315,25,,A2,176 ATLANTIC AVENUE,,10304,1,0,1,"4,025",702,1950,1,A2,10,06/11/2025
5,DONGAN HILLS,01 ONE FAMILY DWELLINGS,1,3316,72,,A5,137 DELAWARE AVENUE,,10304,1,0,1,"2,500","1,440",2003,1,A5,"860,000",12/10/2025
5,DONGAN HILLS,01 ONE FAMILY DWELLINGS,1,3317,17,,A1,156 DELAWARE AVENUE,,10304,1,0,1,"5,000","2,590",2004,1,A1,"1,425,000",08/15/2025
5,DONGAN HILLS,01 ONE FAMILY DWELLINGS,1,3319,14,,A1,134 CROMWELL AVENUE,,10304,1,0,1,"4,850","2,310",1940,1,A1,"925,000",06/26/2025
5,DONGAN HILLS,01 ONE FAMILY DWELLINGS,1,3320,69,,A1,76 JEFFERSON STREET,,10304,1,0,1,"2,700","1,410",1950,1,A1,"735,000",02/10/2026
5,DONGAN HILLS,01 ONE FAMILY DWELLINGS,1,3325,20,,A5,54 SOUTH RAILROAD AVE,,10305,1,0,1,"2,364","1,188",1984,1,A5,"781,000",11/06/2025
5,DONGAN HILLS,01 ONE FAMILY DWELLINGS,1,3325,22,,A5,50 SOUTH RAILROAD AVE,,10305,1,0,1,"2,352","1,188",1984,1,A5,10,04/23/2025
5,DONGAN HILLS,01 ONE FAMILY DWELLINGS,1,3326,39,,A5,134 BATH AVENUE,,10305,1,0,1,"2,500","1,280",1995,1,A5,"370,000",04/02/2025
5,DONGAN HILLS,01 ONE FAMILY DWELLINGS,1,3328,45,,A5,106 S RAILROAD AVE,,10305,1,0,1,"2,075","1,220",1970,1,A5,0,12/09/2025
5,DONGAN HILLS,01 ONE FAMILY DWELLINGS,1,3328,48,,A5,97 SOUTH RAILROAD AVENUE,,10305,1,0,1,"2,200","1,220",1964,1,A5,"300,000",06/24/2025
5,DONGAN HILLS,01 ONE FAMILY DWELLINGS,1,3328,62,,A5,14 BENTON AVENUE,,10305,1,0,1,"2,214","1,220",1960,1,A5,"650,000",05/23/2025
5,DONGAN HILLS,01 ONE FAMILY DWELLINGS,1,3329,13,,A5,132 SOUTH RAILROAD AVENUE,,10305,1,0,1,"2,352","1,570",1996,1,A5,"810,000",11/18/2025
5,DONGAN HILLS,01 ONE FAMILY DWELLINGS,1,3330,24,,A1,233 ATLANTIC AVENUE,,10305,1,0,1,"4,700","1,787",1950,1,A1,"975,000",06/03/2025
5,DONGAN HILLS,01 ONE FAMILY DWELLINGS,1,3335,39,,A1,237 ALTER AVENUE,,10305,1,0,1,"4,300","1,710",1925,1,A1,0,06/20/2025
5,DONGAN HILLS,01 ONE FAMILY DWELLINGS,1,3335,48,,A1,217 ALTER AVENUE,,10305,1,0,1,"4,300",878,1920,1,A1,0,05/06/2025
5,DONGAN HILLS,01 ONE FAMILY DWELLINGS,1,3337,49,,A2,281 ALTER AVENUE,,10305,1,0,1,"4,300","1,224",1955,1,A2,"575,000",04/23/2025
5,DONGAN HILLS,01 ONE FAMILY DWELLINGS,1,3342,77,,A5,235 SEAVIEW AVE,,10305,1,0,1,"2,475","1,200",1994,1,A5,0,02/16/2026
5,DONGAN HILLS,01 ONE FAMILY DWELLINGS,1,3344,6,,A1,260 GARRETSON AVENUE,,10305,1,0,1,"3,157","1,672",1941,1,A1,"425,000",10/23/2025
5,DONGAN HILLS,02 TWO FAMILY DWELLINGS,1,3194,3,,B2,81 PROVIDENCE STREET,,10304,2,0,2,"4,294","2,584",1980,1,B2,"1,025,000",01/06/2026
5,DONGAN HILLS,02 TWO FAMILY DWELLINGS,1,3200,152,,B2,272 NORTH RAILROAD AVENUE,,10304,2,0,2,"6,201","2,376",1965,1,B2,"953,000",06/17/2025
5,DONGAN HILLS,02 TWO FAMILY DWELLINGS,1,3285,5,,B2,1250 RICHMOND ROAD,,10304,2,0,2,"4,495","2,400",1915,1,B2,"772,000",09/02/2025
5,DONGAN HILLS,02 TWO FAMILY DWELLINGS,1,3287,33,,B9,97 WILSON STREET,,10304,2,0,2,"2,560","2,377",1984,1,B9,10,11/26/2025
5,DONGAN HILLS,02 TWO FAMILY DWELLINGS,1,3289,78,,B3,41 NEWBERRY AVENUE,,10304,2,0,2,"5,000","1,370",1915,1,B3,"860,000",01/30/2026
5,DONGAN HILLS,02 TWO FAMILY DWELLINGS,1,3290,33,,B3,30 NEWBERRY AVENUE,,10304,2,0,2,"7,550","3,021",1925,1,B3,0,01/12/2026
5,DONGAN HILLS,02 TWO FAMILY DWELLINGS,1,3299,29,,B2,30 ALTER AVENUE,,10304,2,0,2,"5,500","1,792",1920,1,B2,0,10/07/2025
5,DONGAN HILLS,02 TWO FAMILY DWELLINGS,1,3300,19,,B2,82 DELAWARE AVENUE,,10304,2,0,2,"3,768","2,207",2011,1,B2,"1,352,000",01/15/2026
5,DONGAN HILLS,02 TWO FAMILY DWELLINGS,1,3303,6,,B2,70 PLATTSBURG STREET,,10304,2,0,2,"3,778","2,253",2024,1,B2,"1,486,645",05/29/2025
5,DONGAN HILLS,02 TWO FAMILY DWELLINGS,1,3303,7,,B2,N/A CROMWELL AVENUE,,10304,2,0,2,"3,583","2,138",2024,1,B2,"1,476,463",05/14/2025
5,DONGAN HILLS,02 TWO FAMILY DWELLINGS,1,3305,41,,B3,64 GARRETSON AVENUE,,10304,2,0,2,"5,100","1,152",1915,1,B3,"825,000",04/21/2025
5,DONGAN HILLS,02 TWO FAMILY DWELLINGS,1,3305,52,,B2,65 JEFFERSON STREET,,10304,2,0,2,"5,390","2,080",1960,1,B2,"300,000",08/26/2025
5,DONGAN HILLS,02 TWO FAMILY DWELLINGS,1,3305,89,,B3,19 SEAVIEW AVENUE,,10304,2,0,2,"7,500","1,920",1915,1,B3,"875,000",04/08/2025
5,DONGAN HILLS,02 TWO FAMILY DWELLINGS,1,3311,27,,B9,2 REMSEN STREET,,10304,2,0,2,"2,340","1,972",1970,1,B9,"875,000",04/22/2025
5,DONGAN HILLS,02 TWO FAMILY DWELLINGS,1,3312,48,,B2,419 NORTH RAILROAD AVE,,10304,2,0,2,"7,500","2,840",1945,1,B2,0,06/27/2025
5,DONGAN HILLS,02 TWO FAMILY DWELLINGS,1,3316,30,,B1,186 RARITAN AVENUE,,10304,2,0,2,"5,000","2,392",1960,1,B1,"1,075,000",06/26/2025
5,DONGAN HILLS,02 TWO FAMILY DWELLINGS,1,3319,37,,B9,168 CROMWELL AVENUE,,10304,2,0,2,"2,522","1,648",1940,1,B9,"600,000",01/20/2026
5,DONGAN HILLS,02 TWO FAMILY DWELLINGS,1,3330,32,,B2,215 ATLANTIC AVENUE,,10305,2,0,2,"5,000","2,100",1960,1,B2,"1,070,000",07/14/2025
5,DONGAN HILLS,02 TWO FAMILY DWELLINGS,1,3333,44,,B2,293 RARITAN AVENUE,,10305,2,0,2,"2,500","1,640",1901,1,B2,"100,000",04/17/2025
5,DONGAN HILLS,02 TWO FAMILY DWELLINGS,1,3336,8,,B3,286 RARITAN AVENUE,,10305,2,0,2,"4,900","1,040",1945,1,B3,"865,000",02/26/2026
5,DONGAN HILLS,02 TWO FAMILY DWELLINGS,1,3336,20,,B3,306 RARITAN AVENUE,,10305,2,0,2,"4,900","1,040",1945,1,B3,0,12/11/2025
5,DONGAN HILLS,02 TWO FAMILY DWELLINGS,1,3339,27,,B2,240 ALTER AVENUE,,10305,2,0,2,"4,000","2,680",2006,1,B2,"1,280,000",11/26/2025
5,DONGAN HILLS,02 TWO FAMILY DWELLINGS,1,3339,80,,B1,241 CROMWELL AVENUE,,10305,2,0,2,"6,240","2,000",1955,1,B1,"950,000",08/14/2025
5,DONGAN HILLS,02 TWO FAMILY DWELLINGS,1,3342,18,,S2,76 HANCOCK STREET,,10305,2,1,3,"5,580","3,947",1920,1,S2,0,11/18/2025
5,DONGAN HILLS,02 TWO FAMILY DWELLINGS,1,3342,80,,B2,201 SEAVIEW AVENUE,,10305,2,0,2,"4,950","2,808",1960,1,B2,"1,050,000",11/20/2025
5,DONGAN HILLS,03 THREE FAMILY DWELLINGS,1,3288,35,,C0,56 WHITAKER PLACE,,10304,3,0,3,"2,100","2,860",1965,1,C0,"950,000",07/23/2025
5,DONGAN HILLS,03 THREE FAMILY DWELLINGS,1,3317,32,,C0,545 NORTH RAILROAD AVE,,10304,3,0,3,"3,127","3,861",1975,1,C0,"950,000",09/25/2025
5,DONGAN HILLS,04 TAX CLASS 1 CONDOS,1A,3328,1002,,R3,"141 EVERGREEN AVENUE, 2A",2A,10305,1,,1,,,2020,1,R3,"530,000",02/09/2026
5,DONGAN HILLS,05 TAX CLASS 1 VACANT LAND,1B,3319,13,,V0,N/A CROMWELL AVENUE,,10304,0,0,0,"2,425",0,,1,V0,"925,000",06/26/2025
5,DONGAN HILLS,05 TAX CLASS 1 VACANT LAND,1B,3338,46,,V0,N/A CROMWELL AVENUE,,10305,0,0,0,"1,428",0,,1,V0,"65,000",05/02/2025
5,DONGAN HILLS,07 RENTALS - WALKUP APARTMENTS,2,3331,12,,C1,208 ATLANTIC AVENUE,,10305,24,0,24,"15,000","16,992",1973,2,C1,"2,200,274",12/29/2025
5,DONGAN HILLS,10 COOPS - ELEVATOR APARTMENTS,2,3191,61,,D4,"1160 RICHMOND ROAD, 4E",,10304,,,,,,1969,2,D4,"285,000",11/06/2025
5,DONGAN HILLS,10 COOPS - ELEVATOR APARTMENTS,2,3191,61,,D4,"1160 RICHMOND ROAD, 7B",,10304,,,,,,1969,2,D4,"340,000",12/11/2025
5,DONGAN HILLS,12 CONDOS - WALKUP APARTMENTS,2,3318,1003,,R2,"163 CROMWELL AVENUE, 1C",1C,10304,1,,1,,,1972,2,R2,0,07/31/2025
5,DONGAN HILLS,21 OFFICE BUILDINGS,4,3292,7,,O9,1374 RICHMOND ROAD,,10304,1,2,3,"11,700","6,280",1920,4,O9,"1,625,000",02/05/2026
5,DONGAN HILLS,21 OFFICE BUILDINGS,4,3303,12,,O7,78 CROMWELL AVENUE,,10304,0,3,3,"13,650","9,836",1992,4,O7,"3,200,000",01/30/2026
5,DONGAN HILLS,29 COMMERCIAL GARAGES,4,3333,19,,G8,1581 HYLAN BOULEVARD,,10305,0,1,1,"12,500","7,888",2004,4,G8,"3,516,600",11/07/2025
5,DONGAN HILLS,29 COMMERCIAL GARAGES,4,3333,26,,G8,1591 HYLAN BOULEVARD,,10305,0,1,1,"10,600","14,252",2002,4,G8,"4,426,000",11/07/2025
5,DONGAN HILLS,29 COMMERCIAL GARAGES,4,3333,32,,G7,N/A RARITAN AVENUE,,10304,0,0,0,"7,500",0,,4,G7,"727,600",11/07/2025
5,DONGAN HILLS,29 COMMERCIAL GARAGES,4,3336,26,,G8,1605 HYLAN BLVD,,10305,0,1,1,"15,500","5,273",1987,4,G8,"2,291,800",11/07/2025
5,DONGAN HILLS,29 COMMERCIAL GARAGES,4,3336,35,,G7,319 DELAWARE AVENUE,,10305,0,0,0,"5,000",0,,4,G7,"505,300",11/07/2025
5,DONGAN HILLS-COLONY,01 ONE FAMILY DWELLINGS,1,835,20,,A2,53 SPRING STREET,,10304,1,0,1,"3,960",878,1955,1,A2,10,10/02/2025
5,DONGAN HILLS-COLONY,01 ONE FAMILY DWELLINGS,1,835,105,,A3,178 DOUGLAS ROAD,,10304,1,0,1,"11,816","5,156",1985,1,A3,"1,880,000",06/18/2025
5,DONGAN HILLS-COLONY,01 ONE FAMILY DWELLINGS,1,835,261,,A1,56 WILSON TERRACE,,10304,1,0,1,"7,455","2,704",1970,1,A1,0,01/20/2026
5,DONGAN HILLS-COLONY,01 ONE FAMILY DWELLINGS,1,835,341,,A2,101 WILSON TERRACE,,10304,1,0,1,"4,000",912,1960,1,A2,0,10/22/2025
5,DONGAN HILLS-COLONY,01 ONE FAMILY DWELLINGS,1,835,372,,A1,13 WILSON TERRACE,,10304,1,0,1,"4,100","3,289",1965,1,A1,"990,000",01/26/2026
5,DONGAN HILLS-COLONY,01 ONE FAMILY DWELLINGS,1,839,51,,A1,33 EMERSON COURT,,10304,1,0,1,"4,708","1,536",1965,1,A1,"850,000",08/20/2025
5,DONGAN HILLS-COLONY,01 ONE FAMILY DWELLINGS,1,839,128,,A1,480 OCEAN TERRACE,,10301,1,0,1,"13,920","2,345",1920,1,A1,"1,310,000",09/15/2025
5,DONGAN HILLS-COLONY,01 ONE FAMILY DWELLINGS,1,842,103,,A2,71 ELTINGE STREET,,10304,1,0,1,"6,132","1,272",1955,1,A2,"965,000",09/16/2025
5,DONGAN HILLS-COLONY,01 ONE FAMILY DWELLINGS,1,843,61,,A3,21 FRANCIS PLACE,,10304,1,0,1,"6,000","3,821",1986,1,A3,"1,630,000",06/16/2025
5,DONGAN HILLS-COLONY,01 ONE FAMILY DWELLINGS,1,843,65,,A3,15 FRANCIS PLACE,,10304,1,0,1,"5,940","3,818",1986,1,A3,0,02/06/2026
5,DONGAN HILLS-COLONY,01 ONE FAMILY DWELLINGS,1,843,67,,A1,7 FRANCIS PLACE,,10304,1,0,1,"6,264","3,818",1986,1,A1,0,06/16/2025
5,DONGAN HILLS-COLONY,01 ONE FAMILY DWELLINGS,1,843,67,,A1,7 FRANCIS PLACE,,10304,1,0,1,"6,264","3,818",1986,1,A1,0,10/16/2025
5,DONGAN HILLS-COLONY,01 ONE FAMILY DWELLINGS,1,843,67,,A1,7 FRANCIS PLACE,,10304,1,0,1,"6,264","3,818",1986,1,A1,0,10/21/2025
5,DONGAN HILLS-COLONY,01 ONE FAMILY DWELLINGS,1,843,109,,A1,22 FRANCIS PLACE,,10304,1,0,1,"5,820","4,350",1986,1,A1,0,09/19/2025
5,DONGAN HILLS-COLONY,01 ONE FAMILY DWELLINGS,1,843,121,,A1,40 FRANCIS PLACE,,10304,1,0,1,"6,660","4,514",1986,1,A1,"1,375,000",06/20/2025
5,DONGAN HILLS-COLONY,01 ONE FAMILY DWELLINGS,1,846,3,,A2,33 HUNTER STREET,,10304,1,0,1,"4,500","1,050",1960,1,A2,"700,000",09/19/2025
5,DONGAN HILLS-COLONY,01 ONE FAMILY DWELLINGS,1,848,100,,A1,67 SPARKILL AVENUE,,10304,1,0,1,"5,000","1,492",1955,1,A1,"1,050,000",07/24/2025
5,DONGAN HILLS-COLONY,01 ONE FAMILY DWELLINGS,1,848,138,,A2,1143 RICHMOND ROAD,,10304,1,0,1,"4,158",912,1955,1,A2,"670,000",09/16/2025
5,DONGAN HILLS-COLONY,01 ONE FAMILY DWELLINGS,1,848,175,,A2,89 HUNTON STREET,,10304,1,0,1,"5,000","1,790",1935,1,A2,0,01/20/2026
5,DONGAN HILLS-COLONY,01 ONE FAMILY DWELLINGS,1,848,388,,A2,22 DUNCAN STREET,,10304,1,0,1,"4,100","1,911",1965,1,A2,"850,000",07/16/2025
5,DONGAN HILLS-COLONY,01 ONE FAMILY DWELLINGS,1,849,120,,A1,15 MIDWAY PLACE,,10304,1,0,1,"6,350","2,681",1967,1,A1,0,04/10/2025
5,DONGAN HILLS-COLONY,01 ONE FAMILY DWELLINGS,1,849,120,,A1,15 MIDWAY PLACE,,10304,1,0,1,"6,350","2,681",1967,1,A1,"980,000",09/30/2025
5,DONGAN HILLS-COLONY,01 ONE FAMILY DWELLINGS,1,849,260,,A2,90 HUNTON STREET,,10304,1,0,1,"10,000","1,672",1960,1,A2,0,04/14/2025
5,DONGAN HILLS-COLONY,01 ONE FAMILY DWELLINGS,1,850,20,,A1,179 MASON STREET,,10304,1,0,1,"2,500","2,456",1980,1,A1,"1,180,000",05/20/2025
5,DONGAN HILLS-COLONY,01 ONE FAMILY DWELLINGS,1,851,1,,A2,85 VISTA AVENUE,,10304,1,0,1,"5,000",768,1960,1,A2,0,06/09/2025
5,DONGAN HILLS-COLONY,01 ONE FAMILY DWELLINGS,1,855,19,,A2,35 GREENPORT STREET,,10304,1,0,1,"4,400","1,196",1960,1,A2,"851,000",11/24/2025
5,DONGAN HILLS-COLONY,01 ONE FAMILY DWELLINGS,1,855,23,,A2,27 GREENPORT STREET,,10304,1,0,1,"4,400","1,196",1945,1,A2,0,05/16/2025
5,DONGAN HILLS-COLONY,01 ONE FAMILY DWELLINGS,1,857,17,,A3,33 OAKDALE AVENUE,,10304,1,0,1,"6,000","4,036",1960,1,A3,"1,473,400",06/10/2025
5,DONGAN HILLS-COLONY,01 ONE FAMILY DWELLINGS,1,860,22,,A1,134 RIDGE AVENUE,,10304,1,0,1,"5,000","3,150",1925,1,A1,"1,980,000",01/15/2026
5,DONGAN HILLS-COLONY,01 ONE FAMILY DWELLINGS,1,860,340,,A3,19 ELAINE COURT,,10304,1,0,1,"19,408","4,025",1986,1,A3,0,09/30/2025
5,DONGAN HILLS-COLONY,01 ONE FAMILY DWELLINGS,1,866,480,,A3,16 COLDSPRING COURT,,10304,1,0,1,"13,500","4,388",1996,1,A3,0,04/25/2025
5,DONGAN HILLS-COLONY,01 ONE FAMILY DWELLINGS,1,866,490,,A3,87 CIRCLE ROAD,,10304,1,0,1,"28,200","6,700",1996,1,A3,0,11/12/2025
5,DONGAN HILLS-COLONY,01 ONE FAMILY DWELLINGS,1,869,74,,A1,72 DALEMERE ROAD,,10304,1,0,1,"23,775","3,271",1955,1,A1,"1,795,000",12/16/2025
5,DONGAN HILLS-COLONY,01 ONE FAMILY DWELLINGS,1,869,212,,A2,2 DALEMERE ROAD,,10304,1,0,1,"7,480","1,323",1960,1,A2,0,12/15/2025
5,DONGAN HILLS-COLONY,01 ONE FAMILY DWELLINGS,1,869,356,,A3,17 SABRINA LANE,,10304,1,0,1,"6,060","2,500",1997,1,A3,"1,650,000",12/05/2025
5,DONGAN HILLS-COLONY,01 ONE FAMILY DWELLINGS,1,869,406,,A0,110 FOREST ROAD,,10304,1,0,1,"5,410","1,110",1955,1,A0,"750,000",04/03/2025
5,DONGAN HILLS-COLONY,01 ONE FAMILY DWELLINGS,1,869,406,,A0,110 FOREST ROAD,,10304,1,0,1,"5,410","1,110",1955,1,A0,"959,000",06/17/2025
5,DONGAN HILLS-COLONY,01 ONE FAMILY DWELLINGS,1,869,563,,A1,65 DELAWARE STREET,,10304,1,0,1,"4,700","1,560",1960,1,A1,0,09/04/2025
5,DONGAN HILLS-COLONY,01 ONE FAMILY DWELLINGS,1,869,576,,A1,93 DELAWARE STREET,,10304,1,0,1,"8,000","1,548",1960,1,A1,10,06/04/2025
5,DONGAN HILLS-COLONY,01 ONE FAMILY DWELLINGS,1,869,722,,A0,193 DUTCHESS AVENUE,,10304,1,0,1,"10,000","2,408",1950,1,A0,0,02/13/2026
5,DONGAN HILLS-COLONY,01 ONE FAMILY DWELLINGS,1,869,739,,A1,22 DELAWARE STREET,,10304,1,0,1,"4,000","1,580",1920,1,A1,"755,000",10/02/2025
5,DONGAN HILLS-COLONY,01 ONE FAMILY DWELLINGS,1,869,746,,A2,11 NORDEN STREET,,10304,1,0,1,"4,000","1,592",1920,1,A2,"1,360,000",11/17/2025
5,DONGAN HILLS-COLONY,01 ONE FAMILY DWELLINGS,1,869,900,,A2,87 OVERLOOK AVENUE,,10304,1,0,1,"10,000",808,1930,1,A2,0,12/03/2025
5,DONGAN HILLS-COLONY,02 TWO FAMILY DWELLINGS,1,835,333,,B2,115 WILSON TERRACE,,10304,2,0,2,"4,800","3,336",1925,1,B2,"1,068,348",11/12/2025
5,DONGAN HILLS-COLONY,02 TWO FAMILY DWELLINGS,1,848,288,,B2,21 UPTON STREET,,10304,2,0,2,"4,200","2,361",1965,1,B2,0,10/07/2025
5,DONGAN HILLS-COLONY,02 TWO FAMILY DWELLINGS,1,848,314,,B2,78 MASON STREET,,10304,2,0,2,"4,200","1,984",1965,1,B2,"1,065,000",07/07/2025
5,DONGAN HILLS-COLONY,02 TWO FAMILY DWELLINGS,1,848,333,,B2,15 DUNCAN STREET,,10304,2,0,2,"4,000","2,359",1965,1,B2,"1,060,000",10/27/2025
5,DONGAN HILLS-COLONY,02 TWO FAMILY DWELLINGS,1,849,287,,B2,32 HUNTON STREET,,10304,2,0,2,"6,320","2,392",1965,1,B2,"1,230,000",12/15/2025
5,DONGAN HILLS-COLONY,02 TWO FAMILY DWELLINGS,1,853,77,,B1,1281 RICHMOND ROAD,,10304,2,0,2,"9,035","4,266",1980,1,B1,"1,200,000",06/26/2025
5,DONGAN HILLS-COLONY,02 TWO FAMILY DWELLINGS,1,859,13,,B1,147 RIDGE AVENUE,,10304,2,0,2,"10,000","2,904",1955,1,B1,0,04/17/2025
5,DONGAN HILLS-COLONY,02 TWO FAMILY DWELLINGS,1,869,516,,B2,99 NORDEN STREET,,10304,2,0,2,"4,000","1,566",1920,1,B2,0,08/28/2025
5,DONGAN HILLS-COLONY,02 TWO FAMILY DWELLINGS,1,869,630,,B2,124 DUTCHESS AVE,,10304,2,0,2,"4,998","1,708",1960,1,B2,"990,000",01/16/2026
5,DONGAN HILLS-COLONY,02 TWO FAMILY DWELLINGS,1,869,948,,B2,95 GREENPORT STREET,,10304,2,0,2,"4,284","2,052",1965,1,B2,0,01/22/2026
5,DONGAN HILLS-COLONY,05 TAX CLASS 1 VACANT LAND,1B,853,3,,V0,N/A OVERLOOK AVENUE,,10304,0,0,0,"6,106",0,,1,V0,"330,000",09/19/2025
5,DONGAN HILLS-COLONY,05 TAX CLASS 1 VACANT LAND,1B,853,91,,V0,N/A RICHMOND ROAD,,10304,0,0,0,"3,250",0,,1,V0,10,07/03/2025
5,DONGAN HILLS-COLONY,05 TAX CLASS 1 VACANT LAND,1B,853,93,,V0,N/A RICHMOND ROAD,,10304,0,0,0,"6,534",0,,1,V0,10,07/03/2025
5,DONGAN HILLS-COLONY,07 RENTALS - WALKUP APARTMENTS,2A,835,18,,C3,29 SPRING STREET,,10304,4,0,4,"3,960","3,374",1932,2,C3,0,07/09/2025
5,DONGAN HILLS-COLONY,07 RENTALS - WALKUP APARTMENTS,2A,835,18,,C3,29 SPRING STREET,,10304,4,0,4,"3,960","3,374",1932,2,C3,0,10/10/2025
5,DONGAN HILLS-COLONY,21 OFFICE BUILDINGS,4,849,156,,O8,1225 RICHMOND ROAD,,10304,1,1,2,"19,440","2,071",1960,4,O8,10,07/17/2025
5,DONGAN HILLS-OLD TOWN,01 ONE FAMILY DWELLINGS,1,3222,25,,A5,32 MCCORMICK,,10305,1,0,1,"2,090",924,1975,1,A5,1,05/01/2025
5,DONGAN HILLS-OLD TOWN,01 ONE FAMILY DWELLINGS,1,3222,41,,A5,4 MCCORMACK PLACE,,10305,1,0,1,"1,710","1,152",1986,1,A5,"512,500",12/02/2025
5,DONGAN HILLS-OLD TOWN,02 TWO FAMILY DWELLINGS,1,3210,1,,B1,40 PARKINSON AVENUE,,10305,2,0,2,"3,612","2,200",2001,1,B1,"940,000",06/16/2025
5,DONGAN HILLS-OLD TOWN,02 TWO FAMILY DWELLINGS,1,3211,15,,B2,66 PARKINSON AVENUE,,10305,2,0,2,"2,500","1,089",1910,1,B2,0,07/24/2025
5,DONGAN HILLS-OLD TOWN,02 TWO FAMILY DWELLINGS,1,3211,17,,B2,68 PARKINSON AVENUE,,10305,2,0,2,"2,500","1,089",1910,1,B2,0,07/24/2025
5,DONGAN HILLS-OLD TOWN,02 TWO FAMILY DWELLINGS,1,3220,14,,B2,75 KERMIT AVENUE,,10305,2,0,2,"1,500","2,270",2006,1,B2,"600,000",10/22/2025
5,DONGAN HILLS-OLD TOWN,02 TWO FAMILY DWELLINGS,1,3220,15,,B2,79 KERMIT AVENUE,,10305,2,0,2,"1,500","2,270",2006,1,B2,"600,000",10/22/2025
5,DONGAN HILLS-OLD TOWN,22 STORE BUILDINGS,4,3214,10,,K1,118 PARKINSON AVENUE,,10305,0,1,1,"1,253",291,1950,4,K1,"180,000",11/07/2025
5,DONGAN HILLS-OLD TOWN,29 COMMERCIAL GARAGES,4,3213,28,,G7,69 WINFIELD AVENUE,,10305,0,0,0,"5,000",0,,4,G7,"875,800",11/07/2025
5,DONGAN HILLS-OLD TOWN,29 COMMERCIAL GARAGES,4,3213,31,,G7,N/A WINFIELD AVENUE,,10305,0,0,0,"5,000",0,,4,G7,"614,400",11/07/2025
5,DONGAN HILLS-OLD TOWN,29 COMMERCIAL GARAGES,4,3213,33,,G7,N/A WINFIELD AVENUE,,10305,0,0,0,"5,000",0,,4,G7,"875,800",11/07/2025
5,DONGAN HILLS-OLD TOWN,29 COMMERCIAL GARAGES,4,3214,1,,G7,N/A WINFIELD AVENUE,,10305,0,0,0,827,0,,4,G7,"3,563,100",11/07/2025
5,DONGAN HILLS-OLD TOWN,29 COMMERCIAL GARAGES,4,3214,18,,G8,1231 HYLAN BLVD,,10305,0,2,2,"18,000","10,000",1997,4,G8,"5,405,600",11/07/2025
5,DONGAN HILLS-OLD TOWN,29 COMMERCIAL GARAGES,4,3214,27,,G8,1239 HYLAN BOULEVARD,,10305,0,1,1,"9,650","9,150",1964,4,G8,"3,563,100",11/07/2025
5,DONGAN HILLS-OLD TOWN,29 COMMERCIAL GARAGES,4,3214,31,,G8,1257 HYLAN BLVD,,10305,0,1,1,"13,800","4,130",1965,4,G8,"1,956,100",11/07/2025
5,ELTINGVILLE,01 ONE FAMILY DWELLINGS,1,5324,182,,A2,14 PRESTON AVENUE,,10312,1,0,1,"4,000","1,764",1965,1,A2,0,04/07/2025
5,ELTINGVILLE,01 ONE FAMILY DWELLINGS,1,5327,38,,A2,385 SYCAMORE STREET,,10312,1,0,1,"8,000","1,196",1965,1,A2,0,08/12/2025
5,ELTINGVILLE,01 ONE FAMILY DWELLINGS,1,5327,42,,A2,389 SYCAMORE STREET,,10312,1,0,1,"6,000","1,092",1965,1,A2,"999,999",09/10/2025
5,ELTINGVILLE,01 ONE FAMILY DWELLINGS,1,5327,57,,A2,97 PRESTON AVENUE,,10312,1,0,1,"4,000",988,1965,1,A2,"785,000",10/02/2025
5,ELTINGVILLE,01 ONE FAMILY DWELLINGS,1,5331,22,,A1,4094 RICHMOND AVENUE,,10312,1,0,1,"4,141","1,128",1970,1,A1,"662,500",05/05/2025
5,ELTINGVILLE,01 ONE FAMILY DWELLINGS,1,5333,1,,A2,122 RETFORD AVENUE,,10312,1,0,1,"4,400",984,1975,1,A2,"830,000",01/09/2026
5,ELTINGVILLE,01 ONE FAMILY DWELLINGS,1,5334,61,,A2,418 SYCAMORE STREET,,10312,1,0,1,"4,000",960,1960,1,A2,0,09/04/2025
5,ELTINGVILLE,01 ONE FAMILY DWELLINGS,1,5335,62,,A1,52 RANKIN STREET,,10312,1,0,1,"4,240","1,500",1965,1,A1,"750,000",01/16/2026
5,ELTINGVILLE,01 ONE FAMILY DWELLINGS,1,5340,25,,A2,17 SHIRLEY AVENUE,,10312,1,0,1,"5,800","1,200",1955,1,A2,"725,000",05/08/2025
5,ELTINGVILLE,01 ONE FAMILY DWELLINGS,1,5342,54,,A1,35 HALES AVENUE,,10312,1,0,1,"6,500","2,063",1955,1,A1,"999,000",10/20/2025
5,ELTINGVILLE,01 ONE FAMILY DWELLINGS,1,5348,4,,A2,4216 RICHMOND AVENUE,,10312,1,0,1,"5,850","1,363",1955,1,A2,0,01/30/2026
5,ELTINGVILLE,01 ONE FAMILY DWELLINGS,1,5348,462,,A1,340 LYNDALE AVENUE,,10312,1,0,1,"5,850","2,888",1955,1,A1,0,06/17/2025
5,ELTINGVILLE,01 ONE FAMILY DWELLINGS,1,5348,468,,A1,326 LYNDALE AVENUE,,10312,1,0,1,"5,850","2,186",1955,1,A1,"1,150,000",10/03/2025
5,ELTINGVILLE,01 ONE FAMILY DWELLINGS,1,5349,69,,A1,324 RETFORD AVENUE,,10312,1,0,1,"5,850","2,750",1955,1,A1,"1,055,000",11/07/2025
5,ELTINGVILLE,01 ONE FAMILY DWELLINGS,1,5349,136,,A2,415 KING STREET,,10312,1,0,1,"6,435","1,080",1955,1,A2,"665,000",01/07/2026
5,ELTINGVILLE,01 ONE FAMILY DWELLINGS,1,5350,7,,A5,422 PRESTON AVENUE,,10312,1,0,1,"2,523","1,184",1960,1,A5,"680,000",10/28/2025
5,ELTINGVILLE,01 ONE FAMILY DWELLINGS,1,5350,106,,A2,87 HALES AVENUE,,10312,1,0,1,"5,799","1,000",1955,1,A2,"850,000",09/29/2025
5,ELTINGVILLE,01 ONE FAMILY DWELLINGS,1,5356,22,,A2,82 WOODS OF ARDEN ROAD,,10312,1,0,1,"4,000","1,100",1955,1,A2,"805,000",01/22/2026
5,ELTINGVILLE,01 ONE FAMILY DWELLINGS,1,5357,31,,A2,90 SEIDMAN AVENUE,,10312,1,0,1,"4,000","1,925",1965,1,A2,"865,000",12/18/2025
5,ELTINGVILLE,01 ONE FAMILY DWELLINGS,1,5357,42,,A1,1391 ARDEN AVENUE,,10312,1,0,1,"4,000","1,900",1945,1,A1,10,04/09/2025
5,ELTINGVILLE,01 ONE FAMILY DWELLINGS,1,5362,22,,A2,160 WOODS OF ARDEN,,10312,1,0,1,"4,000","1,196",1965,1,A2,"730,000",07/16/2025
5,ELTINGVILLE,01 ONE FAMILY DWELLINGS,1,5362,38,,A2,194 WOODS OF ARDEN ROAD,,10312,1,0,1,"4,000","1,196",1965,1,A2,0,01/21/2026
5,ELTINGVILLE,01 ONE FAMILY DWELLINGS,1,5362,75,,A2,143 SEIDMAN AVENUE,,10312,1,0,1,"4,000","1,196",1965,1,A2,0,07/24/2025
5,ELTINGVILLE,01 ONE FAMILY DWELLINGS,1,5363,12,,A2,132 SEIDMAN AVENUE,,10312,1,0,1,"4,000","1,150",1965,1,A2,0,05/07/2025
5,ELTINGVILLE,01 ONE FAMILY DWELLINGS,1,5363,28,,A2,164 SEIDMAN AVE,,10312,1,0,1,"4,000","1,900",1970,1,A2,0,10/02/2025
5,ELTINGVILLE,01 ONE FAMILY DWELLINGS,1,5363,42,,A2,192 SEIDMAN AVENUE,,10312,1,0,1,"4,000","1,150",1965,1,A2,"860,000",11/07/2025
5,ELTINGVILLE,01 ONE FAMILY DWELLINGS,1,5363,70,,A1,1447 ARDEN AVENUE,,10312,1,0,1,"8,000","2,720",1950,1,A1,"1,175,000",12/03/2025
5,ELTINGVILLE,01 ONE FAMILY DWELLINGS,1,5363,81,,A2,1429 ARDEN AVENUE,,10312,1,0,1,"4,000","1,900",1970,1,A2,0,01/30/2026
5,ELTINGVILLE,01 ONE FAMILY DWELLINGS,1,5365,1,,A2,227 WOODS OF ARDEN ROAD,,10312,1,0,1,"4,800","1,056",1960,1,A2,"760,000",06/06/2025
5,ELTINGVILLE,01 ONE FAMILY DWELLINGS,1,5367,31,,A2,32 OBAN ST,,10312,1,0,1,"4,000","1,040",1960,1,A2,0,07/25/2025
5,ELTINGVILLE,01 ONE FAMILY DWELLINGS,1,5367,43,,A2,68 HALES AVENUE,,10312,1,0,1,"5,850","1,321",1965,1,A2,0,07/24/2025
5,ELTINGVILLE,01 ONE FAMILY DWELLINGS,1,5370,14,,A2,102 HALES AVENUE,,10312,1,0,1,"5,850","1,060",1955,1,A2,"777,000",08/28/2025
5,ELTINGVILLE,01 ONE FAMILY DWELLINGS,1,5371,9,,A1,297 WOODS OF ARDEN ROAD,,10312,1,0,1,"13,700","1,541",1952,1,A1,"925,000",08/08/2025
5,ELTINGVILLE,01 ONE FAMILY DWELLINGS,1,5371,55,,A1,51 OSAGE LANE,,10312,1,0,1,"6,000","1,251",1965,1,A1,"875,000",06/17/2025
5,ELTINGVILLE,01 ONE FAMILY DWELLINGS,1,5373,13,,A2,34 OSAGE LANE,,10312,1,0,1,"4,000","1,518",1955,1,A2,"810,000",04/04/2025
5,ELTINGVILLE,01 ONE FAMILY DWELLINGS,1,5373,48,,A2,27 KINGHORN STREET,,10312,1,0,1,"4,500","1,196",1955,1,A2,0,02/17/2026
5,ELTINGVILLE,01 ONE FAMILY DWELLINGS,1,5375,51,,A2,485 KING STREET,,10312,1,0,1,"4,000","1,196",1955,1,A2,0,01/09/2026
5,ELTINGVILLE,01 ONE FAMILY DWELLINGS,1,5376,5,,A2,462 KING STREET,,10312,1,0,1,"4,606","1,100",1955,1,A2,0,02/03/2026
5,ELTINGVILLE,01 ONE FAMILY DWELLINGS,1,5378,10,,A3,500 KING STREET,,10312,1,0,1,"5,781","2,833",2018,1,A3,"1,510,000",10/16/2025
5,ELTINGVILLE,01 ONE FAMILY DWELLINGS,1,5379,65,,A2,243 SEIDMAN AVENUE,,10312,1,0,1,"4,000","1,368",1955,1,A2,"785,000",09/18/2025
5,ELTINGVILLE,01 ONE FAMILY DWELLINGS,1,5380,6,,A2,214 SEIDMAN AVENUE,,10312,1,0,1,"4,200","1,368",1955,1,A2,0,06/13/2025
5,ELTINGVILLE,01 ONE FAMILY DWELLINGS,1,5380,47,,A2,1555 ARDEN AVENUE,,10312,1,0,1,"6,000","2,704",1965,1,A2,"875,000",05/27/2025
5,ELTINGVILLE,01 ONE FAMILY DWELLINGS,1,5382,5,,A1,40 NOEL STREET,,10312,1,0,1,"9,025","1,964",1975,1,A1,0,11/26/2025
5,ELTINGVILLE,01 ONE FAMILY DWELLINGS,1,5384,30,,A3,382 WOODS OF ARDEN ROAD,,10312,1,0,1,"8,190","2,322",1955,1,A3,0,12/15/2025
5,ELTINGVILLE,01 ONE FAMILY DWELLINGS,1,5384,33,,A3,7 ELMBANK STREET,,10312,1,0,1,"8,381","2,372",1955,1,A3,0,06/27/2025
5,ELTINGVILLE,01 ONE FAMILY DWELLINGS,1,5385,63,,A1,117 BATHGATE STREET,,10312,1,0,1,"5,700","2,016",1980,1,A1,"1,035,000",06/12/2025
5,ELTINGVILLE,01 ONE FAMILY DWELLINGS,1,5386,49,,A1,4581 HYLAN BLVD,,10312,1,0,1,"3,388","1,680",1965,1,A1,"785,000",10/02/2025
5,ELTINGVILLE,01 ONE FAMILY DWELLINGS,1,5386,73,,A2,4631 HYLAN BOULEVARD,,10312,1,0,1,"4,500","1,764",1965,1,A2,0,05/14/2025
5,ELTINGVILLE,01 ONE FAMILY DWELLINGS,1,5409,111,,A5,533 TENNYSON DRIVE,,10312,1,0,1,"2,675","1,410",1975,1,A5,"660,000",02/04/2026
5,ELTINGVILLE,01 ONE FAMILY DWELLINGS,1,5411,24,,A5,443 RETFORD AVENUE,,10312,1,0,1,"2,520","1,410",1975,1,A5,0,07/25/2025
5,ELTINGVILLE,01 ONE FAMILY DWELLINGS,1,5411,26,,A5,439 RETFORD AVE,,10312,1,0,1,"2,520","1,410",1975,1,A5,"685,000",11/06/2025
5,ELTINGVILLE,01 ONE FAMILY DWELLINGS,1,5412,36,,A5,4368 RICHMOND AVENUE,,10312,1,0,1,"2,375","1,320",1991,1,A5,0,10/12/2025
5,ELTINGVILLE,01 ONE FAMILY DWELLINGS,1,5420,67,,A5,58 MAYBERRY PROMENADE,,10312,1,0,1,"2,070","1,260",1975,1,A5,"645,000",07/17/2025
5,ELTINGVILLE,01 ONE FAMILY DWELLINGS,1,5421,1,,A5,3 BLUEBERRY LANE,,10312,1,0,1,"2,160","1,774",1989,1,A5,0,01/20/2026
5,ELTINGVILLE,01 ONE FAMILY DWELLINGS,1,5421,4,,A5,9 BLUEBERRY LANE,,10312,1,0,1,"2,070","1,260",1982,1,A5,0,02/02/2026
5,ELTINGVILLE,01 ONE FAMILY DWELLINGS,1,5421,6,,A5,15 BLUEBERRY LANE,,10312,1,0,1,"2,070","1,890",1982,1,A5,0,02/02/2026
5,ELTINGVILLE,01 ONE FAMILY DWELLINGS,1,5421,7,,A5,17 BLUEBERRY LN,,10312,1,0,1,"2,070","1,890",1982,1,A5,0,12/01/2025
5,ELTINGVILLE,01 ONE FAMILY DWELLINGS,1,5422,12,,A5,12 STRAWBERRY LANE,,10312,1,0,1,"2,070","1,260",1975,1,A5,"460,000",07/29/2025
5,ELTINGVILLE,01 ONE FAMILY DWELLINGS,1,5422,30,,A5,183 MAYBERRY PROMENADE,,10312,1,0,1,"2,070","1,890",1975,1,A5,0,11/17/2025
5,ELTINGVILLE,01 ONE FAMILY DWELLINGS,1,5589,40,,A1,6 WAIMER PLACE,,10312,1,0,1,"8,100","1,360",1940,1,A1,"935,000",09/29/2025
5,ELTINGVILLE,01 ONE FAMILY DWELLINGS,1,5590,27,,A5,42 SYLVIA STREET,,10312,1,0,1,"2,500","1,400",1998,1,A5,"769,000",10/28/2025
5,ELTINGVILLE,01 ONE FAMILY DWELLINGS,1,5590,148,,A5,69 STUYVESANT AVENUE,,10312,1,0,1,"3,010","1,368",1992,1,A5,"390,000",08/22/2025
5,ELTINGVILLE,01 ONE FAMILY DWELLINGS,1,5592,12,,A2,48 BOVANIZER,,10312,1,0,1,"4,788","1,750",1970,1,A2,0,11/21/2025
5,ELTINGVILLE,01 ONE FAMILY DWELLINGS,1,5592,64,,A2,49 BAMBERGER LANE,,10312,1,0,1,"4,704","1,750",1970,1,A2,"915,000",09/18/2025
5,ELTINGVILLE,01 ONE FAMILY DWELLINGS,1,5592,74,,S1,4665 AMBOY ROAD,,10312,1,1,2,"5,000","2,310",1970,1,S1,"800,000",08/07/2025
5,ELTINGVILLE,01 ONE FAMILY DWELLINGS,1,5593,20,,A2,4685 AMBOY ROAD,,10312,1,0,1,"4,708",960,1970,1,A2,"730,000",04/03/2025
5,ELTINGVILLE,01 ONE FAMILY DWELLINGS,1,5593,133,,A5,45 VANESSA LANE,,10312,1,0,1,"3,190","1,200",1999,1,A5,"670,000",06/11/2025
5,ELTINGVILLE,01 ONE FAMILY DWELLINGS,1,5595,42,,A1,49 BAYARD ST,,10312,1,0,1,"5,000","1,278",1930,1,A1,0,10/31/2025
5,ELTINGVILLE,01 ONE FAMILY DWELLINGS,1,5596,16,,A1,30 BAYARD STREET,,10312,1,0,1,"4,000","1,137",1940,1,A1,0,10/31/2025
5,ELTINGVILLE,01 ONE FAMILY DWELLINGS,1,5596,37,,A5,75 CHESEBROUGH STREET,,10312,1,0,1,"1,008","2,001",1990,1,A5,"610,000",07/21/2025
5,ELTINGVILLE,01 ONE FAMILY DWELLINGS,1,5596,37,,A5,75 CHESEBROUGH STREET,,10312,1,0,1,"1,008","2,001",1990,1,A5,"611,000",11/05/2025
5,ELTINGVILLE,01 ONE FAMILY DWELLINGS,1,5596,55,,A1,17 CHESEBROUGH STREET,,10312,1,0,1,"3,500","1,960",1996,1,A1,0,09/05/2025
5,ELTINGVILLE,01 ONE FAMILY DWELLINGS,1,5597,28,,A5,50 CHESEBROUGH STREET,,10312,1,0,1,"1,400","2,176",1992,1,A5,"565,000",08/12/2025
5,ELTINGVILLE,01 ONE FAMILY DWELLINGS,1,5598,66,,A1,18 SERRELL AVENUE,,10312,1,0,1,"4,100","2,050",1993,1,A1,"1,100,000",05/02/2025
5,ELTINGVILLE,01 ONE FAMILY DWELLINGS,1,5599,111,,A5,576 LAMOKA AVENUE,,10312,1,0,1,"2,354","1,292",1977,1,A5,0,07/01/2025
5,ELTINGVILLE,01 ONE FAMILY DWELLINGS,1,5600,42,,A5,32 MEMPHIS AVENUE,,10312,1,0,1,"3,000","1,190",1975,1,A5,0,04/15/2025
5,ELTINGVILLE,01 ONE FAMILY DWELLINGS,1,5601,9,,A5,3632 RICHMOND AVENUE,,10312,1,0,1,"2,642","1,512",1975,1,A5,10,08/22/2025
5,ELTINGVILLE,01 ONE FAMILY DWELLINGS,1,5603,10,,A5,631 KATAN AVENUE,,10312,1,0,1,"2,400","1,536",1975,1,A5,"630,000",05/30/2025
5,ELTINGVILLE,01 ONE FAMILY DWELLINGS,1,5603,73,,A2,711 KATAN AVENUE,,10312,1,0,1,"4,100","1,292",1977,1,A2,"900,000",04/08/2025
5,ELTINGVILLE,01 ONE FAMILY DWELLINGS,1,5603,95,,A2,120 FIGUREA AVENUE,,10312,1,0,1,"4,800","1,292",1977,1,A2,"975,922",10/06/2025
5,ELTINGVILLE,01 ONE FAMILY DWELLINGS,1,5604,41,,A2,32 AUGUSTA AVENUE,,10312,1,0,1,"4,000","1,430",1977,1,A2,0,07/02/2025
5,ELTINGVILLE,01 ONE FAMILY DWELLINGS,1,5604,43,,A2,28 AUGUSTA AVENUE,,10312,1,0,1,"4,000","1,430",1977,1,A2,0,09/13/2025
5,ELTINGVILLE,01 ONE FAMILY DWELLINGS,1,5605,109,,A2,434 GENESEE AVENUE,,10312,1,0,1,"4,100","1,596",1965,1,A2,"1,042,666",11/19/2025
5,ELTINGVILLE,01 ONE FAMILY DWELLINGS,1,5606,29,,A2,333 WAINWRIGHT AVENUE,,10312,1,0,1,"4,000","2,002",1965,1,A2,0,07/07/2025
5,ELTINGVILLE,01 ONE FAMILY DWELLINGS,1,5606,86,,A1,457 GENESEE AVENUE,,10312,1,0,1,"6,042","2,176",1965,1,A1,"930,000",01/21/2026
5,ELTINGVILLE,01 ONE FAMILY DWELLINGS,1,5606,111,,A5,90 SCRANTON AVENUE,,10312,1,0,1,"2,800","1,064",1965,1,A5,"780,000",08/05/2025
5,ELTINGVILLE,01 ONE FAMILY DWELLINGS,1,5607,29,,A1,311 WAINWRIGHT AVENUE,,10312,1,0,1,"4,000","2,008",1965,1,A1,"838,000",05/22/2025
5,ELTINGVILLE,01 ONE FAMILY DWELLINGS,1,5608,9,,A1,3452 RICHMOND AVENUE,,10312,1,0,1,"4,000","2,048",1965,1,A1,"990,000",12/16/2025
5,ELTINGVILLE,01 ONE FAMILY DWELLINGS,1,5608,16,,A2,21 STROUD AVENUE,,10312,1,0,1,"4,000","1,008",1960,1,A2,0,12/17/2025
5,ELTINGVILLE,01 ONE FAMILY DWELLINGS,1,5608,16,,A2,21 STROUD AVENUE,,10312,1,0,1,"4,000","1,008",1960,1,A2,"850,000",08/29/2025
5,ELTINGVILLE,01 ONE FAMILY DWELLINGS,1,5608,46,,A5,670 LEVERETT AVENUE,,10312,1,0,1,"3,000","1,512",1965,1,A5,0,12/30/2025
5,ELTINGVILLE,01 ONE FAMILY DWELLINGS,1,5611,36,,A1,662 BARLOW AVENUE,,10312,1,0,1,"4,000","1,976",1965,1,A1,"980,000",05/19/2025
5,ELTINGVILLE,01 ONE FAMILY DWELLINGS,1,5611,46,,A1,642 BARLOW AVENUE,,10312,1,0,1,"4,000","1,976",1965,1,A1,0,04/02/2025
5,ELTINGVILLE,01 ONE FAMILY DWELLINGS,1,5612,1,,A2,621 BARLOW AVENUE,,10312,1,0,1,"3,800","1,540",1970,1,A2,"925,000",11/04/2025
5,ELTINGVILLE,01 ONE FAMILY DWELLINGS,1,5612,59,,A2,11 MACON AVENUE,,10312,1,0,1,"4,000",800,1970,1,A2,0,06/06/2025
5,ELTINGVILLE,01 ONE FAMILY DWELLINGS,1,5612,207,,A5,119 MACON AVENUE,,10312,1,0,1,"4,484","2,528",2016,1,A5,"940,000",08/14/2025
5,ELTINGVILLE,01 ONE FAMILY DWELLINGS,1,5613,7,,A2,19 BRANDIS AVENUE,,10312,1,0,1,"4,000","1,680",1970,1,A2,"910,000",07/31/2025
5,ELTINGVILLE,01 ONE FAMILY DWELLINGS,1,5613,13,,A2,31 BRANDIS AVENUE,,10312,1,0,1,"4,000","1,680",1970,1,A2,"735,000",04/11/2025
5,ELTINGVILLE,01 ONE FAMILY DWELLINGS,1,5613,27,,A5,129 WAINWRIGHT AVENUE,,10312,1,0,1,"2,700","1,600",1998,1,A5,0,12/30/2025
5,ELTINGVILLE,01 ONE FAMILY DWELLINGS,1,5613,56,,A2,8 DRUMGOOLE RD E,,10312,1,0,1,"4,000","1,680",1970,1,A2,0,11/20/2025
5,ELTINGVILLE,01 ONE FAMILY DWELLINGS,1,5613,82,,A5,19 DRUMGOOLE ROAD EAST,,10312,1,0,1,"1,274","1,240",1987,1,A5,"620,000",08/25/2025
5,ELTINGVILLE,01 ONE FAMILY DWELLINGS,1,5614,11,,A5,695 BARLOW AVENUE,,10312,1,0,1,799,816,1988,1,A5,"380,000",07/25/2025
5,ELTINGVILLE,01 ONE FAMILY DWELLINGS,1,5614,167,,A5,96 MACON AVENUE,,10312,1,0,1,"2,493","1,504",2008,1,A5,0,07/16/2025
5,ELTINGVILLE,01 ONE FAMILY DWELLINGS,1,5614,233,,A5,727 BARLOW AVENUE,,10312,1,0,1,"1,550","1,968",1992,1,A5,0,11/06/2025
5,ELTINGVILLE,01 ONE FAMILY DWELLINGS,1,5614,235,,A5,731 BARLOW AVENUE,,10312,1,0,1,"1,500","1,968",1992,1,A5,"585,000",01/30/2026
5,ELTINGVILLE,01 ONE FAMILY DWELLINGS,1,5614,250,,A1,775 BARLOW AVE,,10312,1,0,1,"1,866","1,998",1992,1,A1,"628,000",11/26/2025
5,ELTINGVILLE,01 ONE FAMILY DWELLINGS,1,5616,22,,A5,1099 ARDEN AVENUE,,10312,1,0,1,"2,750","1,280",1960,1,A5,"687,750",06/30/2025
5,ELTINGVILLE,01 ONE FAMILY DWELLINGS,1,5616,32,,A5,1079 ARDEN AVENUE,,10312,1,0,1,"4,000","1,280",1960,1,A5,0,08/26/2025
5,ELTINGVILLE,01 ONE FAMILY DWELLINGS,1,5616,98,,A5,31 RAY STREET,,10312,1,0,1,"2,500","1,280",1965,1,A5,"625,000",07/22/2025
5,ELTINGVILLE,01 ONE FAMILY DWELLINGS,1,5616,167,,A5,35 BENT STREET,,10312,1,0,1,"2,500","1,280",1960,1,A5,"509,253",09/17/2025
5,ELTINGVILLE,01 ONE FAMILY DWELLINGS,1,5616,171,,A5,41 BENT STREET,,10312,1,0,1,"2,500","1,280",1960,1,A5,"760,000",08/22/2025
5,ELTINGVILLE,01 ONE FAMILY DWELLINGS,1,5616,192,,A5,632 WILSON AVENUE,,10312,1,0,1,"2,500","1,280",1965,1,A5,"547,500",06/05/2025
5,ELTINGVILLE,01 ONE FAMILY DWELLINGS,1,5616,192,,A5,632 WILSON AVENUE,,10312,1,0,1,"2,500","1,280",1965,1,A5,"650,000",11/18/2025
5,ELTINGVILLE,01 ONE FAMILY DWELLINGS,1,5616,198,,A5,622 WILSON AVENUE,,10312,1,0,1,"2,500","1,280",1965,1,A5,1,12/04/2025
5,ELTINGVILLE,01 ONE FAMILY DWELLINGS,1,5619,129,,A5,39 ADLAI CIRCLE,,10312,1,0,1,"2,516","1,080",1970,1,A5,"742,500",01/15/2026
5,ELTINGVILLE,01 ONE FAMILY DWELLINGS,1,5619,141,,A5,61 ADLAI CIRCLE,,10312,1,0,1,"4,000","1,080",1970,1,A5,"675,000",10/21/2025
5,ELTINGVILLE,01 ONE FAMILY DWELLINGS,1,5619,165,,A5,478 POMPEY AVENUE,,10312,1,0,1,"2,600","1,800",1970,1,A5,0,04/09/2025
5,ELTINGVILLE,01 ONE FAMILY DWELLINGS,1,5621,8,,A5,717 ANNADALE ROAD,,10312,1,0,1,"1,387","1,330",1992,1,A5,"645,000",01/23/2026
5,ELTINGVILLE,01 ONE FAMILY DWELLINGS,1,5621,52,,A5,33 MOFFETT STREET,,10312,1,0,1,"2,520","1,290",1974,1,A5,1,07/29/2025
5,ELTINGVILLE,01 ONE FAMILY DWELLINGS,1,5621,66,,A5,69 MOFFETT STREET,,10312,1,0,1,"2,893","1,632",1975,1,A5,0,04/23/2025
5,ELTINGVILLE,01 ONE FAMILY DWELLINGS,1,5625,34,,A5,114 SERRELL AVENUE,,10312,1,0,1,"2,500","1,440",1970,1,A5,0,04/28/2025
5,ELTINGVILLE,01 ONE FAMILY DWELLINGS,1,5633,44,,A1,537 ANNADALE ROAD,,10312,1,0,1,"7,500","1,238",1920,1,A1,"580,000",01/21/2026
5,ELTINGVILLE,01 ONE FAMILY DWELLINGS,1,5636,68,,A5,178 FIGUREA AVENUE,,10312,1,0,1,"1,955","1,585",1988,1,A5,0,11/12/2025
5,ELTINGVILLE,01 ONE FAMILY DWELLINGS,1,5636,91,,A2,134 FIGUREA AVENUE,,10312,1,0,1,"4,100","1,496",1977,1,A2,0,05/22/2025
5,ELTINGVILLE,01 ONE FAMILY DWELLINGS,1,5636,102,,A2,751 KATAN AVENUE,,10312,1,0,1,"4,300",960,1965,1,A2,0,09/03/2025
5,ELTINGVILLE,01 ONE FAMILY DWELLINGS,1,5636,106,,A2,759 KATAN AVENUE,,10312,1,0,1,"4,100","1,496",1977,1,A2,0,09/03/2025
5,ELTINGVILLE,01 ONE FAMILY DWELLINGS,1,5636,164,,A2,151 FIGUREA AVE,,10312,1,0,1,"4,100","1,496",1977,1,A2,0,09/16/2025
5,ELTINGVILLE,01 ONE FAMILY DWELLINGS,1,5641,1,,B3,131 STROUD AVENUE,,10312,2,0,2,"4,200","2,474",1965,1,A1,"992,793",07/09/2025
5,ELTINGVILLE,01 ONE FAMILY DWELLINGS,1,5641,31,,A2,812 LEVERETT AVENUE,,10312,1,0,1,"4,200","1,820",1965,1,A2,0,02/06/2026
5,ELTINGVILLE,01 ONE FAMILY DWELLINGS,1,5642,16,,A5,66 MARNE AVENUE,,10312,1,0,1,"5,000","1,912",1990,1,A5,0,12/08/2025
5,ELTINGVILLE,01 ONE FAMILY DWELLINGS,1,5642,16,,A5,66 MARNE AVENUE,,10312,1,0,1,"5,000","1,912",1990,1,A5,0,01/12/2026
5,ELTINGVILLE,01 ONE FAMILY DWELLINGS,1,5642,32,,A5,28 MARNE AVENUE,,10312,1,0,1,"5,000","1,912",1990,1,A5,"770,000",09/15/2025
5,ELTINGVILLE,01 ONE FAMILY DWELLINGS,1,5642,97,,A5,14 MONTEREY AVENUE,,10312,1,0,1,"3,700","1,912",1991,1,A5,"1,000",10/08/2025
5,ELTINGVILLE,01 ONE FAMILY DWELLINGS,1,5642,181,,A5,780 BARLOW AVENUE,,10312,1,0,1,"1,021","1,474",1992,1,A5,"550,000",06/03/2025
5,ELTINGVILLE,01 ONE FAMILY DWELLINGS,1,5642,184,,A5,774 BARLOW AVENUE,,10312,1,0,1,"1,425","1,381",1992,1,A5,"555,000",01/23/2026
5,ELTINGVILLE,01 ONE FAMILY DWELLINGS,1,5643,86,,A2,682 BARLOW AVENUE,,10312,1,0,1,"4,100","1,368",1970,1,A2,"910,000",10/03/2025
5,ELTINGVILLE,01 ONE FAMILY DWELLINGS,1,5644,1,,A1,59 READING AVENUE,,10312,1,0,1,"4,200","1,720",1965,1,A1,"705,000",09/15/2025
5,ELTINGVILLE,01 ONE FAMILY DWELLINGS,1,5645,7,,A5,261 ANNADALE ROAD,,10312,1,0,1,"2,714","1,140",1978,1,A5,0,05/03/2025
5,ELTINGVILLE,01 ONE FAMILY DWELLINGS,1,5645,13,,A5,213 CROSSFIELD AVENUE,,10312,1,0,1,"4,275","1,140",1978,1,A5,"700,000",05/02/2025
5,ELTINGVILLE,01 ONE FAMILY DWELLINGS,1,5645,35,,A5,165 CROSSFIELD AVENUE,,10312,1,0,1,"4,918","1,396",1991,1,A5,"780,000",07/21/2025
5,ELTINGVILLE,01 ONE FAMILY DWELLINGS,1,5645,61,,A5,510 DRUMGOOLE ROAD WEST,,10312,1,0,1,"3,300","1,140",1979,1,A5,0,04/24/2025
5,ELTINGVILLE,01 ONE FAMILY DWELLINGS,1,5645,75,,A5,536 DRUMGOOLE ROAD WEST,,10312,1,0,1,895,"1,513",1991,1,A5,"560,000",05/14/2025
5,ELTINGVILLE,01 ONE FAMILY DWELLINGS,1,5651,13,,A1,62 WATKINS AVENUE,,10312,1,0,1,"4,000","2,728",1979,1,A1,"1,060,000",01/12/2026
5,ELTINGVILLE,01 ONE FAMILY DWELLINGS,1,5651,132,,A2,63 DORVAL AVENUE,,10312,1,0,1,"4,000","2,275",1979,1,A2,"980,000",09/08/2025
5,ELTINGVILLE,01 ONE FAMILY DWELLINGS,1,5652,14,,A2,104 BERRY AVENUE,,10312,1,0,1,"3,895","2,062",1978,1,A2,"810,000",01/13/2026
5,ELTINGVILLE,01 ONE FAMILY DWELLINGS,1,5652,20,,A2,92 BERRY AVENUE,,10312,1,0,1,"3,895","2,062",1978,1,A2,0,09/17/2025
5,ELTINGVILLE,01 ONE FAMILY DWELLINGS,1,5652,36,,A5,43 WATKINS AVENUE,,10312,1,0,1,"3,000","1,512",1978,1,A5,"689,000",12/16/2025
5,ELTINGVILLE,01 ONE FAMILY DWELLINGS,1,5653,103,,A5,14 ALEXANDRA COURT,,10312,1,0,1,645,"1,480",1989,1,A5,"525,000",12/12/2025
5,ELTINGVILLE,01 ONE FAMILY DWELLINGS,1,5653,107,,A5,19 CHALLENGER DRIVE,,10312,1,0,1,"1,497",976,1989,1,A5,0,08/11/2025
5,ELTINGVILLE,01 ONE FAMILY DWELLINGS,1,5653,141,,A5,39 BERRY AVENUE,,10312,1,0,1,"3,201","1,920",1978,1,A5,0,11/16/2025
5,ELTINGVILLE,01 ONE FAMILY DWELLINGS,1,5653,157,,A5,61 BERRY AVENUE,,10312,1,0,1,"3,201","1,920",1978,1,A5,"800,000",06/30/2025
5,ELTINGVILLE,01 ONE FAMILY DWELLINGS,1,5654,80,,A5,2 TOKEN STREET,,10312,1,0,1,"3,481","1,920",1975,1,A5,"748,000",04/08/2025
5,ELTINGVILLE,01 ONE FAMILY DWELLINGS,1,5655,1,,A5,79 TOKEN STREET,,10312,1,0,1,"41,200","1,120",1994,1,A5,"560,000",12/23/2025
5,ELTINGVILLE,01 ONE FAMILY DWELLINGS,1,5655,4,,A5,35 FUTURITY PLACE,,10312,1,0,1,"2,090","1,120",1994,1,A5,"699,888",08/19/2025
5,ELTINGVILLE,01 ONE FAMILY DWELLINGS,1,5655,49,,A5,1016 ARTHUR KILL ROAD,,10312,1,0,1,"4,264","1,368",1970,1,A5,0,11/20/2025
5,ELTINGVILLE,01 ONE FAMILY DWELLINGS,1,5655,55,,A5,998 ARTHUR KILL ROAD,,10312,1,0,1,"5,004","2,024",1970,1,A5,"960,000",02/11/2026
5,ELTINGVILLE,01 ONE FAMILY DWELLINGS,1,5656,41,,A5,18 FUTURITY PLACE,,10312,1,0,1,"4,255","2,088",1970,1,A5,"800,000",08/27/2025
5,ELTINGVILLE,01 ONE FAMILY DWELLINGS,1,5658,168,,A5,86 WOLCOTT AVENUE,,10312,1,0,1,"1,600","1,400",1994,1,A5,"740,000",10/16/2025
5,ELTINGVILLE,01 ONE FAMILY DWELLINGS,1,5659,24,,A5,41 WOLCOTT AVENUE,,10312,1,0,1,"3,000","1,940",1995,1,A5,"700,000",03/23/2026
5,ELTINGVILLE,01 ONE FAMILY DWELLINGS,1,5660,5,,A5,56 NOTUS AVENUE,,10312,1,0,1,"3,500","1,940",1995,1,A5,0,07/03/2025
5,ELTINGVILLE,01 ONE FAMILY DWELLINGS,1,5660,25,,A5,20 NOTUS AVENUE,,10312,1,0,1,"2,800","1,600",1994,1,A5,"699,999",02/09/2026
5,ELTINGVILLE,01 ONE FAMILY DWELLINGS,1,5662,1,,A5,5 NOTUS AVENUE,,10312,1,0,1,"2,020","1,408",1980,1,A5,"350,000",02/11/2026
5,ELTINGVILLE,01 ONE FAMILY DWELLINGS,1,5664,34,,A5,119 NOTUS AVENUE,,10312,1,0,1,"2,400","1,344",1980,1,A5,0,04/08/2025
5,ELTINGVILLE,01 ONE FAMILY DWELLINGS,1,5664,46,,A2,211 WOEHRLE AVENUE,,10312,1,0,1,"4,914","2,844",1980,1,A2,"970,000",12/16/2025
5,ELTINGVILLE,01 ONE FAMILY DWELLINGS,1,5664,100,,A1,151 GRANTWOOD AVENUE,,10312,1,0,1,"10,407","1,728",1985,1,A1,0,04/30/2025
5,ELTINGVILLE,01 ONE FAMILY DWELLINGS,1,5665,7,,A5,75 LUDLOW STREET,,10312,1,0,1,"2,700","1,512",1980,1,A5,"725,000",07/21/2025
5,ELTINGVILLE,01 ONE FAMILY DWELLINGS,1,5665,16,,A5,53 LUDLOW STREET,,10312,1,0,1,"3,230","1,344",1980,1,A5,"785,000",01/27/2026
5,ELTINGVILLE,01 ONE FAMILY DWELLINGS,1,5665,32,,A5,31 LUDLOW STREET,,10312,1,0,1,"2,800","1,512",1980,1,A5,"750,000",02/02/2026
5,ELTINGVILLE,01 ONE FAMILY DWELLINGS,1,5668,84,,A5,180 SHOTWELL AVENUE,,10312,1,0,1,"2,500","1,632",1982,1,A5,10,04/02/2025
5,ELTINGVILLE,01 ONE FAMILY DWELLINGS,1,5668,175,,A5,260 WOEHRLE AVENUE,,10312,1,0,1,"2,500","1,680",1980,1,A5,"605,000",10/07/2025
5,ELTINGVILLE,01 ONE FAMILY DWELLINGS,1,5671,66,,A5,85 LORING AVENUE,,10312,1,0,1,"2,575","1,600",1978,1,A5,"848,000",09/04/2025
5,ELTINGVILLE,01 ONE FAMILY DWELLINGS,1,5672,13,,A1,135 MCARTHUR AVENUE,,10312,1,0,1,"6,221","2,008",1975,1,A1,0,11/05/2025
5,ELTINGVILLE,01 ONE FAMILY DWELLINGS,1,5672,13,,A1,135 MCARTHUR AVENUE,,10312,1,0,1,"6,221","2,008",1975,1,A2,"999,000",07/29/2025
5,ELTINGVILLE,01 ONE FAMILY DWELLINGS,1,5673,88,,A1,75 FORRESTAL AVENUE,,10312,1,0,1,"4,500","2,028",1975,1,A1,0,05/12/2025
5,ELTINGVILLE,01 ONE FAMILY DWELLINGS,1,5674,43,,A5,36 WOEHRLE AVENUE,,10312,1,0,1,"2,750","1,480",1975,1,A5,0,07/01/2025
5,ELTINGVILLE,01 ONE FAMILY DWELLINGS,1,5675,2,,A2,143 WOEHRLE AVENUE,,10312,1,0,1,"4,200","2,328",1975,1,A2,0,11/13/2025
5,ELTINGVILLE,01 ONE FAMILY DWELLINGS,1,5676,78,,A5,28 VON BRAUN AVENUE,,10312,1,0,1,"2,700","1,332",1980,1,A5,"750,000",07/03/2025
5,ELTINGVILLE,01 ONE FAMILY DWELLINGS,1,5676,112,,A5,132 ALEXANDER AVENUE,,10312,1,0,1,"2,500","1,200",1980,1,A5,"760,000",12/04/2025
5,ELTINGVILLE,01 ONE FAMILY DWELLINGS,1,5677,48,,A5,28 IBSEN,,10312,1,0,1,"2,783","1,440",1980,1,A5,"700,000",10/16/2025
5,ELTINGVILLE,01 ONE FAMILY DWELLINGS,1,5677,71,,A5,25 VON BRAUN AVENUE,,10312,1,0,1,"2,800","1,440",1980,1,A5,"258,192",12/30/2025
5,ELTINGVILLE,01 ONE FAMILY DWELLINGS,1,5679,10,,A1,240 ANNADALE ROAD,,10312,1,0,1,"4,400","1,557",1965,1,A1,0,10/23/2025
5,ELTINGVILLE,01 ONE FAMILY DWELLINGS,1,5679,76,,A1,71 MC ARTHUR AVENUE,,10312,1,0,1,"5,200","2,104",1985,1,A1,0,02/13/2026
5,ELTINGVILLE,01 ONE FAMILY DWELLINGS,1,5680,18,,A5,100 GOLD AVENUE,,10312,1,0,1,"2,400","1,280",1970,1,A5,"600,000",11/06/2025
5,ELTINGVILLE,01 ONE FAMILY DWELLINGS,1,5680,28,,A5,80 GOLD AVENUE,,10312,1,0,1,"2,800","1,440",1970,1,A5,"740,000",09/05/2025
5,ELTINGVILLE,01 ONE FAMILY DWELLINGS,1,5680,33,,A5,68 GOLD AVENUE,,10312,1,0,1,"2,800","1,880",1970,1,A5,"770,000",11/10/2025
5,ELTINGVILLE,01 ONE FAMILY DWELLINGS,1,5680,60,,A5,10 GOLD AVENUE,,10312,1,0,1,"2,800","1,440",1970,1,A5,0,12/19/2025
5,ELTINGVILLE,01 ONE FAMILY DWELLINGS,1,5680,96,,A5,216 ANNADALE ROAD,,10312,1,0,1,"3,000",966,1975,1,A5,"521,000",10/20/2025
5,ELTINGVILLE,01 ONE FAMILY DWELLINGS,1,5680,101,,A5,226 ANNADALE ROAD,,10312,1,0,1,"3,000","1,640",1975,1,A5,"760,000",12/12/2025
5,ELTINGVILLE,01 ONE FAMILY DWELLINGS,1,5680,214,,A1,100 MC ARTHUR AVENUE,,10312,1,0,1,"4,800","2,294",1975,1,A1,0,01/27/2026
5,ELTINGVILLE,01 ONE FAMILY DWELLINGS,1,5680,235,,A5,156 MCARTHUR AVENUE,,10312,1,0,1,"2,425","1,536",1980,1,A5,"687,000",12/19/2025
5,ELTINGVILLE,01 ONE FAMILY DWELLINGS,1,5680,251,,A5,33 LORING AVENUE,,10312,1,0,1,"2,660","1,368",1980,1,A5,"684,619",04/04/2025
5,ELTINGVILLE,01 ONE FAMILY DWELLINGS,1,5680,374,,A5,220 WOODROW ROAD,,10312,1,0,1,"2,500","1,200",1978,1,A5,"670,000",09/15/2025
5,ELTINGVILLE,01 ONE FAMILY DWELLINGS,1,5681,10,,A5,16 CHERYL AVENUE,,10312,1,0,1,"2,659","1,280",1973,1,A5,"665,000",10/20/2025
5,ELTINGVILLE,01 ONE FAMILY DWELLINGS,1,5681,47,,A5,3 GOLD AVENUE,,10312,1,0,1,"2,730","1,456",1973,1,A5,"850,000",01/07/2026
5,ELTINGVILLE,01 ONE FAMILY DWELLINGS,1,5683,40,,A1,55 KENMORE STREET,,10312,1,0,1,"4,490","1,520",1974,1,A1,"925,000",01/29/2026
5,ELTINGVILLE,01 ONE FAMILY DWELLINGS,1,5683,113,,A5,132 ANNADALE ROAD,,10312,1,0,1,"2,400","1,092",1975,1,A5,"590,000",06/10/2025
5,ELTINGVILLE,01 ONE FAMILY DWELLINGS,1,5686,61,,A1,25 DIERAUF STREET,,10312,1,0,1,"4,500","1,694",1975,1,A1,"805,000",06/23/2025
5,ELTINGVILLE,01 ONE FAMILY DWELLINGS,1,5686,65,,A5,35 DIERAUF STREET,,10312,1,0,1,"3,000","1,200",1979,1,A5,"690,000",05/09/2025
5,ELTINGVILLE,01 ONE FAMILY DWELLINGS,1,5687,32,,A1,163 HEFFERNAN STREET,,10312,1,0,1,"4,000","1,612",1974,1,A1,0,11/14/2025
5,ELTINGVILLE,01 ONE FAMILY DWELLINGS,1,5687,112,,A1,1182 ARTHUR KILL ROAD,,10312,1,0,1,"4,400","2,300",1980,1,A2,"698,000",08/11/2025
5,ELTINGVILLE,01 ONE FAMILY DWELLINGS,1,5687,116,,A2,1174 ARTHUR KILL ROAD,,10312,1,0,1,"4,400",884,1976,1,A2,"330,000",09/30/2025
5,ELTINGVILLE,01 ONE FAMILY DWELLINGS,1,5687,124,,A2,1154 ARTHUR KILL ROAD,,10312,1,0,1,"4,400",884,1975,1,A2,"600,000",05/22/2025
5,ELTINGVILLE,01 ONE FAMILY DWELLINGS,1,5687,230,,A2,65 TYNAN STREET,,10312,1,0,1,"4,100","1,735",1970,1,A2,0,06/04/2025
5,ELTINGVILLE,01 ONE FAMILY DWELLINGS,1,5687,232,,A5,69 TYNAN STREET,,10312,1,0,1,"2,400","1,092",1979,1,A5,"620,000",02/19/2026
5,ELTINGVILLE,01 ONE FAMILY DWELLINGS,1,5691,77,,A1,420 WOODROW ROAD,,10312,1,0,1,"4,240","2,496",1981,1,A1,"900,000",05/09/2025
5,ELTINGVILLE,01 ONE FAMILY DWELLINGS,1,5692,43,,A5,18 CROWN AV,,10312,1,0,1,"2,400","1,440",1979,1,A5,0,09/30/2025
5,ELTINGVILLE,01 ONE FAMILY DWELLINGS,1,5694,104,,A5,642 ANNADALE ROAD,,10312,1,0,1,"2,957","1,428",1975,1,A5,0,12/11/2025
5,ELTINGVILLE,01 ONE FAMILY DWELLINGS,1,5696,14,,A2,100 EDGEGROVE AVE,,10312,1,0,1,"9,360","1,056",1960,1,A2,0,12/15/2025
5,ELTINGVILLE,01 ONE FAMILY DWELLINGS,1,5696,59,,A1,87 DETROIT AVENUE,,10312,1,0,1,"6,000","1,892",1944,1,A1,"1,085,000",12/17/2025
5,ELTINGVILLE,01 ONE FAMILY DWELLINGS,1,5697,17,,A2,20 EDGEGROVE AVENUE,,10312,1,0,1,"11,310","1,316",1950,1,A2,"850,000",07/02/2025
5,ELTINGVILLE,01 ONE FAMILY DWELLINGS,1,5699,28,,A0,560 DRUMGOOLE ROAD EAST,,10312,1,0,1,"5,500","1,136",1945,1,A0,"709,000",10/09/2025
5,ELTINGVILLE,01 ONE FAMILY DWELLINGS,1,5704,1,,A1,946 DRUMGOOLE ROAD WEST,,10312,1,0,1,"4,884","1,968",1955,1,A1,"775,000",10/28/2025
5,ELTINGVILLE,01 ONE FAMILY DWELLINGS,1,5709,5,,A2,575 CARLTON BOULEVARD,,10312,1,0,1,"3,800","2,112",1965,1,A2,"830,000",04/23/2025
5,ELTINGVILLE,01 ONE FAMILY DWELLINGS,1,5710,82,,A1,159 SHELDON AVENUE,,10312,1,0,1,"4,000","1,860",1950,1,A1,0,08/26/2025
5,ELTINGVILLE,01 ONE FAMILY DWELLINGS,1,5712,7,,A1,158 VINELAND AVENUE,,10312,1,0,1,"5,100","1,056",1950,1,A1,"829,000",04/04/2025
5,ELTINGVILLE,01 ONE FAMILY DWELLINGS,1,5712,86,,A2,119 STAFFORD AVENUE,,10312,1,0,1,"4,000",800,1950,1,A2,"697,000",09/10/2025
5,ELTINGVILLE,01 ONE FAMILY DWELLINGS,1,5713,30,,A2,71 SHELDON AVENUE,,10312,1,0,1,"4,000","1,248",1950,1,A2,0,11/20/2025
5,ELTINGVILLE,01 ONE FAMILY DWELLINGS,1,5713,38,,A2,87 SHELDON AVENUE,,10312,1,0,1,"4,000","1,248",1950,1,A2,"712,800",10/03/2025
5,ELTINGVILLE,01 ONE FAMILY DWELLINGS,1,5714,1,,A1,535 CARLTON BOULEVARD,,10312,1,0,1,"10,010","2,678",1935,1,A1,"895,000",11/12/2025
5,ELTINGVILLE,01 ONE FAMILY DWELLINGS,1,5715,18,,A1,72 VINELAND AVENUE,,10312,1,0,1,"6,000","2,560",1975,1,A1,10,04/25/2025
5,ELTINGVILLE,01 ONE FAMILY DWELLINGS,1,5717,44,,A5,41 CROWN COURT,,10312,1,0,1,"1,012","1,383",1992,1,A5,"530,000",02/25/2026
5,ELTINGVILLE,01 ONE FAMILY DWELLINGS,1,5717,142,,A5,34 CROWN COURT,,10312,1,0,1,"1,007","1,383",1992,1,A5,"550,000",01/16/2026
5,ELTINGVILLE,01 ONE FAMILY DWELLINGS,1,5718,83,,A5,86 DEBORAH LOOP,,10312,1,0,1,"1,305","1,400",1993,1,A5,"635,000",07/23/2025
5,ELTINGVILLE,01 ONE FAMILY DWELLINGS,1,5718,112,,A5,103 CROWN AVENUE,,10312,1,0,1,"1,230","1,400",1993,1,A5,0,06/12/2025
5,ELTINGVILLE,01 ONE FAMILY DWELLINGS,1,5718,115,,A5,19 DEBORAH LOOP,,10312,1,0,1,"1,230","1,064",1993,1,A5,"525,000",08/20/2025
5,ELTINGVILLE,02 TWO FAMILY DWELLINGS,1,5355,65,,B2,28 SEIDMAN AVENUE,,10312,2,0,2,"8,400","3,469",1980,1,B2,"910,000",11/13/2025
5,ELTINGVILLE,02 TWO FAMILY DWELLINGS,1,5411,36,,B2,4396 HYLAN BOULEVARD,,10312,2,0,2,"4,080","2,089",1975,1,B2,"949,000",12/09/2025
5,ELTINGVILLE,02 TWO FAMILY DWELLINGS,1,5421,56,,B9,39 STRAWBERRY LANE,,10312,2,0,2,"2,709","1,890",1975,1,B9,"400,000",04/16/2025
5,ELTINGVILLE,02 TWO FAMILY DWELLINGS,1,5421,70,,B9,215 MAYBERRY PROMENADE,,10312,2,0,2,"2,392","1,890",1982,1,B9,0,02/10/2026
5,ELTINGVILLE,02 TWO FAMILY DWELLINGS,1,5590,35,,B2,58 SYLVIA STREET,,10312,2,0,2,"2,500","1,600",1998,1,B2,"820,000",02/20/2026
5,ELTINGVILLE,02 TWO FAMILY DWELLINGS,1,5593,36,,B2,296 MOSELY AVENUE,,10312,2,0,2,"4,972","2,335",1970,1,B2,0,08/21/2025
5,ELTINGVILLE,02 TWO FAMILY DWELLINGS,1,5599,66,,B2,73 SERRELL,,10312,2,0,2,"4,000","2,413",1977,1,B2,"1,200,000",07/09/2025
5,ELTINGVILLE,02 TWO FAMILY DWELLINGS,1,5599,97,,B2,337 POMPEY AVENUE,,10312,2,0,2,"3,560","2,296",1977,1,B2,"785,000",11/12/2025
5,ELTINGVILLE,02 TWO FAMILY DWELLINGS,1,5601,26,,B2,43 MEMPHIS AVENUE,,10312,2,0,2,"4,000","2,556",1993,1,B2,1,08/27/2025
5,ELTINGVILLE,02 TWO FAMILY DWELLINGS,1,5601,102,,B2,110 LAREDO AVENUE,,10312,2,0,2,"4,200","2,164",1975,1,B2,0,10/16/2025
5,ELTINGVILLE,02 TWO FAMILY DWELLINGS,1,5602,62,,B2,61 LAREDO AVENUE,,10312,2,0,2,"4,074","2,272",1975,1,B2,0,02/19/2026
5,ELTINGVILLE,02 TWO FAMILY DWELLINGS,1,5602,115,,B2,696 KATAN AVENUE,,10312,2,0,2,"3,880","2,462",1975,1,B2,"925,000",11/06/2025
5,ELTINGVILLE,02 TWO FAMILY DWELLINGS,1,5603,15,,B2,641 KATAN AVENUE,,10312,2,0,2,"4,000","2,080",1977,1,B2,"999,900",02/10/2026
5,ELTINGVILLE,02 TWO FAMILY DWELLINGS,1,5605,115,,B2,424 GENESEE AVENUE,,10312,2,0,2,"5,600","2,464",1979,1,B2,0,12/18/2025
5,ELTINGVILLE,02 TWO FAMILY DWELLINGS,1,5605,115,,B2,424 GENESEE AVENUE,,10312,2,0,2,"5,600","2,464",1979,1,B2,"1,050,000",03/05/2026
5,ELTINGVILLE,02 TWO FAMILY DWELLINGS,1,5606,115,,B2,82 SCRANTON AVENUE,,10312,2,0,2,"4,300","1,472",1965,1,B2,0,08/28/2025
5,ELTINGVILLE,02 TWO FAMILY DWELLINGS,1,5608,7,,B2,3448 RICHMOND AVENUE,,10312,2,0,2,"4,000","2,360",1965,1,B2,0,09/12/2025
5,ELTINGVILLE,02 TWO FAMILY DWELLINGS,1,5608,38,,B2,688 LEVERETT AVENUE,,10312,2,0,2,"4,200","2,576",1965,1,B2,"800,000",07/15/2025
5,ELTINGVILLE,02 TWO FAMILY DWELLINGS,1,5608,38,,B2,688 LEVERETT AVENUE,,10312,2,0,2,"4,200","2,576",1965,1,B2,"1,200,000",02/04/2026
5,ELTINGVILLE,02 TWO FAMILY DWELLINGS,1,5609,34,,B2,50 READING AVENUE,,10312,2,0,2,"6,000","2,668",1985,1,B2,"1,095,000",12/02/2025
5,ELTINGVILLE,02 TWO FAMILY DWELLINGS,1,5612,17,,B2,653 BARLOW AVENUE,,10312,2,0,2,"3,800","1,760",1970,1,B2,"1,020,000",05/01/2025
5,ELTINGVILLE,02 TWO FAMILY DWELLINGS,1,5613,114,,B3,77 WAINWRIGHT AVENUE,,10312,2,0,2,"3,565","1,444",2006,1,B3,"725,000",12/15/2025
5,ELTINGVILLE,02 TWO FAMILY DWELLINGS,1,5613,168,,B3,75 BRANDIS AVENUE,,10312,2,0,2,"2,712","1,400",1996,1,B3,"815,000",07/31/2025
5,ELTINGVILLE,02 TWO FAMILY DWELLINGS,1,5615,36,,B2,21 WHALLEY AVENUE,,10312,2,0,2,"9,342","2,580",1987,1,B2,0,12/18/2025
5,ELTINGVILLE,02 TWO FAMILY DWELLINGS,1,5619,11,,B2,1061 ARDEN AVENUE,,10312,2,0,2,"6,720","2,428",1970,1,B2,"940,000",07/14/2025
5,ELTINGVILLE,02 TWO FAMILY DWELLINGS,1,5619,110,,B2,434 POMPEY AVENUE,,10312,2,0,2,"4,116","2,296",1970,1,B2,"1,150,000",09/03/2025
5,ELTINGVILLE,02 TWO FAMILY DWELLINGS,1,5619,115,,B2,11 ADLAI CIRCLE,,10312,2,0,2,"4,100","2,296",1970,1,B2,"990,000",07/02/2025
5,ELTINGVILLE,02 TWO FAMILY DWELLINGS,1,5621,12,,B2,709 ANNADALE ROAD,,10312,2,0,2,"2,550","1,800",1965,1,B2,"750,000",04/30/2025
5,ELTINGVILLE,02 TWO FAMILY DWELLINGS,1,5623,6,,B2,181 PETRUS,,10312,2,0,2,"4,000","2,560",1980,1,B2,0,05/18/2025
5,ELTINGVILLE,02 TWO FAMILY DWELLINGS,1,5623,460,,B2,160 SERRELL AVENUE,,10312,2,0,2,"4,000","2,568",1975,1,B2,"1,100,000",01/05/2026
5,ELTINGVILLE,02 TWO FAMILY DWELLINGS,1,5623,464,,B2,364 POMPEY AVENUE,,10312,2,0,2,"3,980","1,963",1975,1,B2,"930,000",10/03/2025
5,ELTINGVILLE,02 TWO FAMILY DWELLINGS,1,5627,19,,B2,26 ROCHELLE PLACE,,10312,2,0,2,"4,000","2,136",1999,1,B2,"1,162,000",02/02/2026
5,ELTINGVILLE,02 TWO FAMILY DWELLINGS,1,5627,27,,B3,40 ROCHELLE PLACE,,10312,2,0,2,"6,500","2,883",1958,1,B3,0,01/27/2026
5,ELTINGVILLE,02 TWO FAMILY DWELLINGS,1,5627,30,,B2,46 ROCHELLE PLACE,,10312,2,0,2,"6,500","4,200",1988,1,B2,"1,355,000",02/26/2026
5,ELTINGVILLE,02 TWO FAMILY DWELLINGS,1,5630,28,,B2,630 LAMOKA AVENUE,,10312,2,0,2,"3,800","2,200",1970,1,B2,0,06/18/2025
5,ELTINGVILLE,02 TWO FAMILY DWELLINGS,1,5630,28,,B2,630 LAMOKA AVENUE,,10312,2,0,2,"3,800","2,200",1970,1,B2,0,07/08/2025
5,ELTINGVILLE,02 TWO FAMILY DWELLINGS,1,5631,36,,S2,611 LAMOKA AVENUE,,10312,2,1,3,"4,100","3,788",1970,1,S2,0,12/15/2025
5,ELTINGVILLE,02 TWO FAMILY DWELLINGS,1,5633,64,,B2,788 KATAN AVENUE,,10312,2,0,2,"3,926","2,400",1970,1,B2,"950,000",11/25/2025
5,ELTINGVILLE,02 TWO FAMILY DWELLINGS,1,5636,48,,B2,172 LOVELACE AVENUE,,10312,2,0,2,"4,000","2,104",1977,1,B2,0,08/07/2025
5,ELTINGVILLE,02 TWO FAMILY DWELLINGS,1,5636,72,,B9,168B FIGUREA AVENUE,,10312,2,0,2,"2,500","1,400",1993,1,B9,0,05/23/2025
5,ELTINGVILLE,02 TWO FAMILY DWELLINGS,1,5636,115,,B2,171 FIGUREA AVENUE,,10312,2,0,2,"4,600","1,960",1965,1,B2,"820,000",12/01/2025
5,ELTINGVILLE,02 TWO FAMILY DWELLINGS,1,5636,127,,B2,166 AUGUSTA AVENUE,,10312,2,0,2,"4,000","1,836",1975,1,B2,"999,900",07/28/2025
5,ELTINGVILLE,02 TWO FAMILY DWELLINGS,1,5639,55,,B2,102 LOVELACE AVENUE,,10312,2,0,2,"4,778","2,510",2025,1,B2,"1,288,086",10/23/2025
5,ELTINGVILLE,02 TWO FAMILY DWELLINGS,1,5639,56,,B2,106 LOVELACE AVENUE,,10312,2,0,2,"4,593","2,091",2025,1,B2,"1,186,261",09/30/2025
5,ELTINGVILLE,02 TWO FAMILY DWELLINGS,1,5639,57,,B2,110 LOVELACE AVENUE,,10312,2,0,2,"4,484","2,056",2025,1,B2,"1,196,444",01/06/2026
5,ELTINGVILLE,02 TWO FAMILY DWELLINGS,1,5639,262,,B2,501 GENESEE AVENUE,,10312,2,0,2,"4,240","1,672",1965,1,B2,0,08/22/2025
5,ELTINGVILLE,02 TWO FAMILY DWELLINGS,1,5643,31,,B2,79 POMPEY AVENUE,,10312,2,0,2,"13,720","2,704",1991,1,B2,"740,000",07/15/2025
5,ELTINGVILLE,02 TWO FAMILY DWELLINGS,1,5644,7,,B2,71 READING AVENUE,,10312,2,0,2,"4,100","1,904",1974,1,B2,"989,900",11/18/2025
5,ELTINGVILLE,02 TWO FAMILY DWELLINGS,1,5651,66,,B9,450 DRUMGOOLE RD WEST,,10312,2,0,2,"3,582","2,000",1986,1,B9,"840,000",08/04/2025
5,ELTINGVILLE,02 TWO FAMILY DWELLINGS,1,5668,38,,B2,239 GRANTWOOD AVENUE,,10312,2,0,2,"6,672","2,272",1980,1,B2,0,07/17/2025
5,ELTINGVILLE,02 TWO FAMILY DWELLINGS,1,5668,53,,B9,273 GRANTWOOD AVENUE,,10312,2,0,2,"3,480","1,632",1980,1,B9,0,07/22/2025
5,ELTINGVILLE,02 TWO FAMILY DWELLINGS,1,5668,72,,B9,14 TRYON AVENUE,,10312,2,0,2,"3,024","1,632",1980,1,B9,0,04/11/2025
5,ELTINGVILLE,02 TWO FAMILY DWELLINGS,1,5668,110,,B9,240 SHOTWELL AVENUE,,10312,2,0,2,"4,576","2,440",1980,1,B9,"237,000",04/24/2025
5,ELTINGVILLE,02 TWO FAMILY DWELLINGS,1,5668,118,,B2,262 SHOTWELL AVENUE,,10312,2,0,2,"4,352","2,650",2000,1,B2,"1,230,000",07/18/2025
5,ELTINGVILLE,02 TWO FAMILY DWELLINGS,1,5668,169,,B9,244 WOEHRLE AVENUE,,10312,2,0,2,"3,000","2,400",1980,1,B9,"975,000",02/24/2026
5,ELTINGVILLE,02 TWO FAMILY DWELLINGS,1,5669,106,,B2,194 WOEHRLE AVENUE,,10312,2,0,2,"5,166","2,440",1980,1,B2,0,09/02/2025
5,ELTINGVILLE,02 TWO FAMILY DWELLINGS,1,5673,28,,B2,42 MC ARTHUR AVENUE,,10312,2,0,2,"4,000","2,424",1985,1,B2,0,02/19/2026
5,ELTINGVILLE,02 TWO FAMILY DWELLINGS,1,5674,87,,B9,49 SHOTWELL AVENUE,,10312,2,0,2,"3,175","1,564",1980,1,B9,"750,000",08/26/2025
5,ELTINGVILLE,02 TWO FAMILY DWELLINGS,1,5676,55,,B9,84 SHOTWELL,,10312,2,0,2,"4,437","1,960",1980,1,B9,0,10/28/2025
5,ELTINGVILLE,02 TWO FAMILY DWELLINGS,1,5676,81,,B9,24 VON BRAUN AVE,,10312,2,0,2,"3,000","2,044",1980,1,B9,"825,000",06/27/2025
5,ELTINGVILLE,02 TWO FAMILY DWELLINGS,1,5680,334,,B9,21 ALEXANDER AVE,,10312,2,0,2,"2,593","2,088",1978,1,B9,0,10/16/2025
5,ELTINGVILLE,02 TWO FAMILY DWELLINGS,1,5682,22,,B9,15 CHERYL AVENUE,,10312,2,0,2,"3,780","2,088",1974,1,B9,0,10/17/2025
5,ELTINGVILLE,02 TWO FAMILY DWELLINGS,1,5682,28,,B9,31 CHERYL AVENUE,,10312,2,0,2,"3,800","2,088",1974,1,B9,0,08/01/2025
5,ELTINGVILLE,02 TWO FAMILY DWELLINGS,1,5683,111,,B2,126 ANNADALE ROAD,,10312,2,0,2,"4,800","2,400",1970,1,B2,"900,000",10/24/2025
5,ELTINGVILLE,02 TWO FAMILY DWELLINGS,1,5687,172,,B2,24 DON COURT,,10312,2,0,2,"3,025","1,800",1995,1,B2,0,02/12/2026
5,ELTINGVILLE,02 TWO FAMILY DWELLINGS,1,5687,210,,B2,21 TYNAN STREET,,10312,2,0,2,"4,000","1,753",1970,1,B2,0,11/13/2025
5,ELTINGVILLE,02 TWO FAMILY DWELLINGS,1,5687,214,,B2,31 TYNAN STREET,,10312,2,0,2,"4,000","1,753",1970,1,B2,"812,000",09/08/2025
5,ELTINGVILLE,02 TWO FAMILY DWELLINGS,1,5691,97,,B9,382 GRANTWOOD AVENUE,,10312,2,0,2,"3,000","2,750",1981,1,B9,"800,000",04/03/2025
5,ELTINGVILLE,02 TWO FAMILY DWELLINGS,1,5691,100,,B9,376 GRANTWOOD AVENUE,,10312,2,0,2,"3,000","2,750",1981,1,B9,"258,363",04/24/2025
5,ELTINGVILLE,02 TWO FAMILY DWELLINGS,1,5691,112,,B9,352 GRANTWOOD AVENUE,,10312,2,0,2,"2,500","2,024",1981,1,B9,"950,000",02/13/2026
5,ELTINGVILLE,02 TWO FAMILY DWELLINGS,1,5691,126,,B9,21 EVAN PLACE,,10312,2,0,2,"3,000","2,160",1981,1,B9,"772,000",06/05/2025
5,ELTINGVILLE,02 TWO FAMILY DWELLINGS,1,5694,36,,B2,825 CARLTON BOULEVARD,,10312,2,0,2,"5,304","2,779",2022,1,B2,0,04/18/2025
5,ELTINGVILLE,02 TWO FAMILY DWELLINGS,1,5694,86,,B2,612 ANNADALE ROAD,,10312,2,0,2,"5,567","2,880",2008,1,B2,0,11/25/2025
5,ELTINGVILLE,02 TWO FAMILY DWELLINGS,1,5699,31,,B2,550 DRUMGOOLE ROAD EAST,,10312,2,0,2,"4,000","2,808",2025,1,B2,0,07/11/2025
5,ELTINGVILLE,02 TWO FAMILY DWELLINGS,1,5699,31,,B2,556 DRUMGOOLE ROAD EAST,,10312,2,0,2,"4,000","2,808",2025,1,B2,0,10/09/2025
5,ELTINGVILLE,02 TWO FAMILY DWELLINGS,1,5699,32,,B2,552 DRUNGOOLE ROAD EAST,,10312,2,0,2,"4,000","2,808",2025,1,B2,0,10/09/2025
5,ELTINGVILLE,02 TWO FAMILY DWELLINGS,1,5699,61,,B2,75 IONIA AVENUE,,10312,2,0,2,"4,000","2,374",1970,1,B2,"990,000",09/29/2025
5,ELTINGVILLE,02 TWO FAMILY DWELLINGS,1,5701,25,,B2,70 GRANTWOOD AVENUE,,10312,2,0,2,"4,000","2,192",1975,1,B2,0,12/28/2025
5,ELTINGVILLE,02 TWO FAMILY DWELLINGS,1,5702,19,,B2,502 DRUMGOOLE ROAD EAST,,10312,2,0,2,"3,700","1,900",1998,1,B2,"1,085,000",05/01/2025
5,ELTINGVILLE,02 TWO FAMILY DWELLINGS,1,5704,34,,B2,58 RATHBUN AVENUE,,10312,2,0,2,"6,573","3,913",2025,1,B2,"1,578,288",12/23/2025
5,ELTINGVILLE,02 TWO FAMILY DWELLINGS,1,5706,76,,B2,149 RENSSELAER AVENUE,,10312,2,0,2,"4,400","1,720",1970,1,B2,"995,000",12/02/2025
5,ELTINGVILLE,02 TWO FAMILY DWELLINGS,1,5711,32,,B2,90 STAFFORD AVENUE,,10312,2,0,2,"4,000","2,200",1998,1,B2,0,11/03/2025
5,ELTINGVILLE,02 TWO FAMILY DWELLINGS,1,5711,38,,B2,78 STAFFORD AVENUE,,10312,2,0,2,"4,000","2,200",1998,1,B2,"1,250,000",07/02/2025
5,ELTINGVILLE,02 TWO FAMILY DWELLINGS,1,5714,39,,B2,9 SINCLAIR AVENUE,,10312,2,0,2,"4,355","2,600",1989,1,B2,"920,000",01/30/2026
5,ELTINGVILLE,02 TWO FAMILY DWELLINGS,1,5716,50,,B2,109 VINELAND AVENUE,,10312,2,0,2,"4,800","2,640",1999,1,B2,"400,000",06/12/2025
5,ELTINGVILLE,02 TWO FAMILY DWELLINGS,1,5717,80,,B2,169 CROWN AVENUE,,10312,2,0,2,"10,000","3,252",1985,1,B2,"6,516",11/12/2025
5,ELTINGVILLE,02 TWO FAMILY DWELLINGS,1,5718,103,,B9,479 CARLTON BOULEVARD,,10312,2,0,2,"2,125","1,350",2003,1,B9,0,04/18/2025
5,ELTINGVILLE,03 THREE FAMILY DWELLINGS,1,5619,12,,C0,1053 ARDEN AVENUE,,10312,3,0,3,"27,587","4,256",1945,1,C0,0,01/28/2026
5,ELTINGVILLE,04 TAX CLASS 1 CONDOS,1A,5590,1006,,R3,"14-B VILLAGE LANE, 3B",3B,10312,1,,1,,,1985,1,R3,"540,000",08/13/2025
5,ELTINGVILLE,04 TAX CLASS 1 CONDOS,1A,5590,1029,,R3,"51 VILLAGE LANE, 15A",15A,10312,1,,1,,,1985,1,R3,"525,000",08/25/2025
5,ELTINGVILLE,04 TAX CLASS 1 CONDOS,1A,5590,1034,,R3,"47B VILLAGE LANE, 17B",17B,10312,1,,1,,,1985,1,R3,"445,000",05/14/2025
5,ELTINGVILLE,04 TAX CLASS 1 CONDOS,1A,5590,1034,,R3,"47B VILLAGE LANE, 17B",17B,10312,1,,1,,,1985,1,R3,"575,000",02/05/2026
5,ELTINGVILLE,05 TAX CLASS 1 VACANT LAND,1B,5386,72,,V0,N/A HYLAN BOULEVARD,,10312,0,0,0,"1,520",0,,1,V0,0,05/14/2025
5,ELTINGVILLE,05 TAX CLASS 1 VACANT LAND,1B,5599,64,,V0,N/A SERRELL AVENUE,,10312,0,0,0,"2,000",0,,1,V0,"1,200,000",07/09/2025
5,ELTINGVILLE,05 TAX CLASS 1 VACANT LAND,1B,5642,10,,V0,N/A DRUMGOOLE ROAD EAST,,10312,0,0,0,"10,283",0,,1,V0,0,01/12/2026
5,ELTINGVILLE,05 TAX CLASS 1 VACANT LAND,1B,5699,63,,V0,N/A IONIA AVENUE,,10312,0,0,0,"1,600",0,,1,V0,"990,000",09/29/2025
5,ELTINGVILLE,07 RENTALS - WALKUP APARTMENTS,2B,5609,6,,C1,651 LEVERETT AVENUE,,10312,10,0,10,"10,000","5,440",1975,2,C1,"2,175,000",05/20/2025
5,EMERSON HILL,01 ONE FAMILY DWELLINGS,1,828,288,,A1,11 DIANA TRAIL,,10304,1,0,1,"8,000","1,424",1935,1,A1,"366,500",09/02/2025
5,EMERSON HILL,01 ONE FAMILY DWELLINGS,1,829,13,,A3,204 DOUGLAS ROAD,,10304,1,0,1,"12,155","3,505",1930,1,A3,0,05/09/2025
5,EMERSON HILL,01 ONE FAMILY DWELLINGS,1,829,35,,A1,220 DOUGLAS ROAD,,10304,1,0,1,"13,925","3,110",1970,1,A1,"1,600,000",08/08/2025
5,EMERSON HILL,01 ONE FAMILY DWELLINGS,1,829,40,,A3,224 DOUGLAS ROAD,,10304,1,0,1,"12,640","4,300",2000,1,A3,"850,000",06/25/2025
5,EMERSON HILL,01 ONE FAMILY DWELLINGS,1,830,35,,A3,221 DOUGLAS ROAD,,10304,1,0,1,"18,803","7,400",2016,1,A3,"3,800,000",08/22/2025
5,EMERSON HILL,01 ONE FAMILY DWELLINGS,1,832,40,,A1,15 DOUGLAS ROAD,,10304,1,0,1,"17,730","2,400",1899,1,A1,"1,400,000",06/04/2025
5,EMERSON HILL,01 ONE FAMILY DWELLINGS,1,833,17,,A1,44 DOUGLAS ROAD,,10304,1,0,1,"11,200","2,002",1965,1,A1,"1,180,000",07/29/2025
5,EMERSON HILL,01 ONE FAMILY DWELLINGS,1,833,66,,A1,867 RICHMOND ROAD,,10304,1,0,1,"4,000","1,901",1965,1,A1,0,07/31/2025
5,EMERSON HILL,01 ONE FAMILY DWELLINGS,1,836,17,,A5,85 HEWITT AVENUE,,10301,1,0,1,"2,880","1,272",1975,1,A5,"825,000",05/12/2025
5,EMERSON HILL,01 ONE FAMILY DWELLINGS,1,836,138,,A1,80 NICOLE LOOP,,10301,1,0,1,"5,361","2,800",1997,1,A1,10,05/22/2025
5,EMERSON HILL,01 ONE FAMILY DWELLINGS,1,836,166,,A1,42 MICHAEL LOOP,,10304,1,0,1,"7,179","2,800",2001,1,A1,"1,450,000",04/03/2025
5,EMERSON HILL,01 ONE FAMILY DWELLINGS,1,837,34,,A5,22 HEWITT AVENUE,,10301,1,0,1,"2,025","1,288",1975,1,A5,"720,000",12/22/2025
5,EMERSON HILL,01 ONE FAMILY DWELLINGS,1,838,6,,A3,620 OCEAN TERRACE,,10301,1,0,1,"11,322","4,950",1965,1,A3,"1,555,000",11/07/2025
5,EMERSON HILL,01 ONE FAMILY DWELLINGS,1,838,141,,A1,26 EMERSON AVENUE,,10301,1,0,1,"10,000","2,112",1940,1,A1,"1,250,000",02/06/2026
5,EMERSON HILL,01 ONE FAMILY DWELLINGS,1,838,374,,A3,200 COVERLY AVENUE,,10301,1,0,1,"10,933","3,801",1985,1,A3,"1,750,000",05/14/2025
5,EMERSON HILL,02 TWO FAMILY DWELLINGS,1,836,56,,B2,5 HEWITT AVENUE,,10301,2,0,2,"4,252","2,830",1975,1,B2,"965,500",08/01/2025
5,EMERSON HILL,02 TWO FAMILY DWELLINGS,1,837,151,,B2,48 ENDOR AVENUE,,10301,2,0,2,"4,646","2,440",1970,1,B2,0,07/07/2025
5,EMERSON HILL,02 TWO FAMILY DWELLINGS,1,837,158,,B2,32 ENDOR AVENUE,,10301,2,0,2,"4,600","2,440",1976,1,B2,0,05/30/2025
5,EMERSON HILL,05 TAX CLASS 1 VACANT LAND,1B,828,110,,V0,N/A EMERSON DRIVE,,10304,0,0,0,"23,150",0,,1,V0,"100,000",09/03/2025
5,EMERSON HILL,05 TAX CLASS 1 VACANT LAND,1B,828,116,,V0,N/A EMERSON DRIVE,,10304,0,0,0,"23,263",0,,1,V0,"100,000",09/03/2025
5,EMERSON HILL,05 TAX CLASS 1 VACANT LAND,1B,829,30,,V0,N/A DOUGLAS ROAD,,10301,0,0,0,"10,235",0,,1,V0,"1,600,000",08/08/2025
5,EMERSON HILL,05 TAX CLASS 1 VACANT LAND,1B,832,105,,V0,N/A DOUGLAS COURT,,10304,0,0,0,"20,828",0,,1,V0,"505,000",06/12/2025
5,EMERSON HILL,05 TAX CLASS 1 VACANT LAND,1B,832,110,,V0,N/A DOUGLAS COURT,,10304,0,0,0,"16,374",0,,1,V0,"400,000",10/29/2025
5,GRANT CITY,01 ONE FAMILY DWELLINGS,1,883,74,,A1,36 FLAGG PLACE,,10304,1,0,1,"4,551","1,800",1935,1,A1,"898,888",06/30/2025
5,GRANT CITY,01 ONE FAMILY DWELLINGS,1,895,38,,A3,254 FLAGG PLACE,,10304,1,0,1,"9,200","3,360",1980,1,A3,"1,800,000",05/12/2025
5,GRANT CITY,01 ONE FAMILY DWELLINGS,1,899,62,,A3,1233 TODT HILL ROAD,,10304,1,0,1,"8,364","5,080",1944,1,A3,"975,000",06/05/2025
5,GRANT CITY,01 ONE FAMILY DWELLINGS,1,3343,26,,A2,212 SEAVIEW AVENUE,,10305,1,0,1,"4,550",768,1955,1,A2,0,01/28/2026
5,GRANT CITY,01 ONE FAMILY DWELLINGS,1,3343,97,,A5,147 LIBERTY AVENUE,,10305,1,0,1,"2,700","1,540",1999,1,A5,0,06/23/2025
5,GRANT CITY,01 ONE FAMILY DWELLINGS,1,3345,16,,A2,272 SEAVIEW AVENUE,,10305,1,0,1,"4,550",960,1965,1,A2,"735,000",11/05/2025
5,GRANT CITY,01 ONE FAMILY DWELLINGS,1,3530,97,,A5,688 NORTH RAILROAD AVE,,10304,1,0,1,"2,902","1,280",1980,1,A5,0,08/26/2025
5,GRANT CITY,01 ONE FAMILY DWELLINGS,1,3535,69,,A2,73 STOBE AVENUE,,10306,1,0,1,"2,387",544,1955,1,A2,"400,000",04/23/2025
5,GRANT CITY,01 ONE FAMILY DWELLINGS,1,3538,102,,A2,226 BUEL AVENUE,,10305,1,0,1,"4,500",892,1960,1,A2,0,05/02/2025
5,GRANT CITY,01 ONE FAMILY DWELLINGS,1,3538,180,,A2,45 HUSSON STREET,,10305,1,0,1,"3,040","1,080",1960,1,A2,0,07/17/2025
5,GRANT CITY,01 ONE FAMILY DWELLINGS,1,3539,28,,A5,67 HUSSON STREET,,10305,1,0,1,978,"1,286",1987,1,A5,"725,000",11/25/2025
5,GRANT CITY,01 ONE FAMILY DWELLINGS,1,3549,132,,A2,72 HUSSON STREET,,10305,1,0,1,"3,813","1,201",1960,1,A2,"805,000",08/19/2025
5,GRANT CITY,01 ONE FAMILY DWELLINGS,1,3552,85,,A1,84 STOBE AVENUE,,10306,1,0,1,"5,900","2,687",1940,1,A1,"999,000",12/04/2025
5,GRANT CITY,01 ONE FAMILY DWELLINGS,1,3554,32,,A5,1882 RICHMOND ROAD,,10306,1,0,1,"3,486","1,408",2002,1,A5,"915,000",07/30/2025
5,GRANT CITY,01 ONE FAMILY DWELLINGS,1,3556,15,,A5,137 JEFFERSON AVENUE,,10306,1,0,1,"3,125","1,200",1960,1,A5,"580,403",02/18/2026
5,GRANT CITY,01 ONE FAMILY DWELLINGS,1,3556,45,,A5,118 STOBE AVENUE,,10306,1,0,1,"6,264","1,290",1960,1,A5,"730,000",09/19/2025
5,GRANT CITY,01 ONE FAMILY DWELLINGS,1,3557,3,,B2,149 HULL AVENUE,,10306,2,0,2,"5,000","3,276",2025,1,A2,"670,000",10/09/2025
5,GRANT CITY,01 ONE FAMILY DWELLINGS,1,3557,55,,A2,148 JEFFERSON AVENUE,,10306,1,0,1,"4,000","1,014",1950,1,A2,0,01/22/2026
5,GRANT CITY,01 ONE FAMILY DWELLINGS,1,3557,57,,A2,152 JEFFERSON AVENUE,,10306,1,0,1,"4,000",864,1950,1,A2,0,09/25/2025
5,GRANT CITY,01 ONE FAMILY DWELLINGS,1,3558,18,,A5,123 ADAMS AVENUE,,10306,1,0,1,"3,000","1,728",2003,1,A5,"930,000",07/02/2025
5,GRANT CITY,01 ONE FAMILY DWELLINGS,1,3560,18,,A2,215 HULL AVENUE,,10306,1,0,1,"4,000",968,1960,1,A2,"650,000",11/17/2025
5,GRANT CITY,01 ONE FAMILY DWELLINGS,1,3560,20,,A2,211 HULL AVENUE,,10306,1,0,1,"4,000",968,1960,1,A2,"850,000",01/13/2026
5,GRANT CITY,01 ONE FAMILY DWELLINGS,1,3561,5,,A2,221 ADAMS AVE,,10306,1,0,1,"4,000",973,1930,1,A2,"745,000",02/05/2026
5,GRANT CITY,01 ONE FAMILY DWELLINGS,1,3562,1,,A1,951 NORTH RAILROAD AVE,,10306,1,0,1,"4,904","1,460",1950,1,A1,0,09/30/2025
5,GRANT CITY,01 ONE FAMILY DWELLINGS,1,3562,20,,A1,43 BARTON AVENUE,,10306,1,0,1,"4,000","1,872",1920,1,A1,"823,000",11/24/2025
5,GRANT CITY,01 ONE FAMILY DWELLINGS,1,3562,30,,A1,27 BARTON AVENUE,,10306,1,0,1,"3,000",952,1940,1,A1,"500,000",01/12/2026
5,GRANT CITY,01 ONE FAMILY DWELLINGS,1,3563,70,,A2,60 BARTON AVENUE,,10306,1,0,1,"4,000",800,1960,1,A2,"503,500",08/12/2025
5,GRANT CITY,01 ONE FAMILY DWELLINGS,1,3565,16,,A1,51 HAMDEN AVENUE,,10306,1,0,1,"6,000",792,1915,1,A1,"888,000",07/30/2025
5,GRANT CITY,01 ONE FAMILY DWELLINGS,1,3565,39,,A1,46 HUNTER AVENUE,,10306,1,0,1,"8,000","1,800",1955,1,A1,"1,200,000",04/04/2025
5,GRANT CITY,01 ONE FAMILY DWELLINGS,1,3566,36,,A0,50 HAMDEN,,10306,1,0,1,"6,000","1,421",1955,1,A0,0,03/02/2026
5,GRANT CITY,01 ONE FAMILY DWELLINGS,1,3566,43,,A1,62 HAMDEN AVENUE,,10306,1,0,1,"4,000","1,680",1935,1,A1,"902,500",12/19/2025
5,GRANT CITY,01 ONE FAMILY DWELLINGS,1,3568,27,,A2,108 ADAMS AVENUE,,10306,1,0,1,"4,000",748,1950,1,A2,"700,000",09/24/2025
5,GRANT CITY,01 ONE FAMILY DWELLINGS,1,3571,19,,A2,129 HAMDEN AVENUE,,10306,1,0,1,"4,000",942,1940,1,A2,0,12/16/2025
5,GRANT CITY,01 ONE FAMILY DWELLINGS,1B,3572,13,,V0,143 BEDFORD AVENUE,,10306,0,0,0,"3,000",0,1925,1,A2,"725,000",09/23/2025
5,GRANT CITY,01 ONE FAMILY DWELLINGS,1,3572,55,,A2,132 HAMDEN AVENUE,,10306,1,0,1,"4,000","1,000",1930,1,A2,"610,000",12/19/2025
5,GRANT CITY,01 ONE FAMILY DWELLINGS,1,3574,21,,A2,197 HAMDEN AVENUE,,10306,1,0,1,"4,000",960,1950,1,A2,"625,000",05/09/2025
5,GRANT CITY,01 ONE FAMILY DWELLINGS,1,3578,17,,A1,12 COLFAX AVENUE,,10306,1,0,1,"5,969","1,320",1899,1,A1,0,11/06/2025
5,GRANT CITY,01 ONE FAMILY DWELLINGS,1,3578,23,,A1,28 COLFAX AVENUE,,10306,1,0,1,"3,187","1,484",1930,1,A1,"760,000",04/02/2025
5,GRANT CITY,01 ONE FAMILY DWELLINGS,1,3578,56,,A5,41 LINCOLN AVENUE,,10306,1,0,1,"2,340","1,600",1991,1,A5,"819,000",01/12/2026
5,GRANT CITY,01 ONE FAMILY DWELLINGS,1,3578,65,,A2,25 LINCOLN AVENUE,,10306,1,0,1,"4,680","1,056",1960,1,A2,"665,000",02/09/2026
5,GRANT CITY,01 ONE FAMILY DWELLINGS,1,3580,13,,A0,68 MIDLAND AVENUE,,10306,1,0,1,"1,950",770,1940,1,A0,0,08/01/2025
5,GRANT CITY,01 ONE FAMILY DWELLINGS,1B,3591,36,,V0,12 GRANT PLACE,,10306,0,0,0,"4,200",0,1955,1,A2,0,06/18/2025
5,GRANT CITY,01 ONE FAMILY DWELLINGS,1,3592,7,,A1,2136 RICHMOND ROAD,,10306,1,0,1,"2,400","1,152",1920,1,A1,"505,000",02/02/2026
5,GRANT CITY,01 ONE FAMILY DWELLINGS,1,3594,13,,A1,12 FREMONT AVENUE,,10306,1,0,1,"4,269","1,356",1935,1,A1,0,08/15/2025
5,GRANT CITY,01 ONE FAMILY DWELLINGS,1,3608,42,,A0,188 LINCOLN AVENUE,,10306,1,0,1,"5,376","1,251",1955,1,A0,"535,765",09/10/2025
5,GRANT CITY,01 ONE FAMILY DWELLINGS,1,3608,54,,A0,210 LINCOLN AVENUE,,10306,1,0,1,"10,791","1,080",1955,1,A0,"1,024,850",12/12/2025
5,GRANT CITY,01 ONE FAMILY DWELLINGS,1,3609,45,,A1,212 FREMONT AVE,,10306,1,0,1,"3,800","2,288",1950,1,A1,0,05/06/2025
5,GRANT CITY,01 ONE FAMILY DWELLINGS,1,3613,9,,A2,241 GREELEY AVENUE,,10306,1,0,1,"4,000","1,080",1941,1,A2,0,11/18/2025
5,GRANT CITY,02 TWO FAMILY DWELLINGS,1,3321,19,,B3,118 SEAVIEW AVENUE,,10304,2,0,2,"5,000","2,210",1930,1,B3,"900,000",05/20/2025
5,GRANT CITY,02 TWO FAMILY DWELLINGS,1,3343,13,,B3,102 HANCOCK STREET,,10305,2,0,2,"2,600","1,624",1920,1,B3,0,02/05/2026
5,GRANT CITY,02 TWO FAMILY DWELLINGS,1,3345,21,,S2,282 SEAVIEW AVENUE,,10305,2,1,3,"4,550","2,460",1946,1,S2,"865,000",01/22/2026
5,GRANT CITY,02 TWO FAMILY DWELLINGS,1,3345,42,,B3,251 LIBERTY AVENUE,,10305,2,0,2,"5,000","1,372",1925,1,B3,"750,000",01/06/2026
5,GRANT CITY,02 TWO FAMILY DWELLINGS,1,3536,120,,B9,221 BUEL AVENUE,,10305,2,0,2,"3,223","1,667",2000,1,B9,0,12/16/2025
5,GRANT CITY,02 TWO FAMILY DWELLINGS,1,3540,31,,B9,75 ZOE STREET,,10305,2,0,2,"2,204","2,160",1976,1,B9,"793,000",05/06/2025
5,GRANT CITY,02 TWO FAMILY DWELLINGS,1,3553,65,,B1,52 JEFFERSON AVENUE,,10306,2,0,2,"4,850","1,280",1935,1,B1,0,09/09/2025
5,GRANT CITY,02 TWO FAMILY DWELLINGS,1,3553,77,,B2,74 JEFFERSON AVENUE,,10306,2,0,2,"2,827","1,600",1992,1,B2,"948,000",12/31/2025
5,GRANT CITY,02 TWO FAMILY DWELLINGS,1,3554,70,,B1,50 HULL AVENUE,,10306,2,0,2,"4,465","2,917",1930,1,B1,0,09/25/2025
5,GRANT CITY,02 TWO FAMILY DWELLINGS,1,3558,4,,B2,151 ADAMS AVENUE,,10306,2,0,2,"4,000","1,821",1999,1,B2,"1,110,000",10/09/2025
5,GRANT CITY,02 TWO FAMILY DWELLINGS,1,3558,38,,B2,116 HULL AVENUE,,10306,2,0,2,"4,289","2,544",2024,1,B2,"1,471,371",07/01/2025
5,GRANT CITY,02 TWO FAMILY DWELLINGS,1,3571,24,,B2,115 HAMDEN AVENUE,,10306,2,0,2,"5,000","1,984",1925,1,B2,0,11/07/2025
5,GRANT CITY,02 TWO FAMILY DWELLINGS,1,3577,37,,B9,47 LISBON PLACE,,10306,2,0,2,"2,294","1,400",1998,1,B9,0,10/27/2025
5,GRANT CITY,02 TWO FAMILY DWELLINGS,1,3581,11,,B9,62 LISBON PLACE,,10306,2,0,2,"4,142","2,154",1940,1,B9,0,05/20/2025
5,GRANT CITY,02 TWO FAMILY DWELLINGS,1,3592,97,,B1,55 FREMONT AVENUE,,10306,2,0,2,"7,133","1,500",1925,1,B1,0,06/14/2025
5,GRANT CITY,02 TWO FAMILY DWELLINGS,1,3595,7,,B2,66 FREMONT AVENUE,,10306,2,0,2,"5,000","2,720",1960,1,B2,0,05/19/2025
5,GRANT CITY,02 TWO FAMILY DWELLINGS,1,3604,41,,B2,142 FREMONT AVENUE,,10306,2,0,2,"3,800","2,616",1940,1,B2,"940,000",02/06/2026
5,GRANT CITY,02 TWO FAMILY DWELLINGS,1,3604,53,,B2,170 FREMONT AVENUE,,10306,2,0,2,"3,800","1,784",1935,1,B2,0,11/21/2025
5,GRANT CITY,03 THREE FAMILY DWELLINGS,1,3603,16,,C0,141 FREMONT AVENUE,,10306,3,0,3,"3,900","2,030",1935,1,C0,10,04/25/2025
5,GRANT CITY,05 TAX CLASS 1 VACANT LAND,1B,3553,13,,V0,N/A HULL AVENUE,,10306,0,0,0,"2,435",0,,1,V0,0,09/09/2025
5,GRANT CITY,05 TAX CLASS 1 VACANT LAND,1B,3553,14,,V0,N/A HULL AVENUE,,10306,0,0,0,"2,435",0,,1,V0,0,09/09/2025
5,GRANT CITY,05 TAX CLASS 1 VACANT LAND,1B,3553,63,,V0,N/A JEFFERSON AVENUE,,10306,0,0,0,"4,850",0,,1,V0,0,09/09/2025
5,GRANT CITY,05 TAX CLASS 1 VACANT LAND,1B,3553,68,,V0,N/A JEFFERSON AVENUE,,10306,0,0,0,"2,425",0,,1,V0,0,09/09/2025
5,GRANT CITY,05 TAX CLASS 1 VACANT LAND,1B,3561,104,,V0,N/A ADAMS AVENUE,,10306,0,0,0,"2,000",0,,1,V0,"745,000",02/05/2026
5,GRANT CITY,05 TAX CLASS 1 VACANT LAND,1,3570,33,,B2,309 HUSSON STREET,,10306,2,0,2,"3,000",0,,1,V0,"400,000",10/08/2025
5,GRANT CITY,05 TAX CLASS 1 VACANT LAND,1,3570,34,,B2,311 HUSSON STREET,,10306,2,0,2,"3,000",0,,1,V0,"400,000",10/08/2025
5,GRANT CITY,05 TAX CLASS 1 VACANT LAND,1B,3572,15,,V0,N/A BEDFORD AVENUE,,10306,0,0,0,"3,000",0,,1,V0,"725,000",09/23/2025
5,GRANT CITY,07 RENTALS - WALKUP APARTMENTS,2,3536,115,,C1,227 BUEL AVENUE,,10305,12,0,12,"10,080","7,956",1974,2,C1,"1,475,000",12/29/2025
5,GRANT CITY,07 RENTALS - WALKUP APARTMENTS,2A,3562,38,,C3,1910 RICHMOND ROAD,,10306,4,0,4,"8,900","2,240",1930,2,C3,"1,500,000",06/27/2025
5,GRANT CITY,09 COOPS - WALKUP APARTMENTS,2,3546,1,,C6,"27 VERA STREET, C",,10305,,,,,,1969,2,C6,"150,000",11/20/2025
5,GRANT CITY,09 COOPS - WALKUP APARTMENTS,2,3546,1,,C6,"39 VERA STREET, A",,10305,,,,,,1969,2,C6,"215,000",01/05/2026
5,GRANT CITY,09 COOPS - WALKUP APARTMENTS,2,3546,1,,C6,"55 VERA STREET, A",,10305,,,,,,1969,2,C6,"140,000",12/09/2025
5,GRANT CITY,09 COOPS - WALKUP APARTMENTS,2,3546,1,,C6,"65 VERA STREET, 65",,10305,,,,,,1969,2,C6,"312,000",12/15/2025
5,GRANT CITY,09 COOPS - WALKUP APARTMENTS,2,3546,1,,C6,"75 VERA STREET, 195-C",,10305,,,,,,1969,2,C6,0,04/24/2025
5,GRANT CITY,09 COOPS - WALKUP APARTMENTS,2,3546,1,,C6,"94 HUSSON STREET, 9A",,10305,,,,,,1969,2,C6,0,06/16/2025
5,GRANT CITY,09 COOPS - WALKUP APARTMENTS,2,3546,31,,C6,"21 VERA STREET, #C",,10305,,,,,,1969,2,C6,"260,000",05/30/2025
5,GRANT CITY,09 COOPS - WALKUP APARTMENTS,2,3546,31,,C6,"218 NAUGHTON AVENUE, 218C",,10305,,,,,,1969,2,C6,"135,000",03/09/2026
5,GRANT CITY,13 CONDOS - ELEVATOR APARTMENTS,2,3543,1026,,R4,"175 ZOE STREET, 2G",2G,10305,1,,1,,,1986,2,R4,0,10/31/2025
5,GRANT CITY,13 CONDOS - ELEVATOR APARTMENTS,2,3543,1062,,R4,"175 ZOE STREET, 5B",5B,10305,1,,1,,,1986,2,R4,"310,000",11/18/2025
5,GRANT CITY,13 CONDOS - ELEVATOR APARTMENTS,2,3543,1077,,R4,"175 ZOE STREET, 5Q",5Q,10305,1,,1,,,1986,2,R4,"230,000",07/02/2025
5,GRANT CITY,13 CONDOS - ELEVATOR APARTMENTS,2,3585,1022,,R4,"100 COLFAX AVENUE, 3D",3D,10306,1,,1,,,1961,2,R4,"426,000",05/07/2025
5,GRANT CITY,13 CONDOS - ELEVATOR APARTMENTS,2,3585,1028,,R4,"100 COLFAX AVENUE, 2E",2E,10306,1,,1,,,1961,2,R4,10,06/12/2025
5,GRANT CITY,13 CONDOS - ELEVATOR APARTMENTS,2,3585,1047,,R4,"100 COLFAX AVENUE, 7G",7G,10306,1,,1,,,1961,2,R4,"307,500",07/29/2025
5,GRANT CITY,13 CONDOS - ELEVATOR APARTMENTS,2,3585,1053,,R4,"100 COLFAX AVENUE, 6H",6H,10306,1,,1,,,1961,2,R4,"375,000",01/15/2026
5,GRANT CITY,13 CONDOS - ELEVATOR APARTMENTS,2,3585,1073,,R4,"100 COLFAX AVENUE, 5L",5L,10306,1,,1,,,1961,2,R4,"365,000",04/21/2025
5,GRANT CITY,13 CONDOS - ELEVATOR APARTMENTS,2,3585,1082,,R4,"100 COLFAX AVENUE, 1N",1N,10306,1,,1,,,1961,2,R4,"290,000",11/13/2025
5,GRANT CITY,13 CONDOS - ELEVATOR APARTMENTS,2,3585,1083,,R4,"100 COLFAX AVENUE, 2N",2N,10306,1,,1,,,1961,2,R4,"370,000",11/18/2025
5,GRANT CITY,13 CONDOS - ELEVATOR APARTMENTS,2,3585,1093,,R4,"100 COLFAX AVENUE, 6P",6P,10306,1,,1,,,1961,2,R4,"238,000",07/15/2025
5,GRANT CITY,13 CONDOS - ELEVATOR APARTMENTS,2,3585,1097,,R4,"100 COLFAX AVENUE, 4Q",4Q,10306,1,,1,,,1961,2,R4,0,01/22/2026
5,GRANT CITY,13 CONDOS - ELEVATOR APARTMENTS,2,3585,1230,,R4,"145 LINCOLN AVENUE, 4E",4E,10306,1,,1,,,1988,2,R4,"393,432",10/01/2025
5,GRANT CITY,13 CONDOS - ELEVATOR APARTMENTS,2,3585,1234,,R4,"145 LINCOLN AVENUE, 1F",1F,10306,1,,1,,,1988,2,R4,0,05/29/2025
5,GRANT CITY,13 CONDOS - ELEVATOR APARTMENTS,2,3585,1249,,R4,"145 LINCOLN AVENUE, 2H",2H,10306,1,,1,,,1988,2,R4,"300,000",07/25/2025
5,GRANT CITY,13 CONDOS - ELEVATOR APARTMENTS,2,3585,1251,,R4,"145 LINCOLN AVENUE, 4H",4H,10306,1,,1,,,1988,2,R4,"345,000",05/20/2025
5,GRANT CITY,13 CONDOS - ELEVATOR APARTMENTS,2,3585,1252,,R4,"145 LINCOLN AVENUE, 5H",5H,10306,1,,1,,,1988,2,R4,"350,000",11/07/2025
5,GRANT CITY,13 CONDOS - ELEVATOR APARTMENTS,2,3585,1255,,R4,"145 LINCOLN AVENUE, 1J",1J,10306,1,,1,,,1988,2,R4,"384,000",05/20/2025
5,GRANT CITY,13 CONDOS - ELEVATOR APARTMENTS,2,3585,1262,,R4,"145 LINCOLN AVENUE, 1K",1K,10306,1,,1,,,1988,2,R4,"395,000",10/08/2025
5,GRANT CITY,13 CONDOS - ELEVATOR APARTMENTS,2,3585,1288,,R4,"145 LINCOLN AVENUE, 1P",1P,10306,1,,1,,,1988,2,R4,"262,500",11/13/2025
5,GRANT CITY,13 CONDOS - ELEVATOR APARTMENTS,2,3585,1296,,R4,"145 LINCOLN AVENUE, 2R",2R,10306,1,,1,,,1988,2,R4,0,05/30/2025
5,GRANT CITY,13 CONDOS - ELEVATOR APARTMENTS,2,3585,1323,,R4,"145 LINCOLN AVENUE, 1V",1V,10306,1,,1,,,1988,2,R4,"340,000",12/05/2025
5,GRANT CITY,13 CONDOS - ELEVATOR APARTMENTS,2,3585,1330,,R4,"145 LINCOLN AVENUE, 1W",1W,10306,1,,1,,,1988,2,R4,0,10/10/2025
5,GRANT CITY,22 STORE BUILDINGS,4,3581,35,,K1,97 LINCOLN AVENUE,,10306,0,2,2,"2,210","2,400",1980,4,K1,"1,625,000",08/01/2025
5,GRANT CITY,22 STORE BUILDINGS,4,3581,135,,K1,95 LINCOLN AVENUE,,10306,0,4,4,"2,210","2,400",1980,4,K1,"1,625,000",08/01/2025
5,GRANT CITY,29 COMMERCIAL GARAGES,4,3552,39,,G4,1820 RICHMOND ROAD,,10306,0,1,1,"21,210","1,350",1966,4,G4,"2,500,000",02/13/2026
5,GRANT CITY,31 COMMERCIAL VACANT LAND,4,883,17,,V1,N/A RICHMOND ROAD,,10304,0,0,0,"2,800",0,,4,V1,"898,888",06/30/2025
5,GRASMERE,01 ONE FAMILY DWELLINGS,1B,3040,216,,V0,102 POUCH TERRACE,,10305,0,0,0,"6,440",0,,1,A2,"500,000",06/30/2025
5,GRASMERE,01 ONE FAMILY DWELLINGS,1,3046,19,,A2,112 WINDERMERE ROAD,,10305,1,0,1,"6,300","1,701",1955,1,A2,"937,500",01/07/2026
5,GRASMERE,01 ONE FAMILY DWELLINGS,1,3046,47,,A3,N/A STEUBEN STREET,,10305,1,0,1,"5,356","3,530",2025,1,A3,"1,419,430",11/19/2025
5,GRASMERE,01 ONE FAMILY DWELLINGS,1,3050,48,,A2,490 STEUBEN STREET,,10305,1,0,1,"5,243","1,248",1950,1,A2,"990,000",04/16/2025
5,GRASMERE,01 ONE FAMILY DWELLINGS,1,3060,153,,A2,21 DELPHINE TERRACE,,10305,1,0,1,"14,820","1,512",1980,1,A2,0,05/28/2025
5,GRASMERE,01 ONE FAMILY DWELLINGS,1,3060,177,,A2,46 DELPHINE TERRACE,,10305,1,0,1,"9,940","1,232",1955,1,A2,"930,000",09/29/2025
5,GRASMERE,01 ONE FAMILY DWELLINGS,1,3063,54,,A2,80 HILLCREST TERRACE,,10305,1,0,1,"9,422","1,232",1970,1,A2,"840,000",01/22/2026
5,GRASMERE,01 ONE FAMILY DWELLINGS,1,3064,52,,A1,19 LAKEVIEW TERRACE,,10305,1,0,1,"4,250","1,584",1920,1,A1,"415,740",02/18/2026
5,GRASMERE,01 ONE FAMILY DWELLINGS,1,3151,9,,A5,820 RICHMOND ROAD,,10304,1,0,1,"2,640","1,440",1998,1,A5,"1,231,500",07/09/2025
5,GRASMERE,01 ONE FAMILY DWELLINGS,1,3151,15,,A5,802 RICHMOND ROAD,,10304,1,0,1,"2,250","1,228",1997,1,A5,0,05/12/2025
5,GRASMERE,01 ONE FAMILY DWELLINGS,1,3151,25,,A5,786 RICHMOND ROAD,,10304,1,0,1,"2,347","1,228",1997,1,A5,"725,000",06/13/2025
5,GRASMERE,01 ONE FAMILY DWELLINGS,1,3153,11,,A2,891 TARGEE STREET,,10304,1,0,1,"2,960",912,1950,1,A2,0,11/19/2025
5,GRASMERE,01 ONE FAMILY DWELLINGS,1,3153,60,,A5,456 ODER AVENUE,,10304,1,0,1,"2,330","1,320",1901,1,A5,"669,000",12/01/2025
5,GRASMERE,01 ONE FAMILY DWELLINGS,1,3154,18,,A1,451 ODER AVENUE,,10304,1,0,1,"3,800","1,540",1901,1,A1,0,04/08/2025
5,GRASMERE,01 ONE FAMILY DWELLINGS,1,3154,20,,A2,447 ODER AVE,,10304,1,0,1,"4,750","1,804",1950,1,A2,0,05/28/2025
5,GRASMERE,01 ONE FAMILY DWELLINGS,1,3154,52,,A1,554 BRITTON AVENUE,,10304,1,0,1,"3,499","1,610",1960,1,A1,"730,000",09/30/2025
5,GRASMERE,01 ONE FAMILY DWELLINGS,1,3156,21,,A5,561 HANOVER AVENUE,,10304,1,0,1,"2,605","1,312",1960,1,A5,"652,000",01/28/2026
5,GRASMERE,01 ONE FAMILY DWELLINGS,1,3156,41,,A2,1932 CLOVE ROAD,,10304,1,0,1,"3,700","1,080",1920,1,A2,"846,000",09/22/2025
5,GRASMERE,01 ONE FAMILY DWELLINGS,1,3159,58,,A2,568 MOSEL AVENUE,,10304,1,0,1,"3,960","1,150",1950,1,A2,"770,000",06/16/2025
5,GRASMERE,01 ONE FAMILY DWELLINGS,1,3161,11,,A9,4 SHERIDAN AVENUE,,10304,1,0,1,"6,364",780,1910,1,A9,"610,000",12/19/2025
5,GRASMERE,01 ONE FAMILY DWELLINGS,1,3163,16,,A5,35 GRASMERE AVENUE,,10304,1,0,1,"1,750","1,600",2005,1,A5,0,10/07/2025
5,GRASMERE,01 ONE FAMILY DWELLINGS,1,3165,1,,A1,843 WEST FINGERBOARD RD,,10305,1,0,1,"3,280","1,256",1920,1,A1,"545,000",04/17/2025
5,GRASMERE,01 ONE FAMILY DWELLINGS,1,3165,19,,A1,82 SHERIDAN AVENUE,,10305,1,0,1,"2,000",898,1901,1,A1,"620,000",07/14/2025
5,GRASMERE,01 ONE FAMILY DWELLINGS,1,3166,71,,A1,845 WEST FINGERBOARD RD,,10305,1,0,1,"2,670","1,164",1901,1,A1,"831,000",07/22/2025
5,GRASMERE,01 ONE FAMILY DWELLINGS,1,3167,143,,A5,28 BALTIC AVENUE,,10304,1,0,1,"2,875","1,248",1970,1,A5,0,09/18/2025
5,GRASMERE,01 ONE FAMILY DWELLINGS,1,3170,60,,A1,636 BRITTON AVENUE,,10304,1,0,1,"4,000","2,350",1965,1,A1,0,10/30/2025
5,GRASMERE,01 ONE FAMILY DWELLINGS,1,3171,17,,A5,586 ODER AVENUE,,10304,1,0,1,"1,875","1,440",2003,1,A5,"748,000",09/16/2025
5,GRASMERE,01 ONE FAMILY DWELLINGS,1,3172,4,,A5,646 BRITTON AVENUE,,10304,1,0,1,"2,600","1,410",1960,1,A5,"700,000",05/21/2025
5,GRASMERE,01 ONE FAMILY DWELLINGS,1,3176,78,,A5,31 COBBLERS LANE,,10304,1,0,1,"3,000","1,488",1999,1,A5,"685,000",08/28/2025
5,GRASMERE,01 ONE FAMILY DWELLINGS,1,3176,106,,A5,60 GARRETSON LANE,,10304,1,0,1,"2,300","1,488",1999,1,A5,0,12/08/2025
5,GRASMERE,01 ONE FAMILY DWELLINGS,1,3176,116,,A5,72 GARRETSON LANE,,10304,1,0,1,"2,500","1,488",1999,1,A5,0,06/17/2025
5,GRASMERE,01 ONE FAMILY DWELLINGS,1,3176,154,,A5,18 COBBLERS LANE,,10304,1,0,1,"1,700","1,488",1999,1,A5,0,04/24/2025
5,GRASMERE,01 ONE FAMILY DWELLINGS,1,3183,44,,A2,77 COLUMBUS AVENUE,,10304,1,0,1,"4,000",936,1940,1,A2,10,11/06/2025
5,GRASMERE,01 ONE FAMILY DWELLINGS,1,3184,35,,A5,62 COLUMBUS AVENUE,,10304,1,0,1,"2,352","1,292",1960,1,A5,"710,000",12/29/2025
5,GRASMERE,01 ONE FAMILY DWELLINGS,1,3203,14,,A5,23 MARIE ST,,10305,1,0,1,"3,329","1,533",2025,1,A5,"977,520",12/18/2025
5,GRASMERE,01 ONE FAMILY DWELLINGS,1,3203,61,,A5,28 GRASMERE COURT,,10305,1,0,1,"1,292","1,200",1989,1,A5,0,08/01/2025
5,GRASMERE,01 ONE FAMILY DWELLINGS,1,3207,48,,A5,33 WINFIELD AVENUE,,10305,1,0,1,"1,400","1,316",1990,1,A5,"650,000",06/23/2025
5,GRASMERE,01 ONE FAMILY DWELLINGS,1,3207,51,,A5,39 WINFIELD AVENUE,,10305,1,0,1,"2,280","1,668",2000,1,A5,"790,000",12/22/2025
5,GRASMERE,01 ONE FAMILY DWELLINGS,1,3209,36,,A3,19 WOODLAWN AVENUE,,10305,1,0,1,"12,000","5,214",1986,1,A3,0,01/13/2026
5,GRASMERE,01 ONE FAMILY DWELLINGS,1,3226,63,,A1,32 ALLENDALE ROAD,,10305,1,0,1,"22,200","2,467",1940,1,A1,0,05/20/2025
5,GRASMERE,01 ONE FAMILY DWELLINGS,1,3227,52,,A2,82 ALLENDALE ROAD,,10305,1,0,1,"8,000","1,800",1950,1,A2,0,10/01/2025
5,GRASMERE,01 ONE FAMILY DWELLINGS,1,3228,10,,A2,726 WEST FINGERBOARD RD,,10305,1,0,1,"6,180","1,040",1950,1,A2,0,08/14/2025
5,GRASMERE,01 ONE FAMILY DWELLINGS,1,3228,24,,A2,702 WEST FINGERBOARD RD,,10305,1,0,1,"8,614","1,196",1950,1,A2,"1,172,000",04/14/2025
5,GRASMERE,01 ONE FAMILY DWELLINGS,1,3228,127,,A1,185 RADCLIFF ROAD,,10305,1,0,1,"6,500","3,926",2016,1,A1,"2,330,000",11/17/2025
5,GRASMERE,01 ONE FAMILY DWELLINGS,1,3229,54,,A1,6 NORMALEE ROAD,,10305,1,0,1,"4,500","2,080",1965,1,A1,0,06/04/2025
5,GRASMERE,01 ONE FAMILY DWELLINGS,1,3229,74,,A2,83 ALLENDALE ROAD,,10305,1,0,1,"5,000","1,180",1950,1,A2,"750,000",04/02/2025
5,GRASMERE,01 ONE FAMILY DWELLINGS,1,3231,5,,A1,102 RADCLIFF ROAD,,10305,1,0,1,"7,000","2,088",1945,1,A1,0,09/28/2025
5,GRASMERE,01 ONE FAMILY DWELLINGS,1,3231,13,,A1,88 RADCLIFF RD,,10305,1,0,1,"10,800","2,117",1920,1,A1,0,07/30/2025
5,GRASMERE,01 ONE FAMILY DWELLINGS,1,3231,47,,A1,16 RADCLIFF ROAD,,10305,1,0,1,"4,020","2,350",1992,1,A1,0,11/10/2025
5,GRASMERE,01 ONE FAMILY DWELLINGS,1,3231,100,,A2,955 HYLAN BOULEVARD,,10305,1,0,1,"3,978","2,047",1965,1,A2,"740,000",09/12/2025
5,GRASMERE,01 ONE FAMILY DWELLINGS,1,3231,115,,A1,979 HYLAN BOULEVARD,,10305,1,0,1,"4,346","3,616",1975,1,A1,"930,000",06/24/2025
5,GRASMERE,01 ONE FAMILY DWELLINGS,1,3232,58,,A1,30 BEVERLY ROAD,,10305,1,0,1,"6,000","2,256",1978,1,A1,"1,140,000",01/20/2026
5,GRASMERE,02 TWO FAMILY DWELLINGS,1,2911,16,,B2,510 NARROWS ROAD SOUTH,,10304,2,0,2,"3,995","3,780",1965,1,B2,0,05/15/2025
5,GRASMERE,02 TWO FAMILY DWELLINGS,1,2911,22,,B2,1905 CLOVE ROAD,,10304,2,0,2,"5,000","2,264",1920,1,B2,"780,000",07/31/2025
5,GRASMERE,02 TWO FAMILY DWELLINGS,1,2920,31,,B2,2011 CLOVE ROAD,,10304,2,0,2,"2,500","1,368",1910,1,B2,"550,000",10/23/2025
5,GRASMERE,02 TWO FAMILY DWELLINGS,1,3035,68,,B2,3 WINDERMERE ROAD,,10305,2,0,2,"4,080","2,392",1975,1,B2,"930,000",06/20/2025
5,GRASMERE,02 TWO FAMILY DWELLINGS,1,3036,20,,B2,483 STEUBEN STREET,,10305,2,0,2,"4,720","2,150",1960,1,B2,"1,280,000",02/03/2026
5,GRASMERE,02 TWO FAMILY DWELLINGS,1,3036,45,,B1,118 POUCH TERRACE,,10305,2,0,2,"3,886","2,104",1975,1,B1,"900,000",04/17/2025
5,GRASMERE,02 TWO FAMILY DWELLINGS,1,3040,132,,B1,827 HYLAN BOULEVARD,,10305,2,0,2,"4,375","1,824",1970,1,B1,0,01/30/2026
5,GRASMERE,02 TWO FAMILY DWELLINGS,1,3041,9,,B2,707 HYLAN BOULEVARD,,10305,2,0,2,"3,920","2,592",1965,1,B2,0,05/14/2025
5,GRASMERE,02 TWO FAMILY DWELLINGS,1,3154,54,,B2,558 BRITTON AVENUE,,10304,2,0,2,"3,800","1,530",1950,1,B2,0,04/03/2025
5,GRASMERE,02 TWO FAMILY DWELLINGS,1,3154,61,,B2,570 BRITTON AVENUE,,10304,2,0,2,"3,800","2,096",1960,1,B2,0,09/20/2025
5,GRASMERE,02 TWO FAMILY DWELLINGS,1,3167,9,,B2,15 ROOSEVELT STREET,,10304,2,0,2,"5,460","1,360",1901,1,B2,0,01/07/2026
5,GRASMERE,02 TWO FAMILY DWELLINGS,1,3167,27,,B1,836 RICHMOND ROAD,,10304,2,0,2,"3,936","2,040",1965,1,B1,"960,000",05/09/2025
5,GRASMERE,02 TWO FAMILY DWELLINGS,1,3168,32,,B1,920 RICHMOND ROAD,,10304,2,0,2,"7,800","2,240",1901,1,B1,0,08/09/2025
5,GRASMERE,02 TWO FAMILY DWELLINGS,1,3173,115,,B3,633 BRITTON AVENUE,,10304,2,0,2,"4,000","2,196",1925,1,B3,"1,300,000",06/04/2025
5,GRASMERE,02 TWO FAMILY DWELLINGS,1,3179,16,,B1,74 VENICE AVENUE,,10304,2,0,2,"4,158","1,920",1960,1,B1,0,02/06/2026
5,GRASMERE,02 TWO FAMILY DWELLINGS,1,3184,16,,B2,1125 TARGEE STREET,,10304,2,0,2,"8,320","1,544",1950,1,B2,10,07/25/2025
5,GRASMERE,02 TWO FAMILY DWELLINGS,1,3203,13,,B2,25 MARIE ST,,10305,2,0,2,"3,304","1,641",2025,1,B2,"1,145,531",12/09/2025
5,GRASMERE,03 THREE FAMILY DWELLINGS,1,2911,8,,C0,514 NARROWS ROAD SOUTH,,10304,3,0,3,"3,975","1,890",1960,1,C0,0,05/15/2025
5,GRASMERE,03 THREE FAMILY DWELLINGS,1,3167,1,,C0,31 ROOSEVELT STREET,,10304,3,0,3,"2,480","2,014",1930,1,C0,0,09/04/2025
5,GRASMERE,04 TAX CLASS 1 CONDOS,1A,3173,1044,,R3,89 ALAN LOOP,,10304,1,,1,,,1980,1,R3,"765,000",08/25/2025
5,GRASMERE,04 TAX CLASS 1 CONDOS,1A,3173,1052,,R3,69 ALAN LOOP,,10304,1,,1,,,1980,1,R3,"685,000",11/20/2025
5,GRASMERE,04 TAX CLASS 1 CONDOS,1A,3173,1070,,R3,21 ALAN LOOP,,10304,1,,1,,,1980,1,R3,"680,000",05/06/2025
5,GRASMERE,04 TAX CLASS 1 CONDOS,1A,3173,1128,,R3,11 PAMELA LANE,,10304,1,,1,,,1982,1,R3,0,05/08/2025
5,GRASMERE,04 TAX CLASS 1 CONDOS,1A,3173,1152,,R3,24 GATEWAY DRIVE,,10304,1,,1,,,1982,1,R3,0,10/22/2025
5,GRASMERE,04 TAX CLASS 1 CONDOS,1A,3173,1172,,R3,63 GATEWAY DRIVE,,10304,1,,1,,,1982,1,R3,"695,000",02/03/2026
5,GRASMERE,04 TAX CLASS 1 CONDOS,1A,3173,1186,,R3,95 GATEWAY DRIVE,,10304,1,,1,,,1985,1,R3,0,11/13/2025
5,GRASMERE,04 TAX CLASS 1 CONDOS,1A,3173,1188,,R3,91 GATEWAY DRIVE,,10304,1,,1,,,1985,1,R3,"510,000",04/28/2025
5,GRASMERE,04 TAX CLASS 1 CONDOS,1A,3173,1205,,R3,131 STONEGATE DRIVE,,10304,1,,1,,,1985,1,R3,"775,000",08/15/2025
5,GRASMERE,04 TAX CLASS 1 CONDOS,1A,3173,1218,,R3,119 STONEGATE DRIVE,,10304,1,,1,,,1985,1,R3,"550,000",06/26/2025
5,GRASMERE,04 TAX CLASS 1 CONDOS,1A,3173,1226,,R3,"99 STONEGATE DRIVE, 226",,10304,1,,1,,,1985,1,R3,"612,000",07/02/2025
5,GRASMERE,04 TAX CLASS 1 CONDOS,1A,3173,1242,,R3,57 STONEGATE DRIVE,,10304,1,,1,,,1986,1,R3,0,05/07/2025
5,GRASMERE,04 TAX CLASS 1 CONDOS,1A,3173,1249,,R3,35 STONEGATE DRIVE,,10304,1,,1,,,1986,1,R3,"640,000",10/14/2025
5,GRASMERE,04 TAX CLASS 1 CONDOS,1A,3173,1290,,R3,995 WEST FINGERBOARD RD,,10304,1,,1,,,1986,1,R3,"800,000",08/13/2025
5,GRASMERE,04 TAX CLASS 1 CONDOS,1A,3173,1304,,R3,52 STONEGATE DRIVE,,10304,1,,1,,,1986,1,R3,0,01/21/2026
5,GRASMERE,04 TAX CLASS 1 CONDOS,1A,3173,1308,,R3,36 STONEGATE DRIVE,,10304,1,,1,,,1986,1,R3,0,04/14/2025
5,GRASMERE,04 TAX CLASS 1 CONDOS,1A,3173,1310,,R3,32 STONEGATE DRIVE,,10304,1,,1,,,1986,1,R3,"765,000",04/25/2025
5,GRASMERE,04 TAX CLASS 1 CONDOS,1A,3173,1313,,R3,26 STONEGATE DRIVE,,10304,1,,1,,,1986,1,R3,0,05/29/2025
5,GRASMERE,05 TAX CLASS 1 VACANT LAND,1B,3040,15,,V0,94 POUCH TERRACE,,10305,0,0,0,"5,112",0,,1,V0,0,04/23/2025
5,GRASMERE,05 TAX CLASS 1 VACANT LAND,1B,3040,216,,V0,102 POUCH TERRACE,,10305,0,0,0,"6,440",0,,1,V0,"500,000",12/02/2025
5,GRASMERE,07 RENTALS - WALKUP APARTMENTS,2A,3151,7,,C2,820 RICHMOND ROAD,,10304,5,0,5,"3,545","5,880",1998,2,C2,"1,231,500",07/09/2025
5,GRASMERE,21 OFFICE BUILDINGS,4,3183,1,,O7,1099 TARGEE STREET,,10304,0,1,1,"14,550","12,920",1960,4,O7,"4,025,000",10/21/2025
5,GRASMERE,21 OFFICE BUILDINGS,4,3183,49,,O7,65 COLUMBUS AVENUE,,10304,0,2,2,"7,000","5,200",1997,4,O7,"2,350,000",06/13/2025
5,GRASMERE,22 STORE BUILDINGS,4,3162,5,,K1,2110E CLOVE ROAD,,10305,0,2,2,"1,783","2,080",1992,4,K1,"460,000",04/24/2025
5,GRASMERE,22 STORE BUILDINGS,4,3181,36,,K1,1120 TARGEE STREET,,10304,0,1,1,"9,885","3,160",1931,4,K1,"2,050,000",07/28/2025
5,GRASMERE,30 WAREHOUSES,4,3181,32,,E1,20 COLUMBUS AVENUE,,10304,0,1,1,"4,000","4,850",1976,4,E1,"1,100,000",07/28/2025
5,GREAT KILLS,01 ONE FAMILY DWELLINGS,1,4447,39,,A5,31B FRANKLIN LANE,,10306,1,0,1,960,"1,152",1986,1,A5,"500,000",12/30/2025
5,GREAT KILLS,01 ONE FAMILY DWELLINGS,1,4447,55,,A5,32D FRANKLIN LANE,,10306,1,0,1,960,"1,152",1986,1,A5,"455,000",04/07/2025
5,GREAT KILLS,01 ONE FAMILY DWELLINGS,1,4447,56,,A5,32C FRANKLIN LANE,,10306,1,0,1,"1,360","1,152",1986,1,A5,"252,601",10/29/2025
5,GREAT KILLS,01 ONE FAMILY DWELLINGS,1,4447,88,,A5,187D ARTHUR KILL ROAD,,10306,1,0,1,936,"1,152",1986,1,A5,0,11/20/2025
5,GREAT KILLS,01 ONE FAMILY DWELLINGS,1,4465,10,,A5,46 CHESS LOOP,,10306,1,0,1,"2,800","1,410",2002,1,A5,0,08/15/2025
5,GREAT KILLS,01 ONE FAMILY DWELLINGS,1,4465,33,,A5,55 CHESS LOOP,,10306,1,0,1,"2,450","1,400",2003,1,A5,"688,000",10/15/2025
5,GREAT KILLS,01 ONE FAMILY DWELLINGS,1,4466,25,,A5,15 KNIGHT LOOP,,10306,1,0,1,"2,914","1,410",2003,1,A5,"684,800",07/15/2025
5,GREAT KILLS,01 ONE FAMILY DWELLINGS,1,4473,18,,A5,98 COTTER AVENUE,,10306,1,0,1,"2,400","1,611",1985,1,A5,"800,000",02/26/2026
5,GREAT KILLS,01 ONE FAMILY DWELLINGS,1,4473,44,,A5,78 BOYCE AVE,,10306,1,0,1,"2,900","2,107",1985,1,A5,0,06/05/2025
5,GREAT KILLS,01 ONE FAMILY DWELLINGS,1,4473,68,,A5,73 ILYSE COURT,,10306,1,0,1,"2,500","1,025",1986,1,A5,"750,000",06/27/2025
5,GREAT KILLS,01 ONE FAMILY DWELLINGS,1,4474,21,,A5,60 ILYSE COURT,,10306,1,0,1,"2,471","1,675",1986,1,A5,0,01/16/2026
5,GREAT KILLS,01 ONE FAMILY DWELLINGS,1,4474,50,,A5,22 LYLE COURT,,10306,1,0,1,"2,500","1,450",1986,1,A5,"705,000",04/08/2025
5,GREAT KILLS,01 ONE FAMILY DWELLINGS,1,4474,84,,A5,71 CORONA AVENUE,,10306,1,0,1,"2,500","1,920",1986,1,A5,0,07/30/2025
5,GREAT KILLS,01 ONE FAMILY DWELLINGS,1,4474,85,,A5,73 CORONA AVENUE,,10306,1,0,1,"2,500","1,920",1986,1,A5,"700,000",05/19/2025
5,GREAT KILLS,01 ONE FAMILY DWELLINGS,1,4476,69,,A5,168 COTTER AVENUE,,10306,1,0,1,"2,472","1,980",1986,1,A5,"860,000",12/11/2025
5,GREAT KILLS,01 ONE FAMILY DWELLINGS,1,4477,48,,A5,19 HART LOOP,,10306,1,0,1,500,"1,150",1991,1,A5,"535,000",05/22/2025
5,GREAT KILLS,01 ONE FAMILY DWELLINGS,1,4477,49,,A5,110 BLYTHE PLACE,,10306,1,0,1,500,"1,150",1991,1,A5,0,02/04/2026
5,GREAT KILLS,01 ONE FAMILY DWELLINGS,1,4477,64,,A5,44 HART LOOP,,10306,1,0,1,500,"1,150",1991,1,A5,"460,000",09/10/2025
5,GREAT KILLS,01 ONE FAMILY DWELLINGS,1,4477,67,,A5,163 CORONA AVENUE,,10306,1,0,1,500,"1,150",1991,1,A5,0,01/05/2026
5,GREAT KILLS,01 ONE FAMILY DWELLINGS,1,4478,15,,A5,38 CORONA AVENUE,,10306,1,0,1,"3,300","1,667",1985,1,A5,"840,000",01/15/2026
5,GREAT KILLS,01 ONE FAMILY DWELLINGS,1,4478,42,,A5,18 ATMORE PLACE,,10306,1,0,1,"4,540","1,140",1986,1,A5,"640,000",03/27/2026
5,GREAT KILLS,01 ONE FAMILY DWELLINGS,1,4478,82,,A5,140 CORONA AVENUE,,10306,1,0,1,"1,950","1,350",1988,1,A5,"560,000",11/18/2025
5,GREAT KILLS,01 ONE FAMILY DWELLINGS,1,4478,85,,A5,146 CORONA AVENUE,,10306,1,0,1,"2,270","1,350",1988,1,A5,0,01/23/2026
5,GREAT KILLS,01 ONE FAMILY DWELLINGS,1,4478,184,,A1,26 LUKE COURT,,10306,1,0,1,"3,137","1,540",1987,1,A1,"630,000",07/29/2025
5,GREAT KILLS,01 ONE FAMILY DWELLINGS,1,4478,315,,A1,75 COTTER AVENUE,,10306,1,0,1,"3,264","1,364",1985,1,A1,0,06/27/2025
5,GREAT KILLS,01 ONE FAMILY DWELLINGS,1,4478,315,,A1,75 COTTER AVENUE,,10306,1,0,1,"3,264","1,364",1985,1,A1,0,09/25/2025
5,GREAT KILLS,01 ONE FAMILY DWELLINGS,1,4478,409,,A5,41 CROFT COURT,,10306,1,0,1,946,"2,200",1993,1,A5,"600,000",01/22/2026
5,GREAT KILLS,01 ONE FAMILY DWELLINGS,1,4478,439,,A5,186 CORONA AVENUE,,10306,1,0,1,688,"1,068",1988,1,A5,"470,000",07/25/2025
5,GREAT KILLS,01 ONE FAMILY DWELLINGS,1,4478,445,,A5,15A FULLER COURT,,10306,1,0,1,688,"1,250",1989,1,A5,"533,500",12/29/2025
5,GREAT KILLS,01 ONE FAMILY DWELLINGS,1,4478,446,,A5,17A FULLER COURT,,10306,1,0,1,688,"1,068",1988,1,A5,"450,000",09/11/2025
5,GREAT KILLS,01 ONE FAMILY DWELLINGS,1,4478,450,,A5,25A FULLER COURT,,10306,1,0,1,688,936,1988,1,A5,"600,000",10/09/2025
5,GREAT KILLS,01 ONE FAMILY DWELLINGS,1,4478,492,,A5,240 CORONA AVE,,10306,1,0,1,688,"1,050",1988,1,A5,"480,000",08/20/2025
5,GREAT KILLS,01 ONE FAMILY DWELLINGS,1,4478,606,,A5,17 SABLE LOOP,,10306,1,0,1,500,"1,240",1996,1,A5,0,04/02/2025
5,GREAT KILLS,01 ONE FAMILY DWELLINGS,1,4478,607,,A5,15 SABLE LOOP,,10306,1,0,1,500,"1,240",1996,1,A5,0,09/08/2025
5,GREAT KILLS,01 ONE FAMILY DWELLINGS,1,4478,622,,A5,75 LUKE COURT,,10306,1,0,1,500,"1,240",1996,1,A5,0,11/17/2025
5,GREAT KILLS,01 ONE FAMILY DWELLINGS,1,4500,21,,A5,51 TANGLEWOOD DRIVE,,10308,1,0,1,"2,500","1,248",1983,1,A5,"705,000",10/10/2025
5,GREAT KILLS,01 ONE FAMILY DWELLINGS,1,4500,24,,A5,59 TANGLEWOOD DRIVE,,10308,1,0,1,"2,578","1,248",1983,1,A5,"680,000",06/18/2025
5,GREAT KILLS,01 ONE FAMILY DWELLINGS,1,4500,216,,A5,175 SANDALWOOD DRIVE,,10308,1,0,1,"1,500","1,560",1986,1,A5,"545,000",07/15/2025
5,GREAT KILLS,01 ONE FAMILY DWELLINGS,1,4500,228,,A5,197 SANDALWOOD DRIVE,,10308,1,0,1,"2,000","1,350",1986,1,A5,0,09/29/2025
5,GREAT KILLS,01 ONE FAMILY DWELLINGS,1,4500,244,,A5,42 CHERRYWOOD COURT,,10308,1,0,1,"1,500","1,350",1985,1,A5,0,09/04/2025
5,GREAT KILLS,01 ONE FAMILY DWELLINGS,1,4509,5,,A1,239 CORBIN AVENUE,,10308,1,0,1,"5,000","2,428",1998,1,A1,0,03/06/2026
5,GREAT KILLS,01 ONE FAMILY DWELLINGS,1,4509,45,,A5,24 SANDALWOOD DRIVE,,10308,1,0,1,"1,995","1,440",1986,1,A5,1,11/11/2025
5,GREAT KILLS,01 ONE FAMILY DWELLINGS,1,4509,59,,A5,48 SANDALWOOD DRIVE,,10308,1,0,1,"1,536","1,440",1985,1,A5,"640,000",07/30/2025
5,GREAT KILLS,01 ONE FAMILY DWELLINGS,1,4509,70,,A5,66 SANDALWOOD DRIVE,,10308,1,0,1,"1,536","1,440",1985,1,A5,"630,000",07/01/2025
5,GREAT KILLS,01 ONE FAMILY DWELLINGS,1,4510,9,,A2,282 TANGLEWOOD DRIVE,,10308,1,0,1,"3,800","1,170",1980,1,A2,0,07/15/2025
5,GREAT KILLS,01 ONE FAMILY DWELLINGS,1,4510,9,,A2,282 TANGLEWOOD DRIVE,,10308,1,0,1,"3,800","1,170",1980,1,A2,0,09/09/2025
5,GREAT KILLS,01 ONE FAMILY DWELLINGS,1,4510,17,,A5,298 TANGLEWOOD DRIVE,,10308,1,0,1,"1,472","1,440",1980,1,A5,"575,000",10/22/2025
5,GREAT KILLS,01 ONE FAMILY DWELLINGS,1,4510,18,,A5,300 TANGLEWOOD DRIVE,,10308,1,0,1,"1,472","1,350",1980,1,A5,"610,000",06/23/2025
5,GREAT KILLS,01 ONE FAMILY DWELLINGS,1,4510,20,,A5,302 TANGLEWOOD DRIVE,,10308,1,0,1,"1,504","1,350",1980,1,A5,0,03/06/2026
5,GREAT KILLS,01 ONE FAMILY DWELLINGS,1,4550,16,,A5,16 ASHWOOD COURT,,10308,1,0,1,"2,842","1,564",1984,1,A5,"753,000",06/06/2025
5,GREAT KILLS,01 ONE FAMILY DWELLINGS,1,4550,32,,A1,40 ASHWOOD COURT,,10308,1,0,1,"5,859","1,700",1984,1,A1,"905,000",06/04/2025
5,GREAT KILLS,01 ONE FAMILY DWELLINGS,1,4550,122,,A5,181 EVERGREEN STREET,,10308,1,0,1,"2,868","2,033",1980,1,A5,"800,000",12/29/2025
5,GREAT KILLS,01 ONE FAMILY DWELLINGS,1,4567,1,,A1,4 DEWEY AVENUE,,10308,1,0,1,"4,737","2,000",1965,1,A1,"955,000",05/05/2025
5,GREAT KILLS,01 ONE FAMILY DWELLINGS,1,4569,19,,A2,134 GREAVES AVENUE,,10308,1,0,1,"4,500","1,560",1970,1,A2,"844,600",09/10/2025
5,GREAT KILLS,01 ONE FAMILY DWELLINGS,1,4569,23,,A2,17 GREAVES COURT,,10308,1,0,1,"4,000","1,584",1975,1,A2,"890,000",12/09/2025
5,GREAT KILLS,01 ONE FAMILY DWELLINGS,1,4570,12,,A2,140 HOWTON AVENUE,,10308,1,0,1,"4,300",960,1960,1,A2,"822,500",04/02/2025
5,GREAT KILLS,01 ONE FAMILY DWELLINGS,1,4574,10,,A5,55 DUNBAR STREET,,10308,1,0,1,"2,760","1,248",1965,1,A5,"705,000",07/17/2025
5,GREAT KILLS,01 ONE FAMILY DWELLINGS,1,4579,43,,A5,19 KENNINGTON STREET,,10308,1,0,1,"2,555","1,536",1998,1,A5,0,01/28/2026
5,GREAT KILLS,01 ONE FAMILY DWELLINGS,1,4579,61,,A5,283 GREAVES AVENUE,,10308,1,0,1,"2,766","1,536",1998,1,A5,0,12/22/2025
5,GREAT KILLS,01 ONE FAMILY DWELLINGS,1,4579,63,,A5,287 GREAVES AVENUE,,10308,1,0,1,"2,688","1,536",1998,1,A5,"790,000",08/25/2025
5,GREAT KILLS,01 ONE FAMILY DWELLINGS,1,4580,6,,A5,52 BARLOW AVENUE,,10308,1,0,1,"3,400","1,080",1970,1,A5,"740,000",12/30/2025
5,GREAT KILLS,01 ONE FAMILY DWELLINGS,1,4580,37,,A5,15 JUMEL STREET,,10308,1,0,1,"2,625","1,440",2001,1,A5,"792,000",10/01/2025
5,GREAT KILLS,01 ONE FAMILY DWELLINGS,1,4580,45,,A5,27 JUMEL STREET,,10308,1,0,1,"2,625","1,440",2001,1,A5,0,10/29/2025
5,GREAT KILLS,01 ONE FAMILY DWELLINGS,1,4580,58,,A5,47 JUMEL STREET,,10308,1,0,1,"2,911","1,560",1997,1,A5,"738,000",12/30/2025
5,GREAT KILLS,01 ONE FAMILY DWELLINGS,1,4583,86,,A5,309 CORBIN AVE,,10308,1,0,1,"2,500","1,248",1999,1,A5,"820,000",09/15/2025
5,GREAT KILLS,01 ONE FAMILY DWELLINGS,1,4583,108,,A2,39 COUNTRY WOODS LANE,,10308,1,0,1,"3,000","1,375",1980,1,A2,0,10/28/2025
5,GREAT KILLS,01 ONE FAMILY DWELLINGS,1,4583,109,,A2,43 COUNTRY WOODS LANE,,10308,1,0,1,"3,100","1,512",1980,1,A2,"525,000",10/28/2025
5,GREAT KILLS,01 ONE FAMILY DWELLINGS,1,4583,112,,A2,51 COUNTRY WOODS LANE,,10308,1,0,1,"3,000","1,100",1978,1,A2,"371,124",03/19/2026
5,GREAT KILLS,01 ONE FAMILY DWELLINGS,1,4583,128,,A2,19 NUTWOOD COURT,,10308,1,0,1,"3,600","1,925",1978,1,A2,"720,000",11/06/2025
5,GREAT KILLS,01 ONE FAMILY DWELLINGS,1,4583,210,,A5,160 TANGLEWOOD DRIVE,,10308,1,0,1,"2,700","1,360",1981,1,A5,"710,000",10/27/2025
5,GREAT KILLS,01 ONE FAMILY DWELLINGS,1,4583,225,,A1,118 TANGLEWOOD DRIVE,,10308,1,0,1,"3,400","1,496",1981,1,A1,"838,000",08/20/2025
5,GREAT KILLS,01 ONE FAMILY DWELLINGS,1,4583,248,,A1,58 TANGLEWOOD DRIVE,,10308,1,0,1,"3,658","1,496",1981,1,A1,0,07/28/2025
5,GREAT KILLS,01 ONE FAMILY DWELLINGS,1,4587,23,,A1,20 DALEHAM STREET,,10308,1,0,1,"4,000","2,152",1960,1,A1,"860,000",06/04/2025
5,GREAT KILLS,01 ONE FAMILY DWELLINGS,1,4587,27,,A1,12 DALEHAM STREET,,10308,1,0,1,"4,000","1,952",1970,1,A1,"850,000",06/17/2025
5,GREAT KILLS,01 ONE FAMILY DWELLINGS,1,4587,36,,A5,402 CORBIN AVENUE,,10308,1,0,1,"1,520","1,380",1991,1,A5,"300,000",05/29/2025
5,GREAT KILLS,01 ONE FAMILY DWELLINGS,1,4587,67,,A5,45 ELKHART STREET,,10308,1,0,1,"1,400","1,380",1991,1,A5,"610,000",06/20/2025
5,GREAT KILLS,01 ONE FAMILY DWELLINGS,1,4588,58,,A2,39 TROY STREET,,10308,1,0,1,"6,400","1,152",1950,1,A2,"691,000",10/09/2025
5,GREAT KILLS,01 ONE FAMILY DWELLINGS,1,4589,2,,A5,342 ARTHUR KILL ROAD,,10308,1,0,1,"1,955","1,438",1989,1,A5,"560,000",05/12/2025
5,GREAT KILLS,01 ONE FAMILY DWELLINGS,1,4589,25,,A2,12 TROY STREET,,10308,1,0,1,"7,000","1,048",1957,1,A2,"700,000",10/27/2025
5,GREAT KILLS,01 ONE FAMILY DWELLINGS,1,4589,54,,A5,523 GREAVES AVENUE,,10308,1,0,1,"1,375","1,438",1990,1,A5,"627,500",09/15/2025
5,GREAT KILLS,01 ONE FAMILY DWELLINGS,1,4589,62,,A5,539 GREAVES AVENUE,,10308,1,0,1,"1,960",990,1990,1,A5,0,01/23/2026
5,GREAT KILLS,01 ONE FAMILY DWELLINGS,1,4591,36,,A2,73 DALEHAM STREET,,10308,1,0,1,"5,000","1,064",1950,1,A2,"265,000",05/22/2025
5,GREAT KILLS,01 ONE FAMILY DWELLINGS,1,4591,45,,A2,89 DALEHAM STREET,,10308,1,0,1,"5,000","1,008",1950,1,A2,"790,000",07/08/2025
5,GREAT KILLS,01 ONE FAMILY DWELLINGS,1,4593,13,,A1,94 ELKHART STREET,,10308,1,0,1,"5,000","2,070",1955,1,A1,0,02/05/2026
5,GREAT KILLS,01 ONE FAMILY DWELLINGS,1,4593,25,,A2,68 ELKHART STREET,,10308,1,0,1,"5,000","1,034",1955,1,A2,"750,000",10/09/2025
5,GREAT KILLS,01 ONE FAMILY DWELLINGS,1,4596,23,,A5,502 MILES AVENUE,,10308,1,0,1,700,978,1985,1,A5,"448,000",09/04/2025
5,GREAT KILLS,01 ONE FAMILY DWELLINGS,1,4596,33,,A5,414 ARTHUR KILL ROAD,,10308,1,0,1,918,"1,104",1985,1,A5,0,05/09/2025
5,GREAT KILLS,01 ONE FAMILY DWELLINGS,1,4596,33,,A5,414 ARTHUR KILL ROAD,,10308,1,0,1,918,"1,104",1985,1,A5,"470,000",10/09/2025
5,GREAT KILLS,01 ONE FAMILY DWELLINGS,1,4598,6,,A2,138 ELKHART STREET,,10308,1,0,1,"5,000",900,1950,1,A2,10,10/23/2025
5,GREAT KILLS,01 ONE FAMILY DWELLINGS,1,4598,9,,A2,132 ELKHART STREET,,10308,1,0,1,"5,000",900,1950,1,A2,"795,000",01/30/2026
5,GREAT KILLS,01 ONE FAMILY DWELLINGS,1,4598,30,,A1,119 FAIRFIELD STREET,,10308,1,0,1,"4,800","1,632",1950,1,A1,0,02/05/2026
5,GREAT KILLS,01 ONE FAMILY DWELLINGS,1,4598,50,,A1,155 FAIRFIELD STREET,,10308,1,0,1,"5,000","1,808",1950,1,A1,10,10/16/2025
5,GREAT KILLS,01 ONE FAMILY DWELLINGS,1,4599,19,,A5,124 FAIRFIELD STREET,,10308,1,0,1,"2,500","1,662",2003,1,A5,0,08/20/2025
5,GREAT KILLS,01 ONE FAMILY DWELLINGS,1,4599,19,,A5,124 FAIRFIELD STREET,,10308,1,0,1,"2,500","1,662",2003,1,A5,"750,000",07/22/2025
5,GREAT KILLS,01 ONE FAMILY DWELLINGS,1,4605,40,,A1,143 BARLOW AVENUE,,10308,1,0,1,"6,710","3,100",1925,1,A1,"858,500",11/26/2025
5,GREAT KILLS,01 ONE FAMILY DWELLINGS,1,4606,59,,A2,181 JUMEL STREET,,10308,1,0,1,"4,000","1,200",1965,1,A2,"660,000",05/16/2025
5,GREAT KILLS,01 ONE FAMILY DWELLINGS,1,4607,27,,A5,88 JUMEL STREET,,10308,1,0,1,"2,438","1,540",1994,1,A5,"747,000",10/01/2025
5,GREAT KILLS,01 ONE FAMILY DWELLINGS,1,4608,21,,A5,98 KENNINGTON STREET,,10308,1,0,1,"2,600","1,280",1970,1,A5,"711,000",07/29/2025
5,GREAT KILLS,01 ONE FAMILY DWELLINGS,1,4608,61,,A5,105 LEVERETT AVENUE,,10308,1,0,1,"2,500","1,360",1970,1,A5,0,08/31/2025
5,GREAT KILLS,01 ONE FAMILY DWELLINGS,1,4609,28,,A2,72 LEVERETT AVENUE,,10308,1,0,1,"4,000","1,056",1960,1,A2,"514,000",05/20/2025
5,GREAT KILLS,01 ONE FAMILY DWELLINGS,1,4609,28,,A2,72 LEVERETT AVENUE,,10308,1,0,1,"4,000","1,056",1960,1,A2,"828,000",09/19/2025
5,GREAT KILLS,01 ONE FAMILY DWELLINGS,1,4610,17,,A1,281 GIFFORDS LANE,,10308,1,0,1,"5,406","2,256",1935,1,A1,"900,000",01/27/2026
5,GREAT KILLS,01 ONE FAMILY DWELLINGS,1,4610,56,,A2,139 KENNINGTON STREET,,10308,1,0,1,"4,040","1,391",1960,1,A2,"838,000",08/18/2025
5,GREAT KILLS,01 ONE FAMILY DWELLINGS,1,4610,74,,A2,175 KENNINGTON STREET,,10308,1,0,1,"4,000","1,391",1960,1,A2,0,04/03/2025
5,GREAT KILLS,01 ONE FAMILY DWELLINGS,1,4610,100,,A2,154 KENNINGTON STREET,,10308,1,0,1,"3,528","1,251",1960,1,A2,"825,000",07/07/2025
5,GREAT KILLS,01 ONE FAMILY DWELLINGS,1,4610,125,,A9,159 LEVERETT AVE,,10308,1,0,1,"4,200","1,680",1960,1,A9,0,10/22/2025
5,GREAT KILLS,01 ONE FAMILY DWELLINGS,1,4610,205,,A5,44 LINTON PLACE,,10308,1,0,1,"2,730","1,584",1994,1,A5,0,12/11/2025
5,GREAT KILLS,01 ONE FAMILY DWELLINGS,1,4610,205,,A5,44 LINTON PLACE,,10308,1,0,1,"2,730","1,584",1994,1,A5,"785,000",08/28/2025
5,GREAT KILLS,01 ONE FAMILY DWELLINGS,1B,4613,104,,V0,69 GIBSON AVENUE,,10308,0,0,0,"3,527",0,1930,1,A1,"875,000",06/13/2025
5,GREAT KILLS,01 ONE FAMILY DWELLINGS,1B,4613,107,,V0,63 GIBSON AVENUE,,10308,0,0,0,"3,469",0,1930,1,A1,"575,000",06/13/2025
5,GREAT KILLS,01 ONE FAMILY DWELLINGS,1,4613,123,,A1,31 GIBSON AVENUE,,10308,1,0,1,"4,373","1,364",1925,1,A1,"795,000",06/27/2025
5,GREAT KILLS,01 ONE FAMILY DWELLINGS,1,4615,9,,A0,157 GIFFORDS LANE,,10308,1,0,1,"5,050","1,326",1955,1,A0,0,06/25/2025
5,GREAT KILLS,01 ONE FAMILY DWELLINGS,1,4617,29,,A1,66 GIBSON AVENUE,,10308,1,0,1,"3,802","1,296",1925,1,A1,"820,000",12/05/2025
5,GREAT KILLS,01 ONE FAMILY DWELLINGS,1,4619,1,,A2,153 SHAFTER AVENUE,,10308,1,0,1,"5,000","1,150",1960,1,A2,"825,000",07/07/2025
5,GREAT KILLS,01 ONE FAMILY DWELLINGS,1,4619,48,,A2,158 EXETER STREET,,10308,1,0,1,"4,000","1,082",1960,1,A2,"580,000",09/24/2025
5,GREAT KILLS,01 ONE FAMILY DWELLINGS,1,4623,18,,A2,83 KATAN AVENUE,,10308,1,0,1,"3,500","1,056",1965,1,A2,"835,000",11/05/2025
5,GREAT KILLS,01 ONE FAMILY DWELLINGS,1,4623,20,,A2,87 KATAN AVENUE,,10308,1,0,1,"4,000",944,1940,1,A2,0,06/12/2025
5,GREAT KILLS,01 ONE FAMILY DWELLINGS,1,4630,4,,A5,172 DEWEY AVENUE,,10308,1,0,1,"2,375","1,038",1970,1,A5,0,11/25/2025
5,GREAT KILLS,01 ONE FAMILY DWELLINGS,1,4630,62,,A1,70 KATAN AVENUE,,10308,1,0,1,"5,500","2,280",1920,1,A1,0,06/06/2025
5,GREAT KILLS,01 ONE FAMILY DWELLINGS,1,4632,32,,A1,117 EXETER STREET,,10308,1,0,1,"5,300","2,693",1960,1,A1,"1,350,000",09/12/2025
5,GREAT KILLS,01 ONE FAMILY DWELLINGS,1,4633,231,,A2,16 LAMOKA AVENUE,,10308,1,0,1,"4,500","1,735",1965,1,A2,0,09/15/2025
5,GREAT KILLS,01 ONE FAMILY DWELLINGS,1,4640,64,,A5,5 GREAVES AVENUE,,10308,1,0,1,"3,264","1,480",1988,1,A5,"675,000",09/04/2025
5,GREAT KILLS,01 ONE FAMILY DWELLINGS,1,4640,156,,A5,23 STONECREST COURT,,10308,1,0,1,616,"1,134",1989,1,A5,"565,000",04/29/2025
5,GREAT KILLS,01 ONE FAMILY DWELLINGS,1,4640,168,,A5,34 STERN COURT,,10308,1,0,1,"2,200","1,599",1989,1,A5,"610,000",11/03/2025
5,GREAT KILLS,01 ONE FAMILY DWELLINGS,1,4645,51,,A5,16 FAWN LANE,,10306,1,0,1,"1,208","1,816",1998,1,A5,"668,000",10/29/2025
5,GREAT KILLS,01 ONE FAMILY DWELLINGS,1,4645,117,,A5,46 MEADOW LANE,,10306,1,0,1,"1,375","1,816",1997,1,A5,"570,220",12/29/2025
5,GREAT KILLS,01 ONE FAMILY DWELLINGS,1,4645,258,,A5,63 WOODCUTTERS LANE,,10306,1,0,1,"2,998","1,260",1994,1,A5,0,04/03/2025
5,GREAT KILLS,01 ONE FAMILY DWELLINGS,1,4645,259,,A5,49 WOODCUTTERS LANE,,10306,1,0,1,"1,675","1,260",1994,1,A5,"648,000",06/03/2025
5,GREAT KILLS,01 ONE FAMILY DWELLINGS,1,4985,30,,A5,35 THOLLEN STREET,,10306,1,0,1,"2,500","1,400",2002,1,A5,0,01/13/2026
5,GREAT KILLS,01 ONE FAMILY DWELLINGS,1,4986,18,,A5,184 HOPKINS AVENUE,,10306,1,0,1,"2,880","1,800",2006,1,A5,0,01/15/2026
5,GREAT KILLS,01 ONE FAMILY DWELLINGS,1,5026,22,,A5,175 JUSTIN AVENUE,,10306,1,0,1,"2,500","1,486",2012,1,A5,0,08/18/2025
5,GREAT KILLS,01 ONE FAMILY DWELLINGS,1,5026,38,,A2,162 DURANT AVENUE,,10306,1,0,1,"4,000","1,040",1965,1,A2,"728,000",12/03/2025
5,GREAT KILLS,01 ONE FAMILY DWELLINGS,1,5026,55,,A5,128 DURANT AVENUE,,10306,1,0,1,"2,340","1,232",1975,1,A5,"750,000",11/06/2025
5,GREAT KILLS,01 ONE FAMILY DWELLINGS,1,5026,58,,A5,122 DURANT AVENUE,,10306,1,0,1,"2,250","1,232",1975,1,A5,"720,000",07/09/2025
5,GREAT KILLS,01 ONE FAMILY DWELLINGS,1,5028,4,,A5,39 OVIS PLACE,,10306,1,0,1,"2,400","1,232",1965,1,A5,"670,000",11/25/2025
5,GREAT KILLS,01 ONE FAMILY DWELLINGS,1,5028,26,,A5,8 THAYER PLACE,,10306,1,0,1,"2,375","1,232",1965,1,A5,"428,000",01/27/2026
5,GREAT KILLS,01 ONE FAMILY DWELLINGS,1,5028,37,,A5,32 THAYER PLACE,,10306,1,0,1,"2,375","1,232",1965,1,A5,"725,000",09/16/2025
5,GREAT KILLS,01 ONE FAMILY DWELLINGS,1,5030,12,,A2,183 BAY TERRACE,,10306,1,0,1,"6,750","1,054",1940,1,A2,"920,000",06/16/2025
5,GREAT KILLS,01 ONE FAMILY DWELLINGS,1,5103,6,,A5,111 REDGRAVE AVENUE,,10306,1,0,1,"2,500","1,176",1975,1,A5,0,05/21/2025
5,GREAT KILLS,01 ONE FAMILY DWELLINGS,1,5103,35,,A2,162 BAY TERRACE,,10306,1,0,1,"5,958",875,1950,1,A2,10,07/10/2025
5,GREAT KILLS,01 ONE FAMILY DWELLINGS,1,5104,4,,A5,141 REDGRAVE AVENUE,,10306,1,0,1,"2,500","1,176",1970,1,A5,0,10/06/2025
5,GREAT KILLS,01 ONE FAMILY DWELLINGS,1,5104,6,,A5,135 REDGRAVE AVENUE,,10306,1,0,1,"2,500","1,176",1970,1,A5,"690,000",08/05/2025
5,GREAT KILLS,01 ONE FAMILY DWELLINGS,1,5104,51,,A5,23 GREENCROFT AVENUE,,10308,1,0,1,"2,500","1,176",1970,1,A5,"720,000",10/06/2025
5,GREAT KILLS,01 ONE FAMILY DWELLINGS,1,5105,59,,A5,169 REDGRAVE AVENUE,,10306,1,0,1,"3,060","1,600",1975,1,A5,"830,000",09/09/2025
5,GREAT KILLS,01 ONE FAMILY DWELLINGS,1,5108,39,,A5,3553 HYLAN BOULEVARD,,10308,1,0,1,"2,325","1,312",1970,1,A5,"778,500",08/26/2025
5,GREAT KILLS,01 ONE FAMILY DWELLINGS,1,5110,6,,A5,163 KEEGANS LANE,,10308,1,0,1,"2,458","1,176",1965,1,A5,"638,000",02/26/2026
5,GREAT KILLS,01 ONE FAMILY DWELLINGS,1,5110,34,,A5,110 MAYBURY AVENUE,,10308,1,0,1,"2,300","1,176",1965,1,A5,"710,000",05/27/2025
5,GREAT KILLS,01 ONE FAMILY DWELLINGS,1,5110,39,,A5,109 GREENCROFT AVENUE,,10308,1,0,1,"2,300","1,176",1965,1,A5,"745,000",12/10/2025
5,GREAT KILLS,01 ONE FAMILY DWELLINGS,1,5111,20,,A1,118 GREENCROFT AVENUE,,10308,1,0,1,"3,870","1,714",1975,1,A1,"840,000",11/10/2025
5,GREAT KILLS,01 ONE FAMILY DWELLINGS,1,5116,12,,A1,492 DURANT AVENUE,,10308,1,0,1,"4,500","1,884",1960,1,A1,0,09/16/2025
5,GREAT KILLS,01 ONE FAMILY DWELLINGS,1,5117,19,,A2,206 MAYBURY AVENUE,,10308,1,0,1,"4,000","1,144",1965,1,A2,"825,000",09/09/2025
5,GREAT KILLS,01 ONE FAMILY DWELLINGS,1,5120,19,,A1,85 HIGHLAND ROAD,,10308,1,0,1,"9,774","2,585",1930,1,A1,0,12/16/2025
5,GREAT KILLS,01 ONE FAMILY DWELLINGS,1,5126,85,,A1,96 HIGHLAND ROAD,,10308,1,0,1,"5,705","3,250",2007,1,A1,10,04/16/2025
5,GREAT KILLS,01 ONE FAMILY DWELLINGS,1,5128,1,,A1,35 OCEAN ROAD,,10308,1,0,1,"6,930","3,280",1920,1,A1,0,05/15/2025
5,GREAT KILLS,01 ONE FAMILY DWELLINGS,1,5128,1,,A1,35 OCEAN ROAD,,10308,1,0,1,"6,930","3,280",1920,1,A1,0,07/10/2025
5,GREAT KILLS,01 ONE FAMILY DWELLINGS,1,5128,27,,A2,91 MIDLAND ROAD,,10308,1,0,1,"8,475","1,971",1970,1,A2,0,12/10/2025
5,GREAT KILLS,01 ONE FAMILY DWELLINGS,1,5130,75,,A2,299 GREENCROFT AVENUE,,10308,1,0,1,"4,000","1,332",1960,1,A2,"522,365",07/15/2025
5,GREAT KILLS,01 ONE FAMILY DWELLINGS,1,5131,34,,A5,258 GREENCROFT AVENUE,,10308,1,0,1,"3,610","1,176",1965,1,A5,"639,999",07/02/2025
5,GREAT KILLS,01 ONE FAMILY DWELLINGS,1,5134,25,,A0,3884 AMBOY ROAD,,10308,1,0,1,"5,512","1,967",1930,1,A0,0,06/09/2025
5,GREAT KILLS,01 ONE FAMILY DWELLINGS,1,5134,86,,A1,81 HILLSIDE TERRACE,,10308,1,0,1,"7,500","1,128",1960,1,A1,0,10/15/2025
5,GREAT KILLS,01 ONE FAMILY DWELLINGS,1,5138,13,,A2,134 RAMBLE ROAD,,10308,1,0,1,"6,330","2,488",1965,1,A2,0,12/22/2025
5,GREAT KILLS,01 ONE FAMILY DWELLINGS,1,5138,42,,A2,25 RUSTIC PLACE,,10308,1,0,1,"10,600","1,268",1960,1,A2,"875,000",09/05/2025
5,GREAT KILLS,01 ONE FAMILY DWELLINGS,1,5142,11,,A2,40 HILLSIDE TERRACE,,10308,1,0,1,"7,500","1,251",1950,1,A2,"870,000",04/16/2025
5,GREAT KILLS,01 ONE FAMILY DWELLINGS,1,5145,21,,A1,28 LOCUST PLACE,,10308,1,0,1,"14,475","1,735",1899,1,A1,0,09/22/2025
5,GREAT KILLS,01 ONE FAMILY DWELLINGS,1,5152,25,,A5,12 GRANDVIEW TERRACE,,10308,1,0,1,"2,775","1,458",1975,1,A5,"763,000",05/22/2025
5,GREAT KILLS,01 ONE FAMILY DWELLINGS,1,5153,54,,A2,266 HILLSIDE TERRACE,,10308,1,0,1,"5,960","1,104",1950,1,A2,0,07/17/2025
5,GREAT KILLS,01 ONE FAMILY DWELLINGS,1,5153,100,,A0,73 WHITMAN AVENUE,,10308,1,0,1,"3,500","1,144",1940,1,A0,"510,000",10/06/2025
5,GREAT KILLS,01 ONE FAMILY DWELLINGS,1,5153,127,,A1,64 WHITMAN AVENUE,,10308,1,0,1,"3,960","1,068",1930,1,A1,"780,000",08/21/2025
5,GREAT KILLS,01 ONE FAMILY DWELLINGS,1,5153,136,,A2,23 MELROSE PLACE,,10308,1,0,1,"5,600",880,1960,1,A2,"650,000",12/30/2025
5,GREAT KILLS,01 ONE FAMILY DWELLINGS,1,5155,1,,A1,273 CLEVELAND AVENUE,,10308,1,0,1,"4,750","1,232",1940,1,A1,"442,000",12/23/2025
5,GREAT KILLS,01 ONE FAMILY DWELLINGS,1,5156,7,,A1,110 MONTICELLO TERRACE,,10308,1,0,1,"7,034","2,268",1984,1,A1,"900,000",06/24/2025
5,GREAT KILLS,01 ONE FAMILY DWELLINGS,1,5156,19,,A5,84 MONTICELLO TERRACE,,10308,1,0,1,"2,590","1,586",2009,1,A5,10,11/29/2025
5,GREAT KILLS,01 ONE FAMILY DWELLINGS,1,5190,51,,A5,67 FAIRLAWN LOOP,,10308,1,0,1,"1,003","1,645",1993,1,A5,0,09/19/2025
5,GREAT KILLS,01 ONE FAMILY DWELLINGS,1,5190,126,,A5,7 WATERSIDE PARKWAY,,10308,1,0,1,"2,520","1,260",1975,1,A5,"602,500",04/23/2025
5,GREAT KILLS,01 ONE FAMILY DWELLINGS,1,5200,17,,A5,342 GREAT KILLS ROAD,,10308,1,0,1,"2,812","1,732",2022,1,A5,"750,000",06/17/2025
5,GREAT KILLS,01 ONE FAMILY DWELLINGS,1,5201,12,,A2,14 MC KEE AVENUE,,10308,1,0,1,"5,000",935,1950,1,A2,0,06/30/2025
5,GREAT KILLS,01 ONE FAMILY DWELLINGS,1,5201,49,,A2,315 HILLSIDE TERRACE,,10308,1,0,1,"5,000","1,449",1920,1,A2,"525,000",12/10/2025
5,GREAT KILLS,01 ONE FAMILY DWELLINGS,1,5201,63,,A5,303 HILLSIDE TERRACE,,10308,1,0,1,"2,442","1,368",1980,1,A5,0,04/03/2025
5,GREAT KILLS,01 ONE FAMILY DWELLINGS,1,5203,14,,A5,292 HILLSIDE TERRACE,,10308,1,0,1,"2,327","1,367",1998,1,A5,"141,217",04/16/2025
5,GREAT KILLS,01 ONE FAMILY DWELLINGS,1,5205,22,,A5,21 CORNISH STREET,,10308,1,0,1,"1,500","1,230",1998,1,A5,"705,000",08/29/2025
5,GREAT KILLS,01 ONE FAMILY DWELLINGS,1,5205,24,,A2,15 CORNISH STREET,,10308,1,0,1,"6,000","1,020",1950,1,A2,0,05/14/2025
5,GREAT KILLS,01 ONE FAMILY DWELLINGS,1,5208,18,,A1,3948 HYLAN BOULEVARD,,10308,1,0,1,"3,000","1,232",1899,1,A1,0,12/10/2025
5,GREAT KILLS,01 ONE FAMILY DWELLINGS,1,5209,8,,A1,18 HARTFORD STREET,,10308,1,0,1,"2,430",980,1920,1,A1,0,05/29/2025
5,GREAT KILLS,01 ONE FAMILY DWELLINGS,1,5209,35,,A5,346 CLEVELAND AVENUE,,10308,1,0,1,"2,755","1,523",1986,1,A5,"585,000",01/09/2026
5,GREAT KILLS,01 ONE FAMILY DWELLINGS,1,5226,165,,A1,150 ACACIA AVENUE,,10308,1,0,1,"4,275","1,056",1930,1,A1,"650,000",12/08/2025
5,GREAT KILLS,01 ONE FAMILY DWELLINGS,1,5227,4,,A2,107 OAKDALE STREET,,10308,1,0,1,"4,000","1,340",1930,1,A2,"815,000",01/16/2026
5,GREAT KILLS,01 ONE FAMILY DWELLINGS,1,5230,53,,A5,486 ARMSTRONG AVENUE,,10308,1,0,1,"2,375","1,072",1965,1,A5,"685,000",08/14/2025
5,GREAT KILLS,01 ONE FAMILY DWELLINGS,1,5230,57,,A5,478 ARMSTRONG AVENUE,,10308,1,0,1,"2,375","1,072",1965,1,A5,0,11/04/2025
5,GREAT KILLS,01 ONE FAMILY DWELLINGS,1,5230,60,,A5,474 ARMSTRONG AVENUE,,10308,1,0,1,"2,375","1,072",1965,1,A5,"645,000",10/27/2025
5,GREAT KILLS,01 ONE FAMILY DWELLINGS,1,5231,3,,A5,445 BEACH ROAD,,10312,1,0,1,"2,442","1,152",1965,1,A5,"742,000",01/12/2026
5,GREAT KILLS,01 ONE FAMILY DWELLINGS,1,5231,13,,A5,463 BEACH ROAD,,10312,1,0,1,"2,442","1,152",1965,1,A5,0,09/12/2025
5,GREAT KILLS,01 ONE FAMILY DWELLINGS,1,5232,41,,A5,N/A BEACH ROAD,,10312,1,0,1,"2,550","1,365",2024,1,A5,"850,239",09/25/2025
5,GREAT KILLS,01 ONE FAMILY DWELLINGS,1,5232,42,,A5,N/A BEACH ROAD,,10312,1,0,1,"1,900","1,365",2024,1,A5,"829,874",09/25/2025
5,GREAT KILLS,01 ONE FAMILY DWELLINGS,1,5232,43,,A5,N/A BEACH ROAD,,10312,1,0,1,"2,550","1,365",2024,1,A5,"850,238",08/08/2025
5,GREAT KILLS,01 ONE FAMILY DWELLINGS,1,5233,31,,A2,190 OAKDALE STREET,,10308,1,0,1,"3,800",984,1950,1,A2,"620,000",11/17/2025
5,GREAT KILLS,01 ONE FAMILY DWELLINGS,1,5234,19,,A2,403 BEACH ROAD,,10312,1,0,1,"5,035",864,1950,1,A2,0,05/01/2025
5,GREAT KILLS,01 ONE FAMILY DWELLINGS,1,5235,19,,A2,301 PACIFIC AVENUE,,10312,1,0,1,"4,000","1,254",1950,1,A2,0,10/21/2025
5,GREAT KILLS,01 ONE FAMILY DWELLINGS,1,5237,13,,A5,359 RIDGECREST AVENUE,,10312,1,0,1,"2,800","1,440",1965,1,A5,"519,308",09/17/2025
5,GREAT KILLS,01 ONE FAMILY DWELLINGS,1,5237,13,,A5,359 RIDGECREST AVENUE,,10312,1,0,1,"2,800","1,440",1965,1,A5,"800,000",03/02/2026
5,GREAT KILLS,01 ONE FAMILY DWELLINGS,1,5237,30,,A5,391 RIDGECREST AVENUE,,10312,1,0,1,"2,800","1,440",1965,1,A5,0,06/20/2025
5,GREAT KILLS,01 ONE FAMILY DWELLINGS,1,5237,40,,A5,411 RIDGECREST AVENUE,,10312,1,0,1,"2,800","1,440",1965,1,A5,"770,000",08/27/2025
5,GREAT KILLS,01 ONE FAMILY DWELLINGS,1,5237,75,,A5,464 WINCHESTER AVENUE,,10312,1,0,1,"2,800","1,440",1965,1,A5,0,07/09/2025
5,GREAT KILLS,01 ONE FAMILY DWELLINGS,1,5238,10,,A5,463 WINCHESTER AVENUE,,10312,1,0,1,"3,061","1,600",1996,1,A5,0,11/06/2025
5,GREAT KILLS,01 ONE FAMILY DWELLINGS,1,5240,1,,A1,239 SYCAMORE STREET,,10312,1,0,1,"6,000","2,480",1955,1,A1,"1,299,000",10/17/2025
5,GREAT KILLS,01 ONE FAMILY DWELLINGS,1,5242,8,,A2,287 RIDGECREST AVE,,10312,1,0,1,"4,100","1,100",1960,1,A2,"645,000",07/30/2025
5,GREAT KILLS,01 ONE FAMILY DWELLINGS,1,5242,10,,A2,291 RIDGECREST AVENUE,,10312,1,0,1,"4,100","1,100",1960,1,A2,"584,000",07/23/2025
5,GREAT KILLS,01 ONE FAMILY DWELLINGS,1,5242,33,,A2,337 RIDGECREST AVENUE,,10312,1,0,1,"4,100","1,100",1960,1,A2,0,01/13/2026
5,GREAT KILLS,01 ONE FAMILY DWELLINGS,1,5242,67,,A2,388 WINCHESTER AVENUE,,10312,1,0,1,"4,410","1,092",1960,1,A2,1,07/29/2025
5,GREAT KILLS,01 ONE FAMILY DWELLINGS,1,5243,55,,A1,316 RIDGECREST AVENUE,,10312,1,0,1,"4,840","1,904",1965,1,A1,0,05/06/2025
5,GREAT KILLS,01 ONE FAMILY DWELLINGS,1,5243,59,,A2,308 RIDGECREST AVENUE,,10312,1,0,1,"6,600","1,060",1964,1,A2,"830,000",04/30/2025
5,GREAT KILLS,01 ONE FAMILY DWELLINGS,1,5245,24,,A1,5 HIGHMOUNT ROAD,,10308,1,0,1,"4,000","1,700",1930,1,A1,"889,000",09/22/2025
5,GREAT KILLS,01 ONE FAMILY DWELLINGS,1,5246,17,,A1,190 LINDENWOOD ROAD,,10308,1,0,1,"7,500","2,012",1955,1,A1,0,10/08/2025
5,GREAT KILLS,01 ONE FAMILY DWELLINGS,1,5247,34,,A1,31 HILLCREST STREET,,10308,1,0,1,"3,600","2,012",1930,1,A1,"846,998",01/12/2026
5,GREAT KILLS,01 ONE FAMILY DWELLINGS,1,5247,57,,A2,249 LINDENWOOD ROAD,,10308,1,0,1,"3,180",980,1935,1,A2,"515,000",12/30/2025
5,GREAT KILLS,01 ONE FAMILY DWELLINGS,1,5247,62,,A2,241 LINDENWOOD ROAD,,10308,1,0,1,"2,880","1,040",1940,1,A2,"790,000",12/23/2025
5,GREAT KILLS,01 ONE FAMILY DWELLINGS,1,5249,3,,A1,22 HILLTOP PLACE,,10308,1,0,1,"7,200","2,240",1945,1,A1,0,06/09/2025
5,GREAT KILLS,01 ONE FAMILY DWELLINGS,1,5251,33,,A2,11 HOLLY AVENUE,,10308,1,0,1,"5,000","1,463",1930,1,A2,0,08/14/2025
5,GREAT KILLS,01 ONE FAMILY DWELLINGS,1,5252,59,,A2,103 ACACIA AVENUE,,10308,1,0,1,"4,750","1,205",1950,1,A2,"785,000",03/11/2026
5,GREAT KILLS,01 ONE FAMILY DWELLINGS,1,5255,29,,A2,18 ACACIA AVENUE,,10308,1,0,1,"3,800","1,848",1965,1,A2,"810,800",10/09/2025
5,GREAT KILLS,01 ONE FAMILY DWELLINGS,1,5256,28,,A1,92 RAMBLEWOOD AVENUE,,10308,1,0,1,"3,800","1,088",1910,1,A1,"715,000",01/29/2026
5,GREAT KILLS,01 ONE FAMILY DWELLINGS,1,5256,63,,A2,115 CLOVERDALE AVENUE,,10308,1,0,1,"3,800",924,1950,1,A2,"710,000",06/18/2025
5,GREAT KILLS,01 ONE FAMILY DWELLINGS,1,5256,69,,A1,127 CLOVERDALE AVENUE,,10308,1,0,1,"3,800","1,756",1920,1,A1,"895,000",01/13/2026
5,GREAT KILLS,01 ONE FAMILY DWELLINGS,1,5257,28,,A2,22 RAMBLEWOOD AVENUE,,10308,1,0,1,"3,800","1,848",1955,1,A2,"750,000",06/30/2025
5,GREAT KILLS,01 ONE FAMILY DWELLINGS,1,5258,55,,A1,107 ELMWOOD AVENUE,,10308,1,0,1,"5,700","1,595",1935,1,A1,"870,000",12/09/2025
5,GREAT KILLS,01 ONE FAMILY DWELLINGS,1,5259,69,,A1,45 ELMWOOD AVENUE,,10308,1,0,1,"4,000","2,043",1955,1,A1,"1,165,000",06/10/2025
5,GREAT KILLS,01 ONE FAMILY DWELLINGS,1,5264,103,,A2,345 BEACH ROAD,,10312,1,0,1,"5,200","1,206",1950,1,A2,"450,000",11/05/2025
5,GREAT KILLS,01 ONE FAMILY DWELLINGS,1,5265,1,,A5,247 PACIFIC AVE,,10312,1,0,1,"1,206","1,240",1989,1,A5,"410,000",10/01/2025
5,GREAT KILLS,01 ONE FAMILY DWELLINGS,1,5265,4,,A5,212 SYCAMORE STREET,,10312,1,0,1,"1,050","1,480",1989,1,A5,"590,000",05/08/2025
5,GREAT KILLS,01 ONE FAMILY DWELLINGS,1,5265,16,,A1,344 BEACH ROAD,,10312,1,0,1,"5,200","3,152",1950,1,A1,"1,440,000",06/20/2025
5,GREAT KILLS,01 ONE FAMILY DWELLINGS,1,5265,29,,A1,318 BEACH ROAD,,10312,1,0,1,"5,200","1,900",1950,1,A1,"1,065,000",09/12/2025
5,GREAT KILLS,01 ONE FAMILY DWELLINGS,1,5266,75,,A2,293 THORNYCROFT AVENUE,,10312,1,0,1,"5,000",960,1960,1,A2,"690,000",09/05/2025
5,GREAT KILLS,01 ONE FAMILY DWELLINGS,1,5267,27,,A1,320 THORNYCROFT AVENUE,,10312,1,0,1,"5,000","2,375",1965,1,A1,"1,288,000",08/28/2025
5,GREAT KILLS,01 ONE FAMILY DWELLINGS,1,5267,87,,A1,323 WINCHESTER AVENUE,,10312,1,0,1,"3,850","1,803",2024,1,A1,"950,000",10/31/2025
5,GREAT KILLS,01 ONE FAMILY DWELLINGS,1,5267,90,,A1,331 WINCHESTER AVENUE,,10312,1,0,1,"4,000","1,936",1960,1,A1,"1,100,000",11/21/2025
5,GREAT KILLS,01 ONE FAMILY DWELLINGS,1,5268,52,,A1,4087 RICHMOND AVENUE,,10312,1,0,1,"5,200","2,700",2002,1,A1,"984,000",11/05/2025
5,GREAT KILLS,01 ONE FAMILY DWELLINGS,1,5268,278,,A5,170 RIDGECREST AVENUE,,10312,1,0,1,"3,405","1,440",1960,1,A5,0,04/30/2025
5,GREAT KILLS,01 ONE FAMILY DWELLINGS,1,5270,37,,A1,236 NELSON AVENUE,,10308,1,0,1,"4,214","1,020",1950,1,A1,"615,000",06/13/2025
5,GREAT KILLS,01 ONE FAMILY DWELLINGS,1,5270,39,,A2,242 NELSON AVENUE,,10308,1,0,1,"5,063","1,008",1925,1,A2,0,08/09/2025
5,GREAT KILLS,01 ONE FAMILY DWELLINGS,1,5271,35,,A2,268 NELSON AVENUE,,10308,1,0,1,"2,720",684,1920,1,A2,"555,500",02/11/2026
5,GREAT KILLS,01 ONE FAMILY DWELLINGS,1,5271,39,,A2,11 PRESLEY STREET,,10308,1,0,1,"4,000",640,1910,1,A2,0,06/04/2025
5,GREAT KILLS,01 ONE FAMILY DWELLINGS,1,5275,39,,A2,76 WIMAN AVE,,10308,1,0,1,"3,146",768,1925,1,A2,0,07/02/2025
5,GREAT KILLS,01 ONE FAMILY DWELLINGS,1,5275,44,,A2,9 RUSSELL STREET,,10308,1,0,1,"2,260","1,099",1910,1,A2,"640,000",03/02/2026
5,GREAT KILLS,01 ONE FAMILY DWELLINGS,1,5282,11,,A2,118 WILLIAM AVENUE,,10308,1,0,1,"2,920",912,1955,1,A2,"750,000",08/13/2025
5,GREAT KILLS,01 ONE FAMILY DWELLINGS,1,5282,133,,A2,239 ARMSTRONG AVENUE,,10308,1,0,1,"3,990",960,1965,1,A2,"538,000",11/06/2025
5,GREAT KILLS,01 ONE FAMILY DWELLINGS,1,5283,24,,A2,220 ARMSTRONG AVENUE,,10308,1,0,1,"5,278","1,321",1940,1,A2,0,06/03/2025
5,GREAT KILLS,01 ONE FAMILY DWELLINGS,1,5283,36,,A2,199 KING STREET,,10308,1,0,1,"3,800",960,1955,1,A2,"725,000",08/11/2025
5,GREAT KILLS,01 ONE FAMILY DWELLINGS,1,5284,16,,A2,232 ROBINSON AVENUE,,10312,1,0,1,"4,000","1,911",1970,1,A2,"790,000",12/16/2025
5,GREAT KILLS,01 ONE FAMILY DWELLINGS,1,5284,44,,A2,227 KING STREET,,10312,1,0,1,"5,700","1,927",1940,1,A2,"875,000",08/08/2025
5,GREAT KILLS,01 ONE FAMILY DWELLINGS,1,5284,67,,A2,227 BEACH ROAD,,10312,1,0,1,"3,800",912,1955,1,A2,0,04/21/2025
5,GREAT KILLS,01 ONE FAMILY DWELLINGS,1,5286,18,,A1,172 ARMSTRONG AVENUE,,10308,1,0,1,"6,540","1,344",1940,1,A1,"815,500",10/23/2025
5,GREAT KILLS,01 ONE FAMILY DWELLINGS,1,5286,57,,A2,143 ROBINSON AVENUE,,10312,1,0,1,"5,898","1,000",1960,1,A2,0,08/06/2025
5,GREAT KILLS,01 ONE FAMILY DWELLINGS,1,5287,64,,A2,161 BEACH ROAD,,10312,1,0,1,"4,750",722,1940,1,A2,"570,000",04/30/2025
5,GREAT KILLS,01 ONE FAMILY DWELLINGS,1,5289,34,,A2,88 PACIFIC AVENUE,,10312,1,0,1,"4,750",950,1955,1,A2,0,05/21/2025
5,GREAT KILLS,01 ONE FAMILY DWELLINGS,1,5289,41,,A5,76 PACIFIC AVENUE,,10312,1,0,1,"2,392","1,100",1960,1,A5,"688,000",04/22/2025
5,GREAT KILLS,01 ONE FAMILY DWELLINGS,1,5290,1,,A2,263 WINCHESTER AVENUE,,10312,1,0,1,"6,745",722,1955,1,A2,0,08/29/2025
5,GREAT KILLS,01 ONE FAMILY DWELLINGS,1,5290,9,,A2,250 THORNYCROFT AVENUE,,10312,1,0,1,"4,750",840,1955,1,A2,0,05/22/2025
5,GREAT KILLS,01 ONE FAMILY DWELLINGS,1,5290,9,,A2,250 THORNYCROFT AVENUE,,10312,1,0,1,"4,750",840,1955,1,A2,"630,000",06/17/2025
5,GREAT KILLS,01 ONE FAMILY DWELLINGS,1,5290,47,,A5,186 THORNYCROFT AVENUE,,10312,1,0,1,"3,105","1,680",1997,1,A5,"840,000",06/09/2025
5,GREAT KILLS,01 ONE FAMILY DWELLINGS,1,5291,62,,A2,155 THORNYCROFT AVENUE,,10312,1,0,1,"3,600","1,000",1955,1,A2,0,07/01/2025
5,GREAT KILLS,01 ONE FAMILY DWELLINGS,1,5292,10,,A1,164 THORNYCROFT AVENUE,,10312,1,0,1,"5,850","2,568",1955,1,A1,"1,235,000",07/28/2025
5,GREAT KILLS,01 ONE FAMILY DWELLINGS,1,5296,35,,A2,168 WINCHESTER AVENUE,,10312,1,0,1,"6,500","1,056",1940,1,A2,0,05/23/2025
5,GREAT KILLS,01 ONE FAMILY DWELLINGS,1,5296,47,,A2,144 WINCHESTER AVENUE,,10312,1,0,1,"5,000","1,000",1940,1,A2,0,02/13/2026
5,GREAT KILLS,01 ONE FAMILY DWELLINGS,1,5296,47,,A2,144 WINCHESTER AVENUE,,10312,1,0,1,"5,000","1,000",1940,1,A2,"725,000",01/20/2026
5,GREAT KILLS,01 ONE FAMILY DWELLINGS,1,5297,28,,A2,4269 RICHMOND AVENUE,,10312,1,0,1,"4,697","1,050",1950,1,A2,"720,000",08/22/2025
5,GREAT KILLS,01 ONE FAMILY DWELLINGS,1,5298,41,,A6,11 SWEETWATER AVENUE,,10308,1,0,1,"3,360","1,145",1930,1,A6,0,10/30/2025
5,GREAT KILLS,01 ONE FAMILY DWELLINGS,1,5299,68,,A5,30 DOCKSIDE LANE,,10308,1,0,1,"3,150","1,660",2005,1,A5,"810,000",04/08/2025
5,GREAT KILLS,01 ONE FAMILY DWELLINGS,1,5302,37,,A6,197 WIMAN AVENUE,,10308,1,0,1,"3,375",352,1930,1,A6,"425,000",06/27/2025
5,GREAT KILLS,01 ONE FAMILY DWELLINGS,1,5306,32,,A2,166 WIMAN AVENUE,,10308,1,0,1,"6,750",972,1940,1,A2,"774,000",07/08/2025
5,GREAT KILLS,01 ONE FAMILY DWELLINGS,1,5306,49,,A1,196 WIMAN AVENUE,,10308,1,0,1,"3,375","1,056",1920,1,A1,"640,000",08/11/2025
5,GREAT KILLS,01 ONE FAMILY DWELLINGS,1,5306,50,,A1,198 WIMAN AVENUE,,10308,1,0,1,"3,375","1,381",1940,1,A1,"792,000",11/19/2025
5,GREAT KILLS,01 ONE FAMILY DWELLINGS,1,5307,76,,A5,210 TENNYSON DRIVE,,10308,1,0,1,"1,178","1,375",1990,1,A5,"599,999",04/14/2025
5,GREAT KILLS,01 ONE FAMILY DWELLINGS,1,5307,86,,A1,95 GLOVER STREET,,10308,1,0,1,"1,980",900,1940,1,A1,"525,000",04/16/2025
5,GREAT KILLS,01 ONE FAMILY DWELLINGS,1,5307,124,,A1,19 GLOVER STREET,,10308,1,0,1,"3,375","1,440",1930,1,A1,0,11/25/2025
5,GREAT KILLS,01 ONE FAMILY DWELLINGS,1,5310,20,,A6,24 GLOVER STREET,,10308,1,0,1,"2,500",504,1930,1,A6,"295,000",07/01/2025
5,GREAT KILLS,01 ONE FAMILY DWELLINGS,1,5310,25,,A2,32 GLOVER STREET,,10308,1,0,1,"2,500",945,1930,1,A2,"325,000",02/03/2026
5,GREAT KILLS,01 ONE FAMILY DWELLINGS,1,5310,59,,A5,94 GLOVER STREET,,10308,1,0,1,"2,500","2,056",2021,1,A5,"750,000",08/08/2025
5,GREAT KILLS,01 ONE FAMILY DWELLINGS,1,5311,37,,A5,56 HEINZ AVENUE,,10308,1,0,1,"2,700","1,560",1975,1,A5,"770,000",04/15/2025
5,GREAT KILLS,01 ONE FAMILY DWELLINGS,1,5316,33,,A5,48 ROBINSON AVENUE,,10312,1,0,1,"2,125","1,420",1987,1,A5,"600,000",07/31/2025
5,GREAT KILLS,01 ONE FAMILY DWELLINGS,1,5316,81,,A1,71 GROTON STREET,,10312,1,0,1,"3,400","1,872",1970,1,A1,"873,000",04/02/2025
5,GREAT KILLS,01 ONE FAMILY DWELLINGS,1,5318,30,,A5,52 LITTLEFIELD AVENUE,,10312,1,0,1,"2,448","1,374",1975,1,A5,0,01/09/2026
5,GREAT KILLS,01 ONE FAMILY DWELLINGS,1,5318,75,,A5,61 THORNYCROFT AVENUE,,10312,1,0,1,"2,380","1,440",1975,1,A5,"780,000",06/25/2025
5,GREAT KILLS,01 ONE FAMILY DWELLINGS,1,5319,59,,A5,43 WINCHESTER AVENUE,,10312,1,0,1,"2,380","1,400",1976,1,A5,"675,000",07/28/2025
5,GREAT KILLS,01 ONE FAMILY DWELLINGS,1,5319,71,,A5,71 WINCHESTER AVENUE,,10312,1,0,1,"2,380","1,336",1980,1,A5,0,04/14/2025
5,GREAT KILLS,01 ONE FAMILY DWELLINGS,1,5320,62,,A1,81 SEACREST AVENUE,,10312,1,0,1,"4,800","2,400",2003,1,A1,"890,000",05/12/2025
5,GREAT KILLS,01 ONE FAMILY DWELLINGS,1,5322,72,,A5,48 OCEANIC AVENUE,,10312,1,0,1,"1,875","1,200",2006,1,A5,"740,000",04/28/2025
5,GREAT KILLS,01 ONE FAMILY DWELLINGS,1,5322,82,,A5,30 OCEANIC AVE,,10312,1,0,1,"2,452","1,330",1988,1,A5,"625,000",10/20/2025
5,GREAT KILLS,01 ONE FAMILY DWELLINGS,1,5433,141,,A5,40 BALTIMORE STREET,,10308,1,0,1,"2,029","1,800",1999,1,A5,0,09/19/2025
5,GREAT KILLS,01 ONE FAMILY DWELLINGS,1,5434,23,,A1,68 MARGARET STREET,,10308,1,0,1,"4,000","1,486",1930,1,A1,"675,000",07/14/2025
5,GREAT KILLS,01 ONE FAMILY DWELLINGS,1,5434,25,,A1,64 MARGARET STREET,,10308,1,0,1,"4,000","1,850",1930,1,A1,"790,000",04/22/2025
5,GREAT KILLS,01 ONE FAMILY DWELLINGS,1,5439,1,,A2,183 KATAN AVENUE,,10308,1,0,1,"4,860","1,152",1930,1,A2,0,01/30/2026
5,GREAT KILLS,01 ONE FAMILY DWELLINGS,1,5439,70,,A5,336 DEWEY AVENUE,,10308,1,0,1,"3,500","1,008",1970,1,A5,"680,000",05/13/2025
5,GREAT KILLS,01 ONE FAMILY DWELLINGS,1,5441,1,,A1,265 DEWEY AVENUE,,10308,1,0,1,"4,500","2,264",1975,1,A1,"971,500",09/22/2025
5,GREAT KILLS,01 ONE FAMILY DWELLINGS,1B,5441,41,,V0,337 DEWEY AVE,,10308,0,0,0,"4,350",0,1920,1,A2,"700,000",06/04/2025
5,GREAT KILLS,01 ONE FAMILY DWELLINGS,1,5441,72,,A1,84 WOODLAND AVENUE,,10308,1,0,1,"10,125","1,548",1920,1,A1,"825,000",11/05/2025
5,GREAT KILLS,01 ONE FAMILY DWELLINGS,1,5442,5,,A5,15 WOODLAND AVENUE,,10308,1,0,1,"2,880","1,687",1987,1,A5,"730,000",03/12/2026
5,GREAT KILLS,01 ONE FAMILY DWELLINGS,1,5442,36,,A1,N/A WOODLAND AVE.,,10308,1,0,1,"5,180","2,625",2024,1,A1,"1,323,725",07/25/2025
5,GREAT KILLS,01 ONE FAMILY DWELLINGS,1,5442,37,,A1,N/A WOODLAND AVE.,,10308,1,0,1,"5,587","2,625",2024,1,A1,"1,352,236",07/30/2025
5,GREAT KILLS,01 ONE FAMILY DWELLINGS,1,5442,87,,A5,279 COLON AVE,,10308,1,0,1,"2,327","1,440",1978,1,A5,0,06/24/2025
5,GREAT KILLS,01 ONE FAMILY DWELLINGS,1,5442,97,,A5,268 DOANE AVENUE,,10308,1,0,1,"2,305","1,440",1977,1,A5,0,06/10/2025
5,GREAT KILLS,01 ONE FAMILY DWELLINGS,1,5442,104,,A5,254 DOANE AVENUE,,10308,1,0,1,"2,300","1,472",1977,1,A5,"715,000",07/30/2025
5,GREAT KILLS,01 ONE FAMILY DWELLINGS,1,5442,152,,A5,271 DOANE AVENUE,,10308,1,0,1,"2,300","1,380",1977,1,A5,"743,000",12/23/2025
5,GREAT KILLS,01 ONE FAMILY DWELLINGS,1,5442,254,,A5,235 ELVERTON AVE,,10308,1,0,1,"2,400","1,280",1997,1,A5,0,05/20/2025
5,GREAT KILLS,01 ONE FAMILY DWELLINGS,1,5442,287,,A5,100 STIEG AVENUE,,10308,1,0,1,"2,300","1,472",1976,1,A5,"705,000",09/18/2025
5,GREAT KILLS,01 ONE FAMILY DWELLINGS,1,5442,344,,A5,91 STIEG AVENUE,,10308,1,0,1,"2,444","1,408",1976,1,A5,0,12/16/2025
5,GREAT KILLS,01 ONE FAMILY DWELLINGS,1,5446,18,,A5,333 COLON AVENUE,,10308,1,0,1,"2,328","1,440",1980,1,A5,10,04/21/2025
5,GREAT KILLS,01 ONE FAMILY DWELLINGS,1,5446,24,,A5,345 COLON AVENUE,,10308,1,0,1,"2,280","1,440",1980,1,A5,"710,000",10/17/2025
5,GREAT KILLS,01 ONE FAMILY DWELLINGS,1,5447,46,,A5,44 PEMBERTON AVENUE,,10308,1,0,1,"1,900","1,690",1990,1,A5,"675,000",08/19/2025
5,GREAT KILLS,01 ONE FAMILY DWELLINGS,1,5447,171,,A5,22 ERIC LANE,,10308,1,0,1,896,"1,690",1990,1,A5,"600,000",04/25/2025
5,GREAT KILLS,01 ONE FAMILY DWELLINGS,1,5448,52,,A5,414 ELVERTON AVENUE,,10308,1,0,1,"3,200","1,240",1965,1,A5,"730,000",11/13/2025
5,GREAT KILLS,01 ONE FAMILY DWELLINGS,1,5449,48,,A5,438 DOANE AVENUE,,10308,1,0,1,"3,000",960,1970,1,A5,0,10/06/2025
5,GREAT KILLS,01 ONE FAMILY DWELLINGS,1,5451,77,,A5,N/A COLON AVENUE,,10308,1,0,1,"2,424","2,155",2025,1,A5,"914,389",01/09/2026
5,GREAT KILLS,01 ONE FAMILY DWELLINGS,1,5452,1,,A5,40 WILSON AVE,,10308,1,0,1,"3,220","1,422",1965,1,A5,0,06/24/2025
5,GREAT KILLS,01 ONE FAMILY DWELLINGS,1,5452,11,,A5,22 WILSON AVENUE,,10308,1,0,1,"2,520","1,422",1965,1,A5,0,05/27/2025
5,GREAT KILLS,01 ONE FAMILY DWELLINGS,1,5452,64,,A5,4157H AMBOY ROAD,,10308,1,0,1,611,"1,120",1990,1,A5,"548,000",12/12/2025
5,GREAT KILLS,01 ONE FAMILY DWELLINGS,1,5453,5,,A1,142 LAMOKA AVENUE,,10308,1,0,1,"5,236","2,324",1965,1,A1,0,09/24/2025
5,GREAT KILLS,01 ONE FAMILY DWELLINGS,1,5453,33,,A2,21 WILSON AVENUE,,10308,1,0,1,"4,343","2,064",1965,1,A2,"805,000",01/27/2026
5,GREAT KILLS,01 ONE FAMILY DWELLINGS,1,5454,43,,A5,71 ABINGDON AVENUE,,10308,1,0,1,"2,500","1,020",1965,1,A5,"694,250",10/14/2025
5,GREAT KILLS,01 ONE FAMILY DWELLINGS,1,5455,67,,A2,151 ABINGDON AVENUE,,10308,1,0,1,"4,000","2,002",1960,1,A2,"835,000",12/16/2025
5,GREAT KILLS,01 ONE FAMILY DWELLINGS,1,5456,26,,A5,170 BROOKFIELD AVENUE,,10308,1,0,1,"2,500","1,152",1965,1,A5,"650,000",07/17/2025
5,GREAT KILLS,01 ONE FAMILY DWELLINGS,1,5456,33,,A5,156 BROOKFIELD AVENUE,,10308,1,0,1,"2,500","1,152",1965,1,A5,0,01/04/2026
5,GREAT KILLS,01 ONE FAMILY DWELLINGS,1,5456,33,,A5,156 BROOKFIELD AVENUE,,10308,1,0,1,"2,500","1,152",1965,1,A5,"735,000",08/06/2025
5,GREAT KILLS,01 ONE FAMILY DWELLINGS,1,5456,76,,A5,223 ABINGDON AVENUE,,10308,1,0,1,"2,500","1,140",1965,1,A5,"676,000",02/10/2026
5,GREAT KILLS,01 ONE FAMILY DWELLINGS,1,5456,138,,A2,129 BROOKFIELD AVENUE,,10308,1,0,1,"4,000","1,008",1975,1,A2,0,04/04/2025
5,GREAT KILLS,01 ONE FAMILY DWELLINGS,1,5456,150,,A2,153 BROOKFIELD AVENUE,,10308,1,0,1,"4,000","1,100",1975,1,A2,0,09/23/2025
5,GREAT KILLS,01 ONE FAMILY DWELLINGS,1,5456,166,,A2,185 BROOKFIELD AVENUE,,10308,1,0,1,"3,960",960,1975,1,A2,"780,000",10/09/2025
5,GREAT KILLS,01 ONE FAMILY DWELLINGS,1,5456,168,,A2,189 BROOKFIELD AVENUE,,10308,1,0,1,"3,960",960,1975,1,A2,"500,000",10/24/2025
5,GREAT KILLS,01 ONE FAMILY DWELLINGS,1,5457,62,,A5,307 ABINGDON AVE,,10308,1,0,1,"2,424","1,604",1975,1,A5,"678,000",04/18/2025
5,GREAT KILLS,01 ONE FAMILY DWELLINGS,1,5457,63,,A5,309 ABINGDON AVENUE,,10308,1,0,1,"2,424","1,604",1975,1,A5,"650,000",04/07/2025
5,GREAT KILLS,01 ONE FAMILY DWELLINGS,1,5457,77,,A5,339 ABINGDON AVE,,10308,1,0,1,"1,494","1,330",1990,1,A5,"610,000",01/14/2026
5,GREAT KILLS,01 ONE FAMILY DWELLINGS,1,5457,150,,A5,259 BROOKFIELD AVENUE,,10308,1,0,1,"3,920","1,584",1979,1,A5,"825,000",12/03/2025
5,GREAT KILLS,01 ONE FAMILY DWELLINGS,1,5458,67,,A5,387 ABINGDON AVENUE,,10308,1,0,1,"1,988","1,667",1988,1,A5,0,08/11/2025
5,GREAT KILLS,01 ONE FAMILY DWELLINGS,1,5458,129,,A5,299 BROOKFIELD AVENUE,,10308,1,0,1,"2,121","1,092",1979,1,A5,"665,000",07/10/2025
5,GREAT KILLS,01 ONE FAMILY DWELLINGS,1,5458,136,,A5,311 BROOKFIELD AVENUE,,10308,1,0,1,"2,121","1,092",1979,1,A5,"621,000",08/14/2025
5,GREAT KILLS,01 ONE FAMILY DWELLINGS,1,5459,7,,A5,400 BROOKFIELD AVENUE,,10308,1,0,1,"2,300","1,232",1975,1,A5,"680,000",02/10/2026
5,GREAT KILLS,01 ONE FAMILY DWELLINGS,1,5459,60,,A5,466 COLON AVENUE,,10308,1,0,1,"2,700","1,100",1975,1,A5,0,05/20/2025
5,GREAT KILLS,01 ONE FAMILY DWELLINGS,1,5459,66,,A5,452 COLON AVENUE,,10308,1,0,1,"2,375","1,100",1975,1,A5,0,06/27/2025
5,GREAT KILLS,01 ONE FAMILY DWELLINGS,1,5460,5,,A1,4173 AMBOY ROAD,,10308,1,0,1,"8,640","1,320",1925,1,A1,"750,000",08/22/2025
5,GREAT KILLS,01 ONE FAMILY DWELLINGS,1,5460,107,,A5,156 WILSON AVENUE,,10308,1,0,1,"2,576","1,504",1975,1,A5,"700,000",10/02/2025
5,GREAT KILLS,01 ONE FAMILY DWELLINGS,1,5460,135,,A5,98 WILSON AVENUE,,10308,1,0,1,"2,464","1,298",1975,1,A5,10,09/04/2025
5,GREAT KILLS,01 ONE FAMILY DWELLINGS,1,5460,148,,A5,76 WILSON AVENUE,,10308,1,0,1,"2,573","1,276",1975,1,A5,"625,000",09/11/2025
5,GREAT KILLS,01 ONE FAMILY DWELLINGS,1,5460,149,,A5,74 WILSON AVENUE,,10308,1,0,1,"2,604","1,276",1975,1,A5,"668,888",10/07/2025
5,GREAT KILLS,01 ONE FAMILY DWELLINGS,1,5461,8,,A2,95 FERN AVENUE,,10308,1,0,1,"5,720","1,050",1970,1,A2,0,08/06/2025
5,GREAT KILLS,01 ONE FAMILY DWELLINGS,1,5461,73,,A5,67 WILSON AVENUE,,10308,1,0,1,"3,521","2,005",2017,1,A5,"965,000",12/22/2025
5,GREAT KILLS,01 ONE FAMILY DWELLINGS,1,5462,11,,A1,12 ESCANABA AVENUE,,10308,1,0,1,"4,000","1,104",1925,1,A1,0,11/06/2025
5,GREAT KILLS,01 ONE FAMILY DWELLINGS,1,5463,5,,A5,169 WILSON AVENUE,,10308,1,0,1,"2,950","1,600",1970,1,A5,0,11/17/2025
5,GREAT KILLS,01 ONE FAMILY DWELLINGS,1,5464,8,,A1,43 FERN AVENUE,,10308,1,0,1,"5,480","1,612",1970,1,A1,"890,000",12/22/2025
5,GREAT KILLS,01 ONE FAMILY DWELLINGS,1,5464,28,,A1,370 KATAN AVENUE,,10308,1,0,1,"4,680","1,200",1970,1,A1,0,05/16/2025
5,GREAT KILLS,01 ONE FAMILY DWELLINGS,1,5464,107,,A2,169 LAMOKA AVENUE,,10308,1,0,1,"4,000","2,072",1970,1,A2,"855,000",10/05/2025
5,GREAT KILLS,01 ONE FAMILY DWELLINGS,1,5468,32,,A5,24 EAST AUGUSTA AVENUE,,10308,1,0,1,"2,800","2,080",1970,1,A5,"685,000",10/23/2025
5,GREAT KILLS,01 ONE FAMILY DWELLINGS,1,5468,74,,A5,53 EAST FIGUREA AVENUE,,10308,1,0,1,"3,000","2,088",1970,1,A5,0,05/01/2025
5,GREAT KILLS,01 ONE FAMILY DWELLINGS,1,5468,79,,A5,61 EAST FIGUREA,,10308,1,0,1,"3,000","1,880",1970,1,A5,"650,000",09/09/2025
5,GREAT KILLS,01 ONE FAMILY DWELLINGS,1,5470,43,,A1,63 GENESEE AVENUE,,10308,1,0,1,"4,000","1,560",1965,1,A1,"875,000",12/15/2025
5,GREAT KILLS,01 ONE FAMILY DWELLINGS,1,5472,41,,A1,248 ABINGDON AVENUE,,10308,1,0,1,"4,280","1,600",1970,1,A1,"895,000",12/29/2025
5,GREAT KILLS,01 ONE FAMILY DWELLINGS,1,5477,16,,A5,26 EAST BRANDIS AVENUE,,10308,1,0,1,"2,500","1,584",1975,1,A5,"840,000",10/08/2025
5,GREAT KILLS,01 ONE FAMILY DWELLINGS,1,5478,23,,A5,360 GURLEY AVENUE,,10308,1,0,1,"3,000","1,560",1970,1,A5,"825,000",07/14/2025
5,GREAT KILLS,01 ONE FAMILY DWELLINGS,1,5479,32,,A5,5 ABBEY ROAD,,10308,1,0,1,"4,292","1,200",1989,1,A5,500,04/22/2025
5,GREAT KILLS,01 ONE FAMILY DWELLINGS,1,5479,56,,A5,359 GURLEY AVENUE,,10308,1,0,1,"2,900","1,420",1975,1,A5,0,05/14/2025
5,GREAT KILLS,01 ONE FAMILY DWELLINGS,1,5481,16,,A5,465 CORTELYOU AVENUE,,10312,1,0,1,"2,599","1,088",1975,1,A5,"250,000",01/13/2026
5,GREAT KILLS,01 ONE FAMILY DWELLINGS,1,5481,19,,A5,459 CORTELYOU AVENUE,,10312,1,0,1,"2,500","1,088",1975,1,A5,0,06/19/2025
5,GREAT KILLS,01 ONE FAMILY DWELLINGS,1,5481,22,,A5,455 CORTELYOU AVENUE,,10312,1,0,1,"2,500","1,088",1975,1,A5,"685,000",09/11/2025
5,GREAT KILLS,01 ONE FAMILY DWELLINGS,1,5482,1,,A5,476 CORTELYOU AVENUE,,10312,1,0,1,"2,240","1,260",1970,1,A5,"660,000",05/28/2025
5,GREAT KILLS,01 ONE FAMILY DWELLINGS,1,5482,79,,A5,452 CORTELYOU AVENUE,,10312,1,0,1,"2,400","1,476",1970,1,A5,1,10/20/2025
5,GREAT KILLS,01 ONE FAMILY DWELLINGS,1,5482,84,,A5,462 CORTELYOU AVENUE,,10312,1,0,1,"2,500","1,476",1970,1,A5,0,04/16/2025
5,GREAT KILLS,01 ONE FAMILY DWELLINGS,1,5484,21,,A5,351 CORTELYOU AVENUE,,10312,1,0,1,"2,600","1,564",1970,1,A5,0,10/06/2025
5,GREAT KILLS,01 ONE FAMILY DWELLINGS,1,5485,34,,A5,17 FRANK COURT,,10312,1,0,1,"2,220","1,620",2001,1,A5,0,02/09/2026
5,GREAT KILLS,01 ONE FAMILY DWELLINGS,1,5485,67,,A5,376 CORTELYOU AVENUE,,10312,1,0,1,"2,342","1,344",1980,1,A5,"705,000",10/14/2025
5,GREAT KILLS,01 ONE FAMILY DWELLINGS,1,5485,81,,A5,351 LAMOKA AVENUE,,10312,1,0,1,"2,600","1,344",1980,1,A5,"499,975",08/18/2025
5,GREAT KILLS,01 ONE FAMILY DWELLINGS,1,5487,43,,A5,237 RIDGEWOOD AVE,,10312,1,0,1,"2,704","1,176",1970,1,A5,0,07/30/2025
5,GREAT KILLS,01 ONE FAMILY DWELLINGS,1,5487,64,,A5,278 CORTELYOU AVENUE,,10312,1,0,1,"2,369","1,092",1970,1,A5,"660,000",07/02/2025
5,GREAT KILLS,01 ONE FAMILY DWELLINGS,1,5487,119,,A1,51 STANLEY CIRCLE,,10308,1,0,1,"3,800","1,560",1970,1,A1,0,09/11/2025
5,GREAT KILLS,01 ONE FAMILY DWELLINGS,1,5487,286,,A2,166 GENESEE AVENUE,,10308,1,0,1,"4,880","2,420",1970,1,A2,"915,000",11/04/2025
5,GREAT KILLS,01 ONE FAMILY DWELLINGS,1,5487,304,,A5,32 OVAS COURT,,10312,1,0,1,"2,465","1,584",1993,1,A5,"672,500",10/27/2025
5,GREAT KILLS,01 ONE FAMILY DWELLINGS,1,5487,328,,A5,25 PATTY COURT,,10312,1,0,1,"1,365","1,040",1991,1,A5,"570,000",01/29/2026
5,GREAT KILLS,01 ONE FAMILY DWELLINGS,1,5489,72,,A2,212 CORTELYOU AVENUE,,10312,1,0,1,"4,000","1,911",1970,1,A2,"865,000",10/16/2025
5,GREAT KILLS,01 ONE FAMILY DWELLINGS,1,5489,78,,A2,224 CORTELYOU AVENUE,,10312,1,0,1,"4,000","1,911",1970,1,A2,0,06/23/2025
5,GREAT KILLS,01 ONE FAMILY DWELLINGS,1,5489,182,,A5,110 MIDDLE LOOP ROAD,,10308,1,0,1,"2,652","1,008",1970,1,A5,"775,000",04/15/2025
5,GREAT KILLS,01 ONE FAMILY DWELLINGS,1,5489,313,,A5,11 MIDDLE LOOP ROAD,,10308,1,0,1,"2,860","1,152",1970,1,A5,"130,000",08/04/2025
5,GREAT KILLS,01 ONE FAMILY DWELLINGS,1,5489,353,,A5,69 MIDDLE LOOP ROAD,,10308,1,0,1,"2,800","1,320",1970,1,A5,0,09/19/2025
5,GREAT KILLS,01 ONE FAMILY DWELLINGS,1,5489,370,,A5,103 MIDDLE LOOP ROAD,,10308,1,0,1,"2,800","1,320",1970,1,A5,0,03/03/2026
5,GREAT KILLS,01 ONE FAMILY DWELLINGS,1,5491,127,,A5,938 ARMSTRONG AVENUE,,10308,1,0,1,"2,400","1,360",1970,1,A5,"695,000",07/21/2025
5,GREAT KILLS,01 ONE FAMILY DWELLINGS,1,5491,225,,A5,11 FENWAY CIRCLE,,10308,1,0,1,"2,940","1,648",1970,1,A5,0,05/05/2025
5,GREAT KILLS,01 ONE FAMILY DWELLINGS,1,5491,250,,A5,449 LEVERETT AVENUE,,10308,1,0,1,"2,900","1,512",1970,1,A5,0,11/12/2025
5,GREAT KILLS,01 ONE FAMILY DWELLINGS,1,5494,21,,A5,443 RIDGEWOOD AVENUE,,10312,1,0,1,"2,900","1,490",1975,1,A5,"738,000",10/30/2025
5,GREAT KILLS,01 ONE FAMILY DWELLINGS,1,5494,34,,A5,467 RIDGEWOOD AVENUE,,10312,1,0,1,"2,300","1,240",1998,1,A5,"720,000",12/01/2025
5,GREAT KILLS,01 ONE FAMILY DWELLINGS,1,5494,67,,A5,20 CORTELYOU AVENUE,,10312,1,0,1,"2,500","1,220",1970,1,A5,0,11/20/2025
5,GREAT KILLS,01 ONE FAMILY DWELLINGS,1,5494,90,,A5,54 CORTELYOU AVENUE,,10312,1,0,1,"2,736","1,216",1970,1,A5,0,04/15/2025
5,GREAT KILLS,01 ONE FAMILY DWELLINGS,1,5494,184,,A5,106 EAST BRANDIS AVENUE,,10308,1,0,1,"2,400","1,200",1975,1,A5,0,08/06/2025
5,GREAT KILLS,01 ONE FAMILY DWELLINGS,1,5494,195,,A5,86 EAST BRANDIS AVENUE,,10308,1,0,1,"2,400","1,200",1975,1,A5,0,11/13/2025
5,GREAT KILLS,01 ONE FAMILY DWELLINGS,1,5494,201,,A5,74 E. BRANDIS AVENUE,,10308,1,0,1,"2,400","1,200",1975,1,A5,"640,000",01/05/2026
5,GREAT KILLS,01 ONE FAMILY DWELLINGS,1,5494,260,,A5,108 EAST MACON AVENUE,,10308,1,0,1,"2,328","1,120",1970,1,A5,"660,000",10/01/2025
5,GREAT KILLS,01 ONE FAMILY DWELLINGS,1,5494,324,,A5,469 BARLOW AVENUE,,10308,1,0,1,"2,716","1,880",1970,1,A5,"695,000",09/03/2025
5,GREAT KILLS,01 ONE FAMILY DWELLINGS,1B,5497,167,,V0,39 ELTINGVILLE BLVD,,10312,0,0,0,"4,400",0,1925,1,A1,"900,000",08/12/2025
5,GREAT KILLS,01 ONE FAMILY DWELLINGS,1,5497,177,,A1,384 WILSON AVENUE,,10312,1,0,1,"4,680","1,248",1920,1,A1,0,06/12/2025
5,GREAT KILLS,01 ONE FAMILY DWELLINGS,1,5507,33,,A1,89 ELTINGVILLE BLVD,,10312,1,0,1,"13,800","3,071",1915,1,A1,0,06/25/2025
5,GREAT KILLS,01 ONE FAMILY DWELLINGS,1,5511,1,,A1,68 ELTINGVILLE BLVD,,10312,1,0,1,"2,680","1,880",1997,1,A1,0,09/15/2025
5,GREAT KILLS,01 ONE FAMILY DWELLINGS,1,5511,21,,A2,3779 RICHMOND AVENUE,,10312,1,0,1,"5,440","1,008",1925,1,A2,0,06/25/2025
5,GREAT KILLS,01 ONE FAMILY DWELLINGS,1,5511,102,,A2,98 ELTINGVILLE BLVD,,10312,1,0,1,"8,580","1,182",1955,1,A2,0,07/19/2025
5,GREAT KILLS,01 ONE FAMILY DWELLINGS,1,5513,82,,A2,420 GETZ AVENUE,,10312,1,0,1,"4,655","1,080",1970,1,A2,"710,000",01/23/2026
5,GREAT KILLS,01 ONE FAMILY DWELLINGS,1,5513,103,,A5,381 GETZ AVENUE,,10312,1,0,1,"2,470","1,464",1975,1,A5,0,11/13/2025
5,GREAT KILLS,01 ONE FAMILY DWELLINGS,1,5513,157,,A1,96 RIDGEWOOD AVENUE,,10312,1,0,1,"3,300","1,092",1935,1,A1,"750,000",06/24/2025
5,GREAT KILLS,01 ONE FAMILY DWELLINGS,1,5515,111,,A2,105 BARTLETT AVENUE,,10312,1,0,1,"4,000","1,750",1970,1,A2,"880,000",06/11/2025
5,GREAT KILLS,01 ONE FAMILY DWELLINGS,1,5515,130,,A2,232 ELTINGVILLE BLVD,,10312,1,0,1,"4,000",984,1960,1,A2,0,05/28/2025
5,GREAT KILLS,01 ONE FAMILY DWELLINGS,1,5515,130,,A2,232 ELTINGVILLE BOULEVARD,,10312,1,0,1,"4,000",984,1960,1,A2,0,01/28/2026
5,GREAT KILLS,01 ONE FAMILY DWELLINGS,1,5515,159,,A5,174 ELTINGVILLE BLVD,,10312,1,0,1,"3,100","1,096",1965,1,A5,1,10/23/2025
5,GREAT KILLS,01 ONE FAMILY DWELLINGS,1,5518,15,,A1,271 ELTINGVILLE BOULEVARD,,10312,1,0,1,"3,990","1,840",2005,1,A1,0,10/06/2025
5,GREAT KILLS,01 ONE FAMILY DWELLINGS,1,5518,31,,A5,297 ELTINGVILLE BLVD,,10312,1,0,1,"2,850","1,224",1970,1,A5,"412,500",10/08/2025
5,GREAT KILLS,01 ONE FAMILY DWELLINGS,1,5523,225,,A2,337 ELTINGVILLE BLVD,,10312,1,0,1,"7,000","1,000",1970,1,A2,"835,000",11/13/2025
5,GREAT KILLS,01 ONE FAMILY DWELLINGS,1,5526,32,,A5,640 LEVERETT AVENUE,,10312,1,0,1,"2,784","1,610",1965,1,A5,0,06/18/2025
5,GREAT KILLS,01 ONE FAMILY DWELLINGS,1,5526,33,,A5,636 LEVERETT AVENUE,,10312,1,0,1,"2,784","1,610",1965,1,A5,"608,000",09/26/2025
5,GREAT KILLS,01 ONE FAMILY DWELLINGS,1,5526,35,,A5,634 LEVERETT AVENUE,,10312,1,0,1,"2,784","1,610",1965,1,A5,"750,000",12/17/2025
5,GREAT KILLS,01 ONE FAMILY DWELLINGS,1,5528,22,,A5,437 ELTINGVILLE BOULEVARD,,10312,1,0,1,"2,375","1,176",1977,1,A5,"776,000",11/03/2025
5,GREAT KILLS,01 ONE FAMILY DWELLINGS,1,5528,75,,A5,168 GETZ AVENUE,,10312,1,0,1,"2,375","1,452",1980,1,A5,0,09/19/2025
5,GREAT KILLS,01 ONE FAMILY DWELLINGS,1,5531,16,,A1,3395 RICHMOND AVENUE,,10312,1,0,1,"3,800","1,152",1924,1,A1,"638,825",10/07/2025
5,GREAT KILLS,01 ONE FAMILY DWELLINGS,1,5531,49,,A1,350 BARTLETT AVENUE,,10312,1,0,1,"4,275","1,800",1978,1,A1,"1,070,000",10/24/2025
5,GREAT KILLS,01 ONE FAMILY DWELLINGS,1,5531,53,,A5,344 BARTLETT AVENUE,,10312,1,0,1,"2,295","1,740",1978,1,A5,0,10/23/2025
5,GREAT KILLS,01 ONE FAMILY DWELLINGS,1,5531,54,,A1,340 BARTLETT AVENUE,,10312,1,0,1,"4,000","2,016",1978,1,A1,"725,000",08/28/2025
5,GREAT KILLS,01 ONE FAMILY DWELLINGS,1,5531,167,,A5,285 BARTLETT AVENUE,,10312,1,0,1,"1,820","1,480",1990,1,A5,"590,000",09/10/2025
5,GREAT KILLS,01 ONE FAMILY DWELLINGS,1,5534,22,,A5,69 GETZ AVENUE,,10312,1,0,1,"2,565","1,344",1970,1,A5,0,12/23/2025
5,GREAT KILLS,01 ONE FAMILY DWELLINGS,1,5534,40,,A5,436 RIDGEWOOD AVENUE,,10312,1,0,1,"2,755","2,000",1975,1,A5,"800,000",01/29/2026
5,GREAT KILLS,01 ONE FAMILY DWELLINGS,1,5534,42,,A5,434 RIDGEWOOD AVENUE,,10312,1,0,1,"2,755","2,000",1975,1,A5,0,12/04/2025
5,GREAT KILLS,01 ONE FAMILY DWELLINGS,1,5535,4,,A5,497 ELTINGVILLE BOULEVARD,,10312,1,0,1,"2,660","2,000",1975,1,A5,"260,000",07/28/2025
5,GREAT KILLS,01 ONE FAMILY DWELLINGS,1,5535,15,,A5,519 ELTINGVILLE BLVD,,10312,1,0,1,"2,755","2,000",1975,1,A5,"786,000",05/08/2025
5,GREAT KILLS,01 ONE FAMILY DWELLINGS,1,5535,26,,A5,543 ELTINGVILLE BLVD,,10312,1,0,1,"2,375","1,440",2000,1,A5,"802,000",01/16/2026
5,GREAT KILLS,01 ONE FAMILY DWELLINGS,1,5535,43,,A5,58 GETZ AVENUE,,10312,1,0,1,"2,375","1,240",1997,1,A5,"795,000",12/04/2025
5,GREAT KILLS,01 ONE FAMILY DWELLINGS,1,5535,55,,A5,84 GETZ AVENUE,,10312,1,0,1,"2,755","2,000",1975,1,A5,"720,000",09/03/2025
5,GREAT KILLS,01 ONE FAMILY DWELLINGS,1,5536,42,,A5,556 ELTINGVILLE BLVD,,10312,1,0,1,"2,800","1,440",2001,1,A5,"845,000",06/18/2025
5,GREAT KILLS,01 ONE FAMILY DWELLINGS,1,5536,48,,A5,538 ELTINGVILLE BLVD,,10312,1,0,1,"2,800","1,440",2001,1,A5,"805,000",05/05/2025
5,GREAT KILLS,02 TWO FAMILY DWELLINGS,1,4447,40,,B9,"31 FRANKLIN LANE, 1A",,10306,2,0,2,"1,480",864,1986,1,B9,"545,000",12/22/2025
5,GREAT KILLS,02 TWO FAMILY DWELLINGS,1,4447,90,,B9,187F ARTHUR KILL ROAD,,10306,2,0,2,"1,443",864,1986,1,B9,0,08/06/2025
5,GREAT KILLS,02 TWO FAMILY DWELLINGS,1,4473,27,,B9,76 COTTER AVENUE,,10306,2,0,2,"2,400","1,611",1985,1,B9,0,10/21/2025
5,GREAT KILLS,02 TWO FAMILY DWELLINGS,1,4474,66,,B9,27 CORONA AVENUE,,10306,2,0,2,"2,542","2,300",1986,1,B9,"800,000",11/24/2025
5,GREAT KILLS,02 TWO FAMILY DWELLINGS,1,4477,1,,B2,6 BLYTHE PLACE,,10306,2,0,2,"3,200","2,072",1986,1,B2,0,10/02/2025
5,GREAT KILLS,02 TWO FAMILY DWELLINGS,1,4477,1,,B2,6 BLYTHE PLACE,,10306,2,0,2,"3,200","2,072",1986,1,B2,0,10/06/2025
5,GREAT KILLS,02 TWO FAMILY DWELLINGS,1,4477,10,,B2,30 BLYTHE PLACE,,10306,2,0,2,"3,270","2,312",1986,1,B2,0,06/18/2025
5,GREAT KILLS,02 TWO FAMILY DWELLINGS,1,4478,237,,B9,21 LUKE COURT,,10306,2,0,2,"2,160","1,536",1986,1,B9,"620,000",07/24/2025
5,GREAT KILLS,02 TWO FAMILY DWELLINGS,1,4500,152,,B9,16 COTTONWOOD COURT,,10308,2,0,2,"2,298","2,063",1984,1,B9,"838,000",09/03/2025
5,GREAT KILLS,02 TWO FAMILY DWELLINGS,1,4500,317,,B9,67 WILLOWWOOD LANE,,10308,2,0,2,"2,510","2,408",1982,1,B9,"925,000",01/08/2026
5,GREAT KILLS,02 TWO FAMILY DWELLINGS,1,4500,319,,B9,59 WILLOWWOOD LANE,,10308,2,0,2,"2,510","2,408",1982,1,B9,"875,000",07/09/2025
5,GREAT KILLS,02 TWO FAMILY DWELLINGS,1,4500,358,,B9,106 REDWOOD AVENUE,,10308,2,0,2,"2,800","2,360",1983,1,B9,"960,000",02/12/2026
5,GREAT KILLS,02 TWO FAMILY DWELLINGS,1,4550,99,,B9,95 EVERGREEN STREET,,10308,2,0,2,"2,700","2,044",1980,1,B9,0,08/01/2025
5,GREAT KILLS,02 TWO FAMILY DWELLINGS,1,4550,123,,B2,185 EVERGREEN STREET,,10308,2,0,2,"4,230","2,432",1980,1,B2,0,12/18/2025
5,GREAT KILLS,02 TWO FAMILY DWELLINGS,1,4572,76,,B2,40 TUDOR STREET,,10308,2,0,2,"5,917","1,984",1975,1,B2,0,04/24/2025
5,GREAT KILLS,02 TWO FAMILY DWELLINGS,1,4573,25,,B2,25 TUDOR STREET,,10308,2,0,2,"6,000","1,776",1980,1,B2,0,07/14/2025
5,GREAT KILLS,02 TWO FAMILY DWELLINGS,1,4573,49,,B2,20 DUNBAR STREET,,10308,2,0,2,"4,000","1,816",1965,1,B2,0,07/11/2025
5,GREAT KILLS,02 TWO FAMILY DWELLINGS,1,4583,89,,B9,305 CORBIN AVENUE,,10308,2,0,2,"2,500","1,248",1999,1,B9,"890,000",12/08/2025
5,GREAT KILLS,02 TWO FAMILY DWELLINGS,1,4589,10,,B2,40 TROY STREET,,10308,2,0,2,"4,593","3,413",2025,1,B2,"1,280,000",12/30/2025
5,GREAT KILLS,02 TWO FAMILY DWELLINGS,1,4602,22,,B2,88 ISLINGTON STREET,,10308,2,0,2,"4,268","2,376",1970,1,B2,0,04/26/2025
5,GREAT KILLS,02 TWO FAMILY DWELLINGS,1,4602,57,,B2,95 BARLOW AVENUE,,10308,2,0,2,"4,488","2,296",1965,1,B2,0,05/12/2025
5,GREAT KILLS,02 TWO FAMILY DWELLINGS,1,4606,6,,B2,311 GIFFORDS LANE,,10308,2,0,2,"4,000","2,104",1970,1,B2,"1,040,000",08/18/2025
5,GREAT KILLS,02 TWO FAMILY DWELLINGS,1,4608,50,,B2,83 LEVERETT AVENUE,,10308,2,0,2,"4,100","1,860",1970,1,B2,0,08/22/2025
5,GREAT KILLS,02 TWO FAMILY DWELLINGS,1,4645,99,,B9,66 WILLOW LANE,,10306,2,0,2,"1,985","2,142",1997,1,B9,0,12/01/2025
5,GREAT KILLS,02 TWO FAMILY DWELLINGS,1,4645,228,,B9,155 WOODCUTTERS LANE,,10306,2,0,2,"2,106","1,440",1994,1,B9,"862,000",12/17/2025
5,GREAT KILLS,02 TWO FAMILY DWELLINGS,1,4645,253,,B2,77 WOODCUTTERS LANE,,10306,2,0,2,"1,656","1,260",1994,1,B2,0,02/11/2026
5,GREAT KILLS,02 TWO FAMILY DWELLINGS,1,5029,61,,B9,212 JUSTIN AVENUE,,10306,2,0,2,"4,060","1,600",1987,1,B9,"905,000",05/07/2025
5,GREAT KILLS,02 TWO FAMILY DWELLINGS,1,5030,30,,B1,106 KELVIN AVENUE,,10306,2,0,2,"6,250","2,444",1963,1,B1,0,05/30/2025
5,GREAT KILLS,02 TWO FAMILY DWELLINGS,1,5105,2,,B9,40 GREENCROFT AVENUE,,10308,2,0,2,"3,270","2,000",1973,1,B9,"695,000",08/07/2025
5,GREAT KILLS,02 TWO FAMILY DWELLINGS,1,5105,8,,B9,30 GREENCROFT AVENUE,,10308,2,0,2,"3,430","2,000",1973,1,B9,"947,000",01/28/2026
5,GREAT KILLS,02 TWO FAMILY DWELLINGS,1,5105,9,,B9,28 GREENCROFT AVENUE,,10308,2,0,2,"3,360","2,000",1973,1,B9,0,11/12/2025
5,GREAT KILLS,02 TWO FAMILY DWELLINGS,1,5105,31,,B2,204 BAY TERRACE,,10306,2,0,2,"4,909","2,992",1983,1,B2,10,10/24/2025
5,GREAT KILLS,02 TWO FAMILY DWELLINGS,1,5109,9,,B1,123 KEEGANS LANE,,10308,2,0,2,"4,000","2,096",1970,1,B1,"918,000",04/17/2025
5,GREAT KILLS,02 TWO FAMILY DWELLINGS,1,5109,11,,B2,400 DURANT AVENUE,,10308,2,0,2,"5,500","2,448",1965,1,B2,"900,000",05/20/2025
5,GREAT KILLS,02 TWO FAMILY DWELLINGS,1,5109,16,,B2,392 DURANT AVENUE,,10308,2,0,2,"4,000","2,100",1970,1,B2,"950,000",05/29/2025
5,GREAT KILLS,02 TWO FAMILY DWELLINGS,1,5109,22,,B2,380 DURANT AVENUE,,10308,2,0,2,"4,000","2,100",1970,1,B2,0,02/11/2026
5,GREAT KILLS,02 TWO FAMILY DWELLINGS,1,5116,24,,B2,468 DURANT AVENUE,,10308,2,0,2,"4,520","1,884",1960,1,B2,0,05/15/2025
5,GREAT KILLS,02 TWO FAMILY DWELLINGS,1,5120,31,,B2,65 HIGHLAND ROAD,,10308,2,0,2,"3,949","2,540",1997,1,B2,"1,259,900",08/27/2025
5,GREAT KILLS,02 TWO FAMILY DWELLINGS,1,5126,16,,B2,207 GREAT KILLS ROAD,,10308,2,0,2,"6,345","3,056",1989,1,B2,0,06/12/2025
5,GREAT KILLS,02 TWO FAMILY DWELLINGS,1,5130,27,,B2,276 MAYBURY AVENUE,,10308,2,0,2,"4,500","2,440",1960,1,B2,"1,070,000",07/02/2025
5,GREAT KILLS,02 TWO FAMILY DWELLINGS,1,5130,34,,B2,262 MAYBURY AVENUE,,10308,2,0,2,"4,200","2,248",1965,1,B2,10,07/24/2025
5,GREAT KILLS,02 TWO FAMILY DWELLINGS,1,5153,13,,B9,65 WHITMAN AVENUE,,10308,2,0,2,"3,000","1,680",1990,1,B9,0,11/25/2025
5,GREAT KILLS,02 TWO FAMILY DWELLINGS,1,5156,79,,B2,234 CLEVELAND AVENUE,,10308,2,0,2,"4,664","2,000",1960,1,B2,"1,080,000",07/11/2025
5,GREAT KILLS,02 TWO FAMILY DWELLINGS,1,5156,110,,B3,45 FLORENCE STREET,,10308,2,0,2,"5,320","1,750",1930,1,B3,0,04/29/2025
5,GREAT KILLS,02 TWO FAMILY DWELLINGS,1,5195,22,,B9,343 GREAT KILLS ROAD,,10308,2,0,2,"4,225","1,984",1982,1,B9,0,09/24/2025
5,GREAT KILLS,02 TWO FAMILY DWELLINGS,1,5195,40,,B3,3770 HYLAN BOULEVARD,,10308,2,0,2,"3,800","2,336",1975,1,B3,"850,000",01/05/2026
5,GREAT KILLS,02 TWO FAMILY DWELLINGS,1,5195,82,,B2,28 WATERSIDE PARKWAY,,10308,2,0,2,"5,195","5,145",2025,1,B2,"1,527,375",02/13/2026
5,GREAT KILLS,02 TWO FAMILY DWELLINGS,1,5195,83,,B2,30 WATERSIDE PARKWAY,,10308,2,0,2,"5,152","5,145",2025,1,B2,"1,527,375",01/30/2026
5,GREAT KILLS,02 TWO FAMILY DWELLINGS,1,5200,29,,B3,362 GREAT KILLS ROAD,,10308,2,0,2,"5,474","1,522",1899,1,B3,0,09/05/2025
5,GREAT KILLS,02 TWO FAMILY DWELLINGS,1,5215,44,,B2,50 PLEASANT STREET,,10308,2,0,2,"3,842","2,100",2010,1,B2,"1,190,000",09/15/2025
5,GREAT KILLS,02 TWO FAMILY DWELLINGS,1,5220,13,,B2,2 SCHOOL STREET,,10308,2,0,2,"6,200","1,831",1931,1,B2,0,12/16/2025
5,GREAT KILLS,02 TWO FAMILY DWELLINGS,1,5225,3,,B2,45 OAKDALE STREET,,10308,2,0,2,"4,085","2,040",1960,1,B2,0,10/21/2025
5,GREAT KILLS,02 TWO FAMILY DWELLINGS,1,5225,3,,B2,45 OAKDALE STREET,,10308,2,0,2,"4,085","2,040",1960,1,B2,"940,000",11/24/2025
5,GREAT KILLS,02 TWO FAMILY DWELLINGS,1,5225,29,,B2,162 HOLLY AVENUE,,10308,2,0,2,"4,315","2,496",1965,1,B2,0,01/09/2026
5,GREAT KILLS,02 TWO FAMILY DWELLINGS,1,5230,13,,B2,465 ROBINSON AVENUE,,10312,2,0,2,"3,800","2,140",1960,1,B2,10,10/02/2025
5,GREAT KILLS,02 TWO FAMILY DWELLINGS,1,5231,20,,B1,475 BEACH ROAD,,10312,2,0,2,"4,600","2,250",1965,1,B1,"1,080,000",01/27/2026
5,GREAT KILLS,02 TWO FAMILY DWELLINGS,1,5247,14,,B9,4 EDGEWOOD ROAD,,10308,2,0,2,"4,248","1,736",1960,1,B9,0,04/11/2025
5,GREAT KILLS,02 TWO FAMILY DWELLINGS,1,5260,63,,B2,433 ARMSTRONG AVENUE,,10308,2,0,2,"7,600","2,208",1960,1,B2,0,01/07/2026
5,GREAT KILLS,02 TWO FAMILY DWELLINGS,1,5263,108,,B2,353 ROBINSON AVENUE,,10312,2,0,2,"4,750","1,400",1945,1,B2,0,12/10/2025
5,GREAT KILLS,02 TWO FAMILY DWELLINGS,1,5264,7,,B2,356 ROBINSON AVENUE,,10312,2,0,2,"3,800","2,274",2022,1,B2,"980,000",07/16/2025
5,GREAT KILLS,02 TWO FAMILY DWELLINGS,1,5264,57,,B1,247 HILLCREST STREET,,10312,2,0,2,"5,000","2,128",1960,1,B1,"975,000",01/07/2026
5,GREAT KILLS,02 TWO FAMILY DWELLINGS,1,5266,18,,B2,230 PACIFIC AVENUE,,10312,2,0,2,"3,334","1,610",2017,1,B2,0,10/27/2025
5,GREAT KILLS,02 TWO FAMILY DWELLINGS,1,5268,188,,B9,22 CREST LOOP,,10312,2,0,2,"2,007","2,120",1990,1,B9,0,10/18/2025
5,GREAT KILLS,02 TWO FAMILY DWELLINGS,1,5268,188,,B9,22 CREST LOOP,,10312,2,0,2,"2,007","2,120",1990,1,B9,"860,000",12/22/2025
5,GREAT KILLS,02 TWO FAMILY DWELLINGS,1,5273,52,,B2,103 DAVID STREET,,10308,2,0,2,"4,000","1,267",1920,1,B2,0,05/22/2025
5,GREAT KILLS,02 TWO FAMILY DWELLINGS,1,5275,46,,B2,11 RUSSELL STREET,,10308,2,0,2,"4,991","4,050",2025,1,B2,"1,349,181",11/14/2025
5,GREAT KILLS,02 TWO FAMILY DWELLINGS,1,5283,18,,B3,232 ARMSTRONG AVENUE,,10308,2,0,2,"5,400","3,010",1955,1,B3,"1,221,900",06/25/2025
5,GREAT KILLS,02 TWO FAMILY DWELLINGS,1,5284,55,,B2,203 BEACH ROAD,,10312,2,0,2,"3,800","1,391",1960,1,B2,0,11/12/2025
5,GREAT KILLS,02 TWO FAMILY DWELLINGS,1,5294,58,,B2,2 HILLTOP ROAD,,10312,2,0,2,"6,000","3,908",2022,1,B2,0,08/20/2025
5,GREAT KILLS,02 TWO FAMILY DWELLINGS,1,5296,53,,B2,130 WINCHESTER AVENUE,,10312,2,0,2,"5,000","3,276",2024,1,B2,"1,120,075",04/14/2025
5,GREAT KILLS,02 TWO FAMILY DWELLINGS,1,5306,74,,B2,246 WIMAN AVENUE,,10308,2,0,2,"4,100","2,500",1987,1,B2,"925,000",08/12/2025
5,GREAT KILLS,02 TWO FAMILY DWELLINGS,1,5307,136,,B2,1 GLOVER STREET,,10308,2,0,2,"7,105","1,620",1930,1,B2,0,12/16/2025
5,GREAT KILLS,02 TWO FAMILY DWELLINGS,1,5310,63,,B2,102 GLOVER STREET,,10308,2,0,2,"3,735","2,000",2003,1,B2,0,02/11/2026
5,GREAT KILLS,02 TWO FAMILY DWELLINGS,1,5310,95,,B9,61 HEINZ AVENUE,,10308,2,0,2,"2,500","1,784",1987,1,B9,"760,000",01/28/2026
5,GREAT KILLS,02 TWO FAMILY DWELLINGS,1,5315,28,,B9,86 ARMSTRONG AVENUE,,10308,2,0,2,"3,040","2,034",1983,1,B9,"582,439",07/17/2025
5,GREAT KILLS,02 TWO FAMILY DWELLINGS,1,5315,93,,B9,79 ROBINSON AVENUE,,10312,2,0,2,"2,019","1,413",1990,1,B9,"800,000",11/18/2025
5,GREAT KILLS,02 TWO FAMILY DWELLINGS,1,5434,12,,B1,90 MARGARET STREET,,10308,2,0,2,"4,000","1,043",1945,1,B1,0,06/18/2025
5,GREAT KILLS,02 TWO FAMILY DWELLINGS,1,5439,125,,B2,92 GIFFORDS LANE,,10308,2,0,2,"2,444","2,100",1984,1,B2,"680,000",08/22/2025
5,GREAT KILLS,02 TWO FAMILY DWELLINGS,1,5439,157,,B1,28 NORTH RHETT AVENUE,,10308,2,0,2,"3,740","1,800",1970,1,B1,"720,000",01/22/2026
5,GREAT KILLS,02 TWO FAMILY DWELLINGS,1,5441,22,,B2,299 DEWEY AVENUE,,10308,2,0,2,"7,250","1,444",1950,1,B2,"855,000",04/01/2025
5,GREAT KILLS,02 TWO FAMILY DWELLINGS,1,5441,88,,B2,62 WOODLAND AVENUE,,10308,2,0,2,"4,050","2,000",2002,1,B2,"928,500",01/29/2026
5,GREAT KILLS,02 TWO FAMILY DWELLINGS,1,5444,82,,B2,8 ARKANSAS AVENUE,,10308,2,0,2,"4,900","2,288",1993,1,B2,0,12/22/2025
5,GREAT KILLS,02 TWO FAMILY DWELLINGS,1,5444,114,,B2,286 GIFFORDS LANE,,10308,2,0,2,"3,289","2,025",2004,1,B2,"895,959",06/23/2025
5,GREAT KILLS,02 TWO FAMILY DWELLINGS,1,5446,62,,B2,304 DOANE AVENUE,,10308,2,0,2,"4,025","2,296",1980,1,B2,"890,000",09/04/2025
5,GREAT KILLS,02 TWO FAMILY DWELLINGS,1,5450,103,,B9,95 PEMBERTON AVENUE,,10308,2,0,2,"3,074","3,360",1992,1,B9,"935,000",04/22/2025
5,GREAT KILLS,02 TWO FAMILY DWELLINGS,1,5450,126,,B2,111 PEMBERTON AVENUE,,10308,2,0,2,"4,128","2,080",1994,1,B2,10,09/23/2025
5,GREAT KILLS,02 TWO FAMILY DWELLINGS,1,5450,129,,B2,115 PEMBERTON AVENUE,,10308,2,0,2,"4,128","2,080",1994,1,B2,0,04/29/2025
5,GREAT KILLS,02 TWO FAMILY DWELLINGS,1,5451,76,,B2,N/A ARTHUR KILL ROAD,,10308,2,0,2,"3,333","3,448",2025,1,B2,"992,794",01/13/2026
5,GREAT KILLS,02 TWO FAMILY DWELLINGS,1,5451,95,,B2,466 DOANE AVENUE,,10308,2,0,2,"4,200","2,192",1975,1,B2,0,06/09/2025
5,GREAT KILLS,02 TWO FAMILY DWELLINGS,1,5451,95,,B2,466 DOANE AVENUE,,10308,2,0,2,"4,200","2,192",1975,1,B2,"950,000",12/17/2025
5,GREAT KILLS,02 TWO FAMILY DWELLINGS,1,5453,1,,B2,150 LAMOKA AVENUE,,10308,2,0,2,"5,895","2,548",1965,1,B2,0,10/17/2025
5,GREAT KILLS,02 TWO FAMILY DWELLINGS,1,5453,47,,B2,41 WILSON AVENUE,,10308,2,0,2,"6,026","2,256",1965,1,B2,0,08/25/2025
5,GREAT KILLS,02 TWO FAMILY DWELLINGS,1,5455,43,,B2,305 KATAN AVENUE,,10308,2,0,2,"5,341","2,000",1945,1,B2,"1,050,000",08/12/2025
5,GREAT KILLS,02 TWO FAMILY DWELLINGS,1,5455,48,,B2,115 ABINGDON AVENUE,,10308,2,0,2,"3,850","1,800",1996,1,B2,10,06/03/2025
5,GREAT KILLS,02 TWO FAMILY DWELLINGS,1,5455,75,,B2,167 ABINGDON AVENUE,,10308,2,0,2,"4,500","2,210",1986,1,B2,0,06/24/2025
5,GREAT KILLS,02 TWO FAMILY DWELLINGS,1,5455,119,,B2,275 KATAN AVENUE,,10308,2,0,2,"4,000","2,164",1980,1,B2,"820,000",11/13/2025
5,GREAT KILLS,02 TWO FAMILY DWELLINGS,1,5455,143,,B2,89 BROOKFIELD AVENUE,,10308,2,0,2,"3,840","1,764",1970,1,B2,"915,000",10/02/2025
5,GREAT KILLS,02 TWO FAMILY DWELLINGS,1,5458,8,,B2,354 BROOKFIELD AVENUE,,10308,2,0,2,"4,030","1,640",1975,1,B2,0,07/10/2025
5,GREAT KILLS,02 TWO FAMILY DWELLINGS,1,5458,10,,B2,350 BROOKFIELD AVENUE,,10308,2,0,2,"3,900","1,560",1975,1,B2,"920,000",08/21/2025
5,GREAT KILLS,02 TWO FAMILY DWELLINGS,1,5459,77,,B2,377 BROOKFIELD AVENUE,,10308,2,0,2,"3,000","1,880",1975,1,B2,"760,000",04/10/2025
5,GREAT KILLS,02 TWO FAMILY DWELLINGS,1,5459,79,,B2,379 BROOKFIELD AVENUE,,10308,2,0,2,"3,000","1,880",1975,1,B2,"880,000",01/21/2026
5,GREAT KILLS,02 TWO FAMILY DWELLINGS,1,5461,41,,B2,86 NOTRE DAME AVENUE,,10308,2,0,2,"5,453","1,900",1965,1,B2,"925,000",02/11/2026
5,GREAT KILLS,02 TWO FAMILY DWELLINGS,1,5463,16,,B9,579 ARMSTRONG AVENUE,,10308,2,0,2,"4,440","1,640",1970,1,B9,0,07/08/2025
5,GREAT KILLS,02 TWO FAMILY DWELLINGS,1,5465,12,,B2,66 ESCANABA AVENUE,,10308,2,0,2,"4,000","2,376",1970,1,B2,0,05/23/2025
5,GREAT KILLS,02 TWO FAMILY DWELLINGS,1,5467,73,,B2,373 KATAN AVENUE,,10308,2,0,2,"4,141","1,720",1960,1,B2,"948,000",09/17/2025
5,GREAT KILLS,02 TWO FAMILY DWELLINGS,1,5470,55,,B2,87 GENESEE AVENUE,,10308,2,0,2,"4,000","1,400",1965,1,B2,0,06/04/2025
5,GREAT KILLS,02 TWO FAMILY DWELLINGS,1,5471,1,,B2,65 EAST SCRANTON AVENUE,,10308,2,0,2,"4,000","2,080",1965,1,B2,"1,085,000",12/05/2025
5,GREAT KILLS,02 TWO FAMILY DWELLINGS,1,5476,1,,B2,963 ARMSTRONG AVE,,10308,2,0,2,"4,400","1,920",1970,1,B2,"760,000",08/27/2025
5,GREAT KILLS,02 TWO FAMILY DWELLINGS,1,5477,45,,B2,25 EAST MACON AVENUE,,10308,2,0,2,"4,000","2,300",1978,1,B2,"770,000",12/05/2025
5,GREAT KILLS,02 TWO FAMILY DWELLINGS,1,5477,52,,B2,41 EAST MACON AVENUE,,10308,2,0,2,"4,000","2,300",1899,1,B2,0,12/02/2025
5,GREAT KILLS,02 TWO FAMILY DWELLINGS,1,5480,57,,B2,582 ARMSTRONG AVENUE,,10308,2,0,2,"3,843","1,912",1978,1,B2,"980,000",06/06/2025
5,GREAT KILLS,02 TWO FAMILY DWELLINGS,1,5481,64,,B2,108 DEMOPOLIS AVE,,10308,2,0,2,"4,500","2,744",1970,1,B2,0,01/29/2026
5,GREAT KILLS,02 TWO FAMILY DWELLINGS,1,5484,58,,B2,46 DEMOPOLIS AVENUE,,10308,2,0,2,"4,200","2,387",1970,1,B2,10,09/26/2025
5,GREAT KILLS,02 TWO FAMILY DWELLINGS,1,5485,13,,B2,107 RIDGEWOOD AVENUE,,10312,2,0,2,"3,956","3,150",2003,1,B2,0,04/04/2025
5,GREAT KILLS,02 TWO FAMILY DWELLINGS,1,5487,177,,B2,734 ARMSTRONG AVENUE,,10308,2,0,2,"5,085","2,000",1970,1,B2,0,10/07/2025
5,GREAT KILLS,02 TWO FAMILY DWELLINGS,1,5489,145,,B2,510 LEVERETT AVENUE,,10308,2,0,2,"3,783","1,400",1970,1,B2,"920,000",01/22/2026
5,GREAT KILLS,02 TWO FAMILY DWELLINGS,1,5491,83,,B2,12 FENWAY,,10308,2,0,2,"4,508","1,980",1970,1,B2,"865,000",09/26/2025
5,GREAT KILLS,02 TWO FAMILY DWELLINGS,1,5491,86,,B2,20 FENWAY CIRCLE,,10308,2,0,2,"3,920","1,880",1970,1,B2,"230,000",04/24/2025
5,GREAT KILLS,02 TWO FAMILY DWELLINGS,1,5491,112,,B2,142 CORTELYOU AVENUE,,10312,2,0,2,"3,600","1,880",1997,1,B2,10,04/02/2025
5,GREAT KILLS,02 TWO FAMILY DWELLINGS,1,5494,96,,B2,68 CORTELYOU AVENUE,,10312,2,0,2,"3,000","2,264",1970,1,B2,"850,000",04/16/2025
5,GREAT KILLS,02 TWO FAMILY DWELLINGS,1,5494,300,,B2,419 BARLOW AVENUE,,10308,2,0,2,"4,656","2,088",1970,1,B2,0,02/02/2026
5,GREAT KILLS,02 TWO FAMILY DWELLINGS,1,5497,211,,B2,318 WILSON AVENUE,,10312,2,0,2,"5,094","1,800",1985,1,B2,0,09/16/2025
5,GREAT KILLS,02 TWO FAMILY DWELLINGS,1,5497,212,,B2,316 WILSON AVENUE,,10312,2,0,2,"5,075","1,800",1985,1,B2,"790,000",07/30/2025
5,GREAT KILLS,02 TWO FAMILY DWELLINGS,1,5497,379,,B2,564 CORYN COURT,,10312,2,0,2,"5,965","2,070",2005,1,B2,"487,500",05/13/2025
5,GREAT KILLS,02 TWO FAMILY DWELLINGS,1,5507,39,,B2,103 ELTINGVILLE BLVD,,10312,2,0,2,"9,200","2,500",1925,1,B2,0,12/11/2025
5,GREAT KILLS,02 TWO FAMILY DWELLINGS,1,5507,47,,B3,117 ELTINGVILLE BLVD,,10312,2,0,2,"9,200","2,000",1930,1,B3,"885,000",06/02/2025
5,GREAT KILLS,02 TWO FAMILY DWELLINGS,1,5507,63,,B3,145 ELTINGVILLE BLVD,,10312,2,0,2,"3,920","1,208",1915,1,B3,"772,500",07/21/2025
5,GREAT KILLS,02 TWO FAMILY DWELLINGS,1,5513,7,,B2,179 ELTINGVILLE BOULEVARD,,10312,2,0,2,"4,750","2,250",1970,1,B2,"999,000",06/26/2025
5,GREAT KILLS,02 TWO FAMILY DWELLINGS,1,5513,29,,B2,219 ELTINGVILLE BLVD,,10312,2,0,2,"4,275","2,350",1970,1,B2,"1,090,000",02/02/2026
5,GREAT KILLS,02 TWO FAMILY DWELLINGS,1,5515,152,,B3,188 ELTINGVILLE BLVD,,10312,2,0,2,"4,000","1,452",1935,1,B3,0,11/07/2025
5,GREAT KILLS,02 TWO FAMILY DWELLINGS,1,5520,130,,B2,288 ELTINGVILLE BOULEVARD,,10312,2,0,2,"3,710","2,215",2024,1,B2,"1,282,995",01/29/2026
5,GREAT KILLS,02 TWO FAMILY DWELLINGS,1,5520,134,,B2,296 ELTINGVILLE BOULEVARD,,10312,2,0,2,"3,710","2,215",2024,1,B2,"1,291,141",12/18/2025
5,GREAT KILLS,02 TWO FAMILY DWELLINGS,1,5528,301,,B2,143 GETZ AVENUE,,10312,2,0,2,"4,000","2,184",1975,1,B2,"988,000",08/29/2025
5,GREAT KILLS,02 TWO FAMILY DWELLINGS,1,5536,56,,B2,520 ELTINGVILLE BLVD.,,10312,2,0,2,"4,300","2,600",1975,1,B2,"1,188,888",08/18/2025
5,GREAT KILLS,04 TAX CLASS 1 CONDOS,1A,4645,1002,,R3,52 TIMBER RIDGE DRIVE,,10306,1,,1,,,1981,1,R3,"554,000",01/27/2026
5,GREAT KILLS,04 TAX CLASS 1 CONDOS,1A,4645,1005,,R3,64 TIMBER RIDGE DRIVE,,10306,1,,1,,,1981,1,R3,"120,000",06/04/2025
5,GREAT KILLS,04 TAX CLASS 1 CONDOS,1A,4645,1080,,R3,"264 TIMBER RIDGE DRIVE, 264",5264,10306,1,,1,,,1981,1,R3,0,10/14/2025
5,GREAT KILLS,04 TAX CLASS 1 CONDOS,1A,4645,1125,,R3,"252 TIMBER RIDGE DRIVE, 9252",9252,10306,1,,1,,,1981,1,R3,"380,000",02/04/2026
5,GREAT KILLS,04 TAX CLASS 1 CONDOS,1A,5190,1009,,R3,"9 YACHT CLUB COVE, 9",9,10308,1,,1,,,1971,1,R3,0,10/08/2025
5,GREAT KILLS,04 TAX CLASS 1 CONDOS,1A,5190,1023,,R3,"23 YACHT CLUB COVE, 23",23,10308,1,,1,,,1971,1,R3,0,05/21/2025
5,GREAT KILLS,04 TAX CLASS 1 CONDOS,1A,5190,1045,,R3,"45 YACHT CLUB COVE, 45",45,10308,1,,1,,,1971,1,R3,0,08/04/2025
5,GREAT KILLS,04 TAX CLASS 1 CONDOS,1A,5190,1049,,R3,"49 YACHT CLUB COVE, 49",49,10308,1,,1,,,1971,1,R3,0,08/05/2025
5,GREAT KILLS,04 TAX CLASS 1 CONDOS,1A,5190,1051,,R3,"51 YACHT CLUB COVE, 51",51,10308,1,,1,,,1971,1,R3,"550,000",10/29/2025
5,GREAT KILLS,04 TAX CLASS 1 CONDOS,1A,5275,1006,,R3,"31H RUSSELL STREET, H",H,10308,1,,1,,,1985,1,R3,0,11/25/2025
5,GREAT KILLS,04 TAX CLASS 1 CONDOS,1A,5303,1006,,R3,"17 HARBOUR COURT, 17",17,10308,1,,1,,,1987,1,R3,"660,000",05/09/2025
5,GREAT KILLS,04 TAX CLASS 1 CONDOS,1A,5303,1009,,R3,"23 HARBOUR COURT, 23",23,10308,1,,1,,,1987,1,R3,"600,000",10/27/2025
5,GREAT KILLS,04 TAX CLASS 1 CONDOS,1A,5303,1011,,R3,"57 HARBOUR COURT, 57",57,10308,1,,1,,,1987,1,R3,"561,684",12/22/2025
5,GREAT KILLS,04 TAX CLASS 1 CONDOS,1A,5303,1015,,R3,"65 HARBOUR COURT, 65",65,10308,1,,1,,,1987,1,R3,0,02/17/2026
5,GREAT KILLS,04 TAX CLASS 1 CONDOS,1A,5303,1019,,R3,"77 HARBOUR COURT, 77",77,10308,1,,1,,,1987,1,R3,"686,901",10/28/2025
5,GREAT KILLS,04 TAX CLASS 1 CONDOS,1A,5303,1019,,R3,"77 HARBOUR COURT, 77",77,10308,1,,1,,,1987,1,R3,"923,072",07/10/2025
5,GREAT KILLS,04 TAX CLASS 1 CONDOS,1A,5303,1028,,R3,"60 HARBOUR COURT, 60",60,10308,1,,1,,,1987,1,R3,"760,000",12/17/2025
5,GREAT KILLS,04 TAX CLASS 1 CONDOS,1A,5303,1037,,R3,"40 HARBOUR COURT, 40",40,10308,1,,1,,,1987,1,R3,0,05/23/2025
5,GREAT KILLS,04 TAX CLASS 1 CONDOS,1A,5303,1046,,R3,"16 HARBOUR COURT, 19",19,10308,1,,1,,,1987,1,R3,0,04/30/2025
5,GREAT KILLS,04 TAX CLASS 1 CONDOS,1A,5303,1049,,R3,"133 TENNYSON DRIVE, 133",133,10308,1,,1,,,1990,1,R3,0,12/22/2025
5,GREAT KILLS,04 TAX CLASS 1 CONDOS,1A,5303,1051,,R3,"139 TENNYSON DRIVE, 139",139,10308,1,,1,,,1990,1,R3,"689,500",09/30/2025
5,GREAT KILLS,04 TAX CLASS 1 CONDOS,1A,5310,1008,,R3,"34B FILIPE LANE, 8",8,10308,1,,1,,,1987,1,R3,"600,000",08/12/2025
5,GREAT KILLS,04 TAX CLASS 1 CONDOS,1A,5438,1001,,R3,"260 KATAN AVENUE, A",A,10308,1,,1,,,1986,1,R3,0,09/22/2025
5,GREAT KILLS,04 TAX CLASS 1 CONDOS,1A,5438,1006,,R3,"256 KATAN AVENUE, B",B,10308,1,,1,,,1988,1,R3,"525,000",12/01/2025
5,GREAT KILLS,04 TAX CLASS 1 CONDOS,1A,5438,1008,,R3,"254 KATAN AVENUE, B",B,10308,1,,1,,,1988,1,R3,"395,001",09/25/2025
5,GREAT KILLS,04 TAX CLASS 1 CONDOS,1A,5438,1027,,R3,"210A KATAN AVENUE, 49A",49A,10308,1,,1,,,1986,1,R3,0,11/05/2025
5,GREAT KILLS,04 TAX CLASS 1 CONDOS,1A,5439,1018,,R3,"147 COLON AVENUE, 6B",6B,10308,1,,1,,,1988,1,R3,"300,000",12/08/2025
5,GREAT KILLS,04 TAX CLASS 1 CONDOS,1A,5439,1072,,R3,"221B KATAN AVENUE, 33B",33B,10308,1,,1,,,1988,1,R3,"460,000",01/16/2026
5,GREAT KILLS,04 TAX CLASS 1 CONDOS,1A,5460,1007,,R3,"4219 AMBOY ROAD, 6",6,10308,1,,1,,,1984,1,R3,0,09/22/2025
5,GREAT KILLS,04 TAX CLASS 1 CONDOS,1A,5460,1022,,R3,"4201 AMBOY RD, 2B",2B,10308,1,,1,,,1984,1,R3,"360,000",10/01/2025
5,GREAT KILLS,04 TAX CLASS 1 CONDOS,1A,5460,1025,,R3,"4199 AMBOY ROAD, 9",9,10308,1,,1,,,1984,1,R3,0,11/03/2025
5,GREAT KILLS,04 TAX CLASS 1 CONDOS,1A,5460,1026,,R3,"4199 AMBOY ROAD, 8",8,10308,1,,1,,,1984,1,R3,"460,000",05/07/2025
5,GREAT KILLS,04 TAX CLASS 1 CONDOS,1A,5460,1027,,R3,"4199 AMBOY ROAD, 7",7,10308,1,,1,,,1984,1,R3,"472,000",09/25/2025
5,GREAT KILLS,04 TAX CLASS 1 CONDOS,1A,5460,1043,,R3,"4185 AMBOY ROAD, 2",2,10308,1,,1,,,1984,1,R3,"535,300",12/08/2025
5,GREAT KILLS,04 TAX CLASS 1 CONDOS,1A,5460,1065,,R3,"4193 AMBOY ROAD, 2A",2A,10308,1,,1,,,1984,1,R3,0,07/18/2025
5,GREAT KILLS,04 TAX CLASS 1 CONDOS,1A,5460,1066,,R3,"4193 AMBOY ROAD, 1A",1A,10308,1,,1,,,1984,1,R3,"370,000",08/25/2025
5,GREAT KILLS,04 TAX CLASS 1 CONDOS,1A,5475,1039,,R3,"360 BARLOW AVENUE, B-5",B-5,10308,1,,1,,,1985,1,R3,"479,888",05/12/2025
5,GREAT KILLS,05 TAX CLASS 1 VACANT LAND,1B,4613,102,,V0,N/A GIBSON AVENUE,,10308,0,0,0,"3,553",0,,1,V0,"875,000",06/13/2025
5,GREAT KILLS,05 TAX CLASS 1 VACANT LAND,1B,5026,96,,V0,113 THOLLEN STREET,,10306,0,0,0,"1,289",0,,1,V0,"13,000",11/13/2025
5,GREAT KILLS,05 TAX CLASS 1 VACANT LAND,1B,5208,14,,V0,N/A HYLAN BOULEVARD,,10308,0,0,0,"3,000",0,,1,V0,0,12/10/2025
5,GREAT KILLS,05 TAX CLASS 1 VACANT LAND,1B,5208,16,,V0,N/A HYLAN BOULEVARD,,10308,0,0,0,"3,000",0,,1,V0,0,12/10/2025
5,GREAT KILLS,05 TAX CLASS 1 VACANT LAND,1B,5222,1,,V0,N/A SEELEY LANE,,,0,0,0,"6,700",0,,1,V0,"40,000",06/16/2025
5,GREAT KILLS,05 TAX CLASS 1 VACANT LAND,1B,5227,6,,V0,N/A OAKDALE STREET,,10308,0,0,0,"1,425",0,,1,V0,"18,500",07/10/2025
5,GREAT KILLS,05 TAX CLASS 1 VACANT LAND,1B,5268,210,,V0,243 RIDGECREST AVENUE,,10312,0,0,0,"6,373",0,,1,V0,0,03/11/2026
5,GREAT KILLS,05 TAX CLASS 1 VACANT LAND,1B,5282,40,,V0,N/A WILLIAM AVENUE,,10308,0,0,0,"4,000",0,,1,V0,"435,000",01/21/2026
5,GREAT KILLS,05 TAX CLASS 1 VACANT LAND,1B,5307,101,,V0,73 GLOVER STREET,,10308,0,0,0,"3,375",0,1930,1,V0,0,12/22/2025
5,GREAT KILLS,05 TAX CLASS 1 VACANT LAND,1,5451,81,,A5,N/A DOANE AVENUE,,10309,1,0,1,"2,375",0,2025,1,V0,"755,616",07/21/2025
5,GREAT KILLS,05 TAX CLASS 1 VACANT LAND,1,5451,82,,A5,484 DOANE AVENUE,,10309,1,0,1,"2,375",0,2025,1,V0,"862,113",07/15/2025
5,GREAT KILLS,05 TAX CLASS 1 VACANT LAND,1,5533,23,,B2,3303 RICHMOND AVENUE,,10312,2,0,2,"4,436",0,2025,1,V0,"822,500",06/05/2025
5,GREAT KILLS,06 TAX CLASS 1 - OTHER,1B,5497,165,,V0,N/A ELTINGVILLE BLVD,,10312,0,0,0,"5,200",0,1960,1,G0,"200,000",08/12/2025
5,GREAT KILLS,06 TAX CLASS 1 - OTHER,1,5497,175,,G0,N/A WILSON AVENUE,,10308,0,0,0,"2,600",0,1950,1,G0,0,06/12/2025
5,GREAT KILLS,09 COOPS - WALKUP APARTMENTS,2,4640,22,,C6,"3745 AMBOY ROAD, 14B",,10308,,,,,,1974,2,C6,"250,000",09/25/2025
5,GREAT KILLS,09 COOPS - WALKUP APARTMENTS,2,4640,22,,C6,"3747 AMBOY ROAD, 3B",,10308,,,,,,1974,2,C6,"185,000",08/12/2025
5,GREAT KILLS,09 COOPS - WALKUP APARTMENTS,2,5229,7,,C6,"475 ARMSTRONG AVENUE, E-1",,10308,,,,,,1974,2,C6,"110,000",10/09/2025
5,GREAT KILLS,09 COOPS - WALKUP APARTMENTS,2,5229,7,,C6,"475 ARMSTRONG AVENUE, G-3",,10308,,,,,,1974,2,C6,"229,000",10/21/2025
5,GREAT KILLS,09 COOPS - WALKUP APARTMENTS,2,5229,7,,C6,"475 ARMSTRONG AVENUE, J-2",,10308,,,,,,1974,2,C6,"300,000",04/10/2025
5,GREAT KILLS,09 COOPS - WALKUP APARTMENTS,2,5229,7,,C6,"485 ARMSTRONG AVENUE, 2D",,10308,,,,,,1974,2,C6,"231,000",02/09/2026
5,GREAT KILLS,09 COOPS - WALKUP APARTMENTS,2,5229,7,,C6,"485 ARMSTRONG AVENUE, D3",,10308,,,,,,1974,2,C6,"289,000",03/06/2026
5,GREAT KILLS,09 COOPS - WALKUP APARTMENTS,2,5229,7,,C6,"485 ARMSTRONG, E-1",,10308,,,,,,1974,2,C6,"130,000",03/03/2026
5,GREAT KILLS,12 CONDOS - WALKUP APARTMENTS,2,5491,1029,,R2,"123 CORTELYOU AVENUE, 29",2-3,10312,1,,1,,,1972,2,R2,"370,000",07/29/2025
5,GREAT KILLS,12 CONDOS - WALKUP APARTMENTS,2,5491,1030,,R2,"123 CORTELYOU AVENUE, 2-4",2-4,10312,1,,1,,,1972,2,R2,"277,000",06/26/2025
5,GREAT KILLS,12 CONDOS - WALKUP APARTMENTS,2,5491,1032,,R2,"125 CORTELYOU AVE, 1-2",1-2,10312,1,,1,,,1972,2,R2,"302,000",06/16/2025
5,GREAT KILLS,12 CONDOS - WALKUP APARTMENTS,2,5491,1039,,R2,"131 CORTELYOU AVENUE, 1-1",1-1,10312,1,,1,,,1972,2,R2,"275,000",10/30/2025
5,GREAT KILLS,12 CONDOS - WALKUP APARTMENTS,2,5491,1043,,R2,"131 CORTELYOU AVENUE, 2-1",2-1,10312,1,,1,,,1972,2,R2,"350,000",07/28/2025
5,GREAT KILLS,12 CONDOS - WALKUP APARTMENTS,2,5491,1066,,R2,"149 CORTELYOU AVENUE, B-1",B-1,10312,1,,1,,,1972,2,R2,10,07/09/2025
5,GREAT KILLS,12 CONDOS - WALKUP APARTMENTS,2,5491,1066,,R2,"149 CORTELYOU AVENUE, B-1",B-1,10312,1,,1,,,1972,2,R2,"272,000",05/29/2025
5,GREAT KILLS,12 CONDOS - WALKUP APARTMENTS,2,5491,1103,,R2,"890 ARMSTRONG AVENUE, 1-2",1-2,10308,1,,1,,,1972,2,R2,"340,000",01/29/2026
5,GREAT KILLS,12 CONDOS - WALKUP APARTMENTS,2,5491,1110,,R2,"910 ARMSTRONG AVENUE, 1-1",1-1,10308,1,,1,,,1972,2,R2,"117,500",06/02/2025
5,GREAT KILLS,12 CONDOS - WALKUP APARTMENTS,2,5491,1149,,R2,"924 ARMSTRONG AVENUE, 2-4",2-4,10308,1,,1,,,1972,2,R2,0,10/31/2025
5,GREAT KILLS,12 CONDOS - WALKUP APARTMENTS,2,5491,1162,,R2,"30 FENWAY CIRCLE, 2-1",2-1,10308,1,,1,,,1972,2,R2,"231,396",06/09/2025
5,GREAT KILLS,12 CONDOS - WALKUP APARTMENTS,2,5491,1162,,R2,"30 FENWAY CIRCLE, 2-1",2-1,10308,1,,1,,,1972,2,R2,"285,000",08/25/2025
5,GREAT KILLS,13 CONDOS - ELEVATOR APARTMENTS,2,4500,1021,,R4,"3465 AMBOY ROAD, 3D",3D,10306,1,,1,,,1979,2,R4,"505,000",07/08/2025
5,GREAT KILLS,13 CONDOS - ELEVATOR APARTMENTS,2,4500,1033,,R4,"3465 AMBOY ROAD, 4J",4J,10306,1,,1,,,1979,2,R4,0,01/30/2026
5,GREAT KILLS,13 CONDOS - ELEVATOR APARTMENTS,2,4500,1044,,R4,"3461 AMBOY ROAD, 1J",1J,10306,1,,1,,,1979,2,R4,"460,000",12/23/2025
5,GREAT KILLS,13 CONDOS - ELEVATOR APARTMENTS,2,4500,1045,,R4,"3461 AMBOY ROAD, 1K",1K,10306,1,,1,,,1979,2,R4,0,04/16/2025
5,GREAT KILLS,13 CONDOS - ELEVATOR APARTMENTS,2,4500,1054,,R4,"3461 AMBOY ROAD, 3B",3B,10306,1,,1,,,1979,2,R4,0,09/11/2025
5,GREAT KILLS,13 CONDOS - ELEVATOR APARTMENTS,2,4500,1061,,R4,"3461 AMBOY ROAD, 4B",4B,10306,1,,1,,,1979,2,R4,"525,000",06/06/2025
5,GREAT KILLS,13 CONDOS - ELEVATOR APARTMENTS,2,4500,1068,,R4,"3461 AMBOY ROAD, 4J",4J,10306,1,,1,,,1979,2,R4,0,08/13/2025
5,GREAT KILLS,13 CONDOS - ELEVATOR APARTMENTS,2,4633,1005,,R4,"3871 AMBOY ROAD, 1D",1D,10308,1,,1,,,2010,2,R4,"480,000",03/06/2026
5,GREAT KILLS,13 CONDOS - ELEVATOR APARTMENTS,2,4633,1016,,R4,"3871 AMBOY ROAD, 4B",4B,10308,1,,1,,,2010,2,R4,0,07/22/2025
5,GREAT KILLS,22 STORE BUILDINGS,4,5208,5,,K2,3972 HYLAN BOULEVARD,,10308,0,4,4,"3,000","2,688",1965,4,K2,"700,000",04/24/2025
5,GREAT KILLS,22 STORE BUILDINGS,4,5208,62,,K5,307 NELSON AVENUE,,10308,0,1,1,"2,100","1,180",1931,4,K5,"700,000",09/11/2025
5,GREAT KILLS,31 COMMERCIAL VACANT LAND,4,5212,37,,V1,N/A CLEVELAND AVENUE,,10308,0,0,0,"3,694",0,,4,V1,0,06/12/2025
5,GREAT KILLS,31 COMMERCIAL VACANT LAND,4,5282,67,,V1,N/A HYLAN BOULEVARD,,10308,0,0,0,"3,500",0,,4,V1,"1,000,000",07/14/2025
5,GREAT KILLS,31 COMMERCIAL VACANT LAND,4,5282,69,,V1,4179 HYLAN BOULEVARD,,10308,0,0,0,"6,050",0,,4,V1,"1,000,000",07/14/2025
5,GREAT KILLS,37 RELIGIOUS FACILITIES,4,5239,48,,M1,78 ST ALBANS PLACE,,10312,0,2,2,"87,530","9,600",1931,4,M1,0,01/18/2026
5,GREAT KILLS,46 CONDO STORE BUILDINGS,4,4633,1001,,RK,"3871 AMBOY ROAD, COM",COM,10308,,1,1,,,2010,4,RK,"415,000",09/15/2025
5,GREAT KILLS-BAY TERRACE,01 ONE FAMILY DWELLINGS,1,4698,58,,A5,134 MONTREAL AVENUE,,10306,1,0,1,"2,500","1,384",1965,1,A5,"630,000",05/02/2025
5,GREAT KILLS-BAY TERRACE,01 ONE FAMILY DWELLINGS,1,4960,9,,A5,13 BUFFALO STREET,,10306,1,0,1,"1,900","1,176",1965,1,A5,"520,000",04/17/2025
5,GREAT KILLS-BAY TERRACE,01 ONE FAMILY DWELLINGS,1,4961,11,,A2,20 SHERIDAN COURT,,10306,1,0,1,"4,000","1,064",1950,1,A2,0,05/30/2025
5,GREAT KILLS-BAY TERRACE,01 ONE FAMILY DWELLINGS,1,4961,37,,A2,2075 NORTH RAILROAD AVENUE,,10306,1,0,1,"4,953",914,1950,1,A2,"725,000",01/12/2026
5,GREAT KILLS-BAY TERRACE,01 ONE FAMILY DWELLINGS,1,4964,26,,A3,47 SHERIDAN COURT,,10306,1,0,1,"5,000","3,000",1960,1,A3,0,08/21/2025
5,GREAT KILLS-BAY TERRACE,01 ONE FAMILY DWELLINGS,1,4965,32,,A2,2105 NORTH RAILROAD AVE,,10306,1,0,1,"4,320","1,104",1955,1,A2,"730,000",08/15/2025
5,GREAT KILLS-BAY TERRACE,01 ONE FAMILY DWELLINGS,1,4965,36,,A2,2113 NORTH RAILROAD AVE,,10306,1,0,1,"4,080","1,196",1955,1,A2,0,05/22/2025
5,GREAT KILLS-BAY TERRACE,01 ONE FAMILY DWELLINGS,1,4968,8,,A1,11 SPRATT AVENUE,,10306,1,0,1,"4,500","2,000",1960,1,A1,10,04/29/2025
5,GREAT KILLS-BAY TERRACE,01 ONE FAMILY DWELLINGS,1,4968,28,,A2,38 HOPKINS AVENUE,,10306,1,0,1,"3,510","1,056",1960,1,A2,0,07/08/2025
5,GREAT KILLS-BAY TERRACE,01 ONE FAMILY DWELLINGS,1,4972,5,,A5,159 BUFFALO STREET,,10306,1,0,1,"2,375","1,140",1970,1,A5,"652,500",08/26/2025
5,GREAT KILLS-BAY TERRACE,01 ONE FAMILY DWELLINGS,1,4974,22,,A5,130 BUFFALO STREET,,10306,1,0,1,"2,375","1,140",1964,1,A5,0,04/16/2025
5,GREAT KILLS-BAY TERRACE,01 ONE FAMILY DWELLINGS,1,4977,1,,A1,115 SPRATT AVENUE,,10306,1,0,1,"4,000","2,008",1970,1,A1,"650,000",10/16/2025
5,GREAT KILLS-BAY TERRACE,01 ONE FAMILY DWELLINGS,1,5015,49,,A5,12 BENTON COURT,,10306,1,0,1,"2,400","1,230",1985,1,A5,"630,000",01/16/2026
5,GREAT KILLS-BAY TERRACE,01 ONE FAMILY DWELLINGS,1,5018,8,,A1,57 JUSTIN AVENUE,,10306,1,0,1,"10,000","1,709",1925,1,A1,"1,225,000",10/17/2025
5,GREAT KILLS-BAY TERRACE,01 ONE FAMILY DWELLINGS,1B,5019,22,,V0,142 TWOMBLY AVENUE,,10306,0,0,0,"7,300",0,1925,1,A2,"912,500",07/07/2025
5,GREAT KILLS-BAY TERRACE,01 ONE FAMILY DWELLINGS,1,5020,41,,A5,84 JUSTIN AVENUE,,10306,1,0,1,"2,475","1,564",1965,1,A5,0,04/25/2025
5,GREAT KILLS-BAY TERRACE,01 ONE FAMILY DWELLINGS,1,5020,44,,A5,90 JUSTIN,,10306,1,0,1,"2,400","1,564",1965,1,A5,"710,000",10/15/2025
5,GREAT KILLS-BAY TERRACE,01 ONE FAMILY DWELLINGS,1,5020,53,,A5,106 JUSTIN AVENUE,,10306,1,0,1,"2,450","1,564",1965,1,A5,"720,000",06/10/2025
5,GREAT KILLS-BAY TERRACE,01 ONE FAMILY DWELLINGS,1,5022,55,,A2,137 HOOPER AVENUE,,10306,1,0,1,"4,180","1,144",1960,1,A2,0,02/24/2026
5,GREAT KILLS-BAY TERRACE,01 ONE FAMILY DWELLINGS,1,5023,71,,A2,159 DURANT AVENUE,,10306,1,0,1,"3,895","2,016",1970,1,A2,"577,503",04/28/2025
5,GREAT KILLS-BAY TERRACE,01 ONE FAMILY DWELLINGS,1,5024,42,,A1,128 JUSTIN AVENUE,,10306,1,0,1,"4,536","2,600",1997,1,A1,"1,160,000",06/02/2025
5,GREAT KILLS-BAY TERRACE,01 ONE FAMILY DWELLINGS,1,5091,38,,A5,31 TAUNTON STREET,,10306,1,0,1,"2,420","1,176",1970,1,A5,0,02/16/2026
5,GREAT KILLS-BAY TERRACE,01 ONE FAMILY DWELLINGS,1,5092,48,,A5,73 TAUNTON STREET,,10306,1,0,1,"2,288","1,176",1970,1,A5,"680,000",04/17/2025
5,GREAT KILLS-BAY TERRACE,01 ONE FAMILY DWELLINGS,1,5094,42,,A5,77 REDGRAVE AVENUE,,10306,1,0,1,"2,300","1,176",1975,1,A5,0,10/22/2025
5,GREAT KILLS-BAY TERRACE,01 ONE FAMILY DWELLINGS,1,5094,51,,A5,57 REDGRAVE AVENUE,,10306,1,0,1,"2,300","1,176",1975,1,A5,"700,000",12/01/2025
5,GREAT KILLS-BAY TERRACE,01 ONE FAMILY DWELLINGS,1,5095,47,,A5,17 BARTOW STREET,,10308,1,0,1,"2,600","1,520",1975,1,A5,"720,000",06/18/2025
5,GREAT KILLS-BAY TERRACE,01 ONE FAMILY DWELLINGS,1,5096,32,,A5,335 DURANT AVENUE,,10308,1,0,1,"2,500","1,176",1975,1,A5,0,06/19/2025
5,GREAT KILLS-BAY TERRACE,01 ONE FAMILY DWELLINGS,1,5097,55,,A5,5 AINSWORTH AVENUE,,10308,1,0,1,"2,475","1,380",1982,1,A5,0,06/16/2025
5,GREAT KILLS-BAY TERRACE,01 ONE FAMILY DWELLINGS,1,5098,22,,A5,82 BARTOW STREET,,10308,1,0,1,"2,500","1,176",1975,1,A5,"725,000",10/10/2025
5,GREAT KILLS-BAY TERRACE,01 ONE FAMILY DWELLINGS,1,5100,46,,A5,61 CRANFORD STREET,,10308,1,0,1,"2,400","1,176",1975,1,A5,"674,000",08/07/2025
5,GREAT KILLS-BAY TERRACE,01 ONE FAMILY DWELLINGS,1,5101,33,,A5,419 O'GORMAN AVENUE,,10308,1,0,1,"2,375","1,424",2007,1,A5,"860,000",07/21/2025
5,GREAT KILLS-BAY TERRACE,01 ONE FAMILY DWELLINGS,1,5113,33,,A1,441 O'GORMAN AVENUE,,10308,1,0,1,"6,000","2,496",1960,1,A1,"1,150,000",07/11/2025
5,GREAT KILLS-BAY TERRACE,01 ONE FAMILY DWELLINGS,1,5113,55,,A2,55 FIELDWAY AVE,,10308,1,0,1,"4,410","1,204",1960,1,A2,"780,000",05/30/2025
5,GREAT KILLS-BAY TERRACE,01 ONE FAMILY DWELLINGS,1,5113,57,,A2,51 FIELDWAY AVENUE,,10308,1,0,1,"4,410","1,204",1960,1,A2,"720,000",06/20/2025
5,GREAT KILLS-BAY TERRACE,01 ONE FAMILY DWELLINGS,1,5114,16,,A5,458 OGORMAN AVENUE,,10308,1,0,1,"2,408","1,497",1995,1,A5,"810,000",08/27/2025
5,GREAT KILLS-BAY TERRACE,01 ONE FAMILY DWELLINGS,1,5114,30,,A1,7 TRENT STREET,,10308,1,0,1,"3,880","2,010",2004,1,A1,"1,168,000",10/30/2025
5,GREAT KILLS-BAY TERRACE,01 ONE FAMILY DWELLINGS,1,5115,1,,A1,68 TRENT STREET,,10308,1,0,1,"5,000","1,560",1960,1,A1,"830,000",09/02/2025
5,GREAT KILLS-BAY TERRACE,02 TWO FAMILY DWELLINGS,1,4698,46,,B2,108 MONTREAL AVENUE,,10306,2,0,2,"4,000","1,958",1965,1,B2,"780,000",06/18/2025
5,GREAT KILLS-BAY TERRACE,02 TWO FAMILY DWELLINGS,1,4973,36,,B2,55 O'GORMAN AVENUE,,10306,2,0,2,"4,000","2,326",1970,1,B2,"989,000",02/19/2026
5,GREAT KILLS-BAY TERRACE,02 TWO FAMILY DWELLINGS,1,4976,21,,B2,88 HOPKINS AVENUE,,10306,2,0,2,"4,200","2,504",1973,1,B2,0,12/02/2025
5,GREAT KILLS-BAY TERRACE,02 TWO FAMILY DWELLINGS,1,5015,57,,B2,26 BENTON COURT,,10306,2,0,2,"4,000","2,392",1975,1,B2,"970,000",01/20/2026
5,GREAT KILLS-BAY TERRACE,02 TWO FAMILY DWELLINGS,1,5024,17,,B2,61 KELVIN AVENUE,,10306,2,0,2,"4,200","2,444",1965,1,B2,"1,300,000",06/27/2025
5,GREAT KILLS-BAY TERRACE,02 TWO FAMILY DWELLINGS,1,5025,21,,B2,129 BAY TERRACE,,10306,2,0,2,"4,000","2,444",1960,1,B2,0,07/11/2025
5,GREAT KILLS-BAY TERRACE,02 TWO FAMILY DWELLINGS,1,5025,33,,B9,220 O'GORMAN AVENUE,,10306,2,0,2,"2,000","1,800",1960,1,B9,"795,000",02/26/2026
5,GREAT KILLS-BAY TERRACE,02 TWO FAMILY DWELLINGS,1,5025,44,,B2,84 KELVIN AVENUE,,10306,2,0,2,"6,000","2,444",1960,1,B2,"900,000",04/17/2025
5,GREAT KILLS-BAY TERRACE,02 TWO FAMILY DWELLINGS,1,5092,16,,B2,118 BAY TERRACE,,10306,2,0,2,"8,220","2,992",1984,1,B2,0,11/19/2025
5,GREAT KILLS-BAY TERRACE,02 TWO FAMILY DWELLINGS,1,5092,39,,B2,87 TAUNTON STREET,,10306,2,0,2,"4,048","1,872",1970,1,B2,0,05/13/2025
5,GREAT KILLS-BAY TERRACE,02 TWO FAMILY DWELLINGS,1,5093,17,,B2,18 TAUNTON STREET,,10306,2,0,2,"4,000","2,328",1975,1,B2,"999,000",11/24/2025
5,GREAT KILLS-BAY TERRACE,02 TWO FAMILY DWELLINGS,1,5093,34,,B9,43 REDGRAVE AVENUE,,10306,2,0,2,"3,024","1,500",1998,1,B9,0,07/07/2025
5,GREAT KILLS-BAY TERRACE,02 TWO FAMILY DWELLINGS,1,5093,36,,B2,37 REDGRAVE AVENUE,,10306,2,0,2,"5,600","2,200",2003,1,B2,0,04/23/2025
5,GREAT KILLS-BAY TERRACE,02 TWO FAMILY DWELLINGS,1,5094,14,,B2,66 TAUNTON STREET,,10306,2,0,2,"6,000","2,010",1935,1,B2,0,03/02/2026
5,GREAT KILLS-BAY TERRACE,02 TWO FAMILY DWELLINGS,1,5095,40,,B2,29 BARTOW STREET,,10308,2,0,2,"4,100","2,228",1975,1,B2,0,05/05/2025
5,GREAT KILLS-BAY TERRACE,02 TWO FAMILY DWELLINGS,1,5097,10,,B2,6 BARTOW STREET,,10308,2,0,2,"4,317","1,908",1975,1,B2,0,12/11/2025
5,GREAT KILLS-BAY TERRACE,02 TWO FAMILY DWELLINGS,1,5097,35,,B2,37 AINSWORTH AVENUE,,10308,2,0,2,"3,920","2,340",1970,1,B2,0,10/22/2025
5,GREAT KILLS-BAY TERRACE,02 TWO FAMILY DWELLINGS,1,5098,47,,B2,63 AINSWORTH AVENUE,,10308,2,0,2,"4,000","1,974",1965,1,B2,"960,000",11/04/2025
5,GREAT KILLS-BAY TERRACE,04 TAX CLASS 1 CONDOS,1A,5016,1014,,R3,"3438 AMBOY ROAD, 3438",3438,10306,1,,1,,,1991,1,R3,"494,000",12/29/2025
5,GREAT KILLS-BAY TERRACE,09 COOPS - WALKUP APARTMENTS,2,5090,35,,C6,"18 BAY TERRACE, 1C",,10306,,,,,,1977,2,C6,"210,000",02/06/2026
5,GREAT KILLS-BAY TERRACE,09 COOPS - WALKUP APARTMENTS,2,5090,35,,C6,"22 BAY TERRACE, 2E",,10306,,,,,,1977,2,C6,"202,000",09/25/2025
5,GREAT KILLS-BAY TERRACE,09 COOPS - WALKUP APARTMENTS,2,5090,35,,C6,"28 BAY TERRACE, 2H",,10306,,,,,,1977,2,C6,"190,000",01/21/2026
5,GREAT KILLS-BAY TERRACE,09 COOPS - WALKUP APARTMENTS,2,5090,35,,C6,"34 BAY TERRACE, 1G",,10306,,,,,,1977,2,C6,"250,000",08/01/2025
5,GREAT KILLS-BAY TERRACE,09 COOPS - WALKUP APARTMENTS,2,5090,35,,C6,"34 BAY TERRACE, 1H",,10306,,,,,,1977,2,C6,"205,000",07/16/2025
5,GRYMES HILL,01 ONE FAMILY DWELLINGS,1,587,300,,A2,70 SUNRISE TERRACE,,10304,1,0,1,"66,701","1,430",1920,1,A2,"2,400,000",12/22/2025
5,GRYMES HILL,01 ONE FAMILY DWELLINGS,1,589,150,,A1,154 HOWARD AVENUE,,10301,1,0,1,"12,700","2,992",1960,1,A1,"1,049,000",09/10/2025
5,GRYMES HILL,01 ONE FAMILY DWELLINGS,1,591,32,,A1,10 DUNCAN ROAD,,10301,1,0,1,"12,690","2,176",1920,1,A1,"985,000",02/09/2026
5,GRYMES HILL,01 ONE FAMILY DWELLINGS,1,591,60,,A1,46 DUNCAN ROAD,,10301,1,0,1,"5,000","1,532",1920,1,A1,"735,000",12/18/2025
5,GRYMES HILL,01 ONE FAMILY DWELLINGS,1,592,80,,A3,246 HOWARD AVENUE,,10301,1,0,1,"13,200","6,000",1992,1,A3,"2,350,000",08/21/2025
5,GRYMES HILL,01 ONE FAMILY DWELLINGS,1,592,90,,A3,26 ADA PLACE,,10301,1,0,1,"9,000","2,858",1975,1,A3,"1,548,000",08/19/2025
5,GRYMES HILL,01 ONE FAMILY DWELLINGS,1,592,95,,A2,34 ADA PLACE,,10301,1,0,1,"25,610","2,166",1955,1,A2,0,08/11/2025
5,GRYMES HILL,01 ONE FAMILY DWELLINGS,1,592,315,,A1,262 HOWARD AVENUE,,10301,1,0,1,"10,920","6,076",1930,1,A1,"2,405,000",01/06/2026
5,GRYMES HILL,01 ONE FAMILY DWELLINGS,1,593,61,,A1,72 THERESA PLACE,,10301,1,0,1,"5,400","1,580",1920,1,A1,"900,000",07/01/2025
5,GRYMES HILL,01 ONE FAMILY DWELLINGS,1,593,185,,A3,160 BERTHA PLACE,,10301,1,0,1,"12,560","10,375",2007,1,A3,"3,000,000",12/15/2025
5,GRYMES HILL,01 ONE FAMILY DWELLINGS,1,593,220,,A3,141 BERTHA PLACE,,10301,1,0,1,"12,100","5,178",1955,1,A3,0,09/11/2025
5,GRYMES HILL,01 ONE FAMILY DWELLINGS,1,593,230,,A2,125 BERTHA PLACE,,10301,1,0,1,"8,632","1,680",1950,1,A2,"1,100,000",01/21/2026
5,GRYMES HILL,01 ONE FAMILY DWELLINGS,1,593,320,,A2,48 GRYMES HILL RD,,10301,1,0,1,"12,000","2,130",1950,1,A2,"1,520,000",11/20/2025
5,GRYMES HILL,01 ONE FAMILY DWELLINGS,1,615,21,,A1,301 HOWARD AVENUE,,10301,1,0,1,"17,400","1,880",1940,1,A1,0,10/31/2025
5,GRYMES HILL,01 ONE FAMILY DWELLINGS,1,615,30,,A1,281 HOWARD AVENUE,,10301,1,0,1,"14,740","2,888",1901,1,A1,0,09/03/2025
5,GRYMES HILL,01 ONE FAMILY DWELLINGS,1,616,62,,A1,802 VAN DUZER STREET,,10304,1,0,1,"4,816","1,600",2009,1,A1,"824,783",12/19/2025
5,GRYMES HILL,01 ONE FAMILY DWELLINGS,1,616,140,,A3,363 HOWARD AVENUE,,10301,1,0,1,"44,922","2,956",1930,1,A3,"1,575,000",04/29/2025
5,GRYMES HILL,01 ONE FAMILY DWELLINGS,1,616,244,,A1,45 PARK LANE,,10301,1,0,1,"8,100","2,000",1930,1,A1,0,12/19/2025
5,GRYMES HILL,01 ONE FAMILY DWELLINGS,1,617,4,,A1,7 RAMSEY PLACE,,10304,1,0,1,"2,500","1,116",1915,1,A1,0,04/21/2025
5,GRYMES HILL,01 ONE FAMILY DWELLINGS,1,618,170,,A3,68 SIGNAL HILL ROAD,,10301,1,0,1,"16,766","5,400",2012,1,A3,"3,800,000",01/16/2026
5,GRYMES HILL,01 ONE FAMILY DWELLINGS,1,618,400,,A1,34 SIGNAL HILL ROAD,,10301,1,0,1,"6,592","1,904",1940,1,A1,0,12/01/2025
5,GRYMES HILL,01 ONE FAMILY DWELLINGS,1,619,110,,A2,99 SIGNAL HILL ROAD,,10301,1,0,1,"7,990","1,176",1960,1,A2,0,09/05/2025
5,GRYMES HILL,01 ONE FAMILY DWELLINGS,1,621,17,,A1,160 HILLSIDE AVENUE,,10304,1,0,1,"2,900",600,1945,1,A1,0,06/11/2025
5,GRYMES HILL,01 ONE FAMILY DWELLINGS,1,621,18,,A2,158 HILLSIDE AVENUE,,10304,1,0,1,"5,750",952,1945,1,A2,0,06/11/2025
5,GRYMES HILL,01 ONE FAMILY DWELLINGS,1,622,68,,A1,74 PLEASANT VALLEY AVE,,10304,1,0,1,"6,000","1,152",1915,1,A1,"615,000",11/14/2025
5,GRYMES HILL,01 ONE FAMILY DWELLINGS,1,622,74,,A1,66 PLEASANT VALLEY AVENUE,,10304,1,0,1,"3,000","1,100",1930,1,A1,10,09/11/2025
5,GRYMES HILL,01 ONE FAMILY DWELLINGS,1B,622,99,,V0,20 PLEASANT VALLEY AVE,,10304,0,0,0,"2,400",0,1920,1,A2,"375,180",07/09/2025
5,GRYMES HILL,01 ONE FAMILY DWELLINGS,1,628,10,,A1,170 CAMPUS ROAD,,10301,1,0,1,"5,920",875,1950,1,A1,"700,000",04/16/2025
5,GRYMES HILL,01 ONE FAMILY DWELLINGS,1,629,112,,A1,106 CAMPUS ROAD,,10301,1,0,1,"4,851","1,536",1920,1,A1,0,07/02/2025
5,GRYMES HILL,01 ONE FAMILY DWELLINGS,1,630,108,,A1,26 HOLSMAN ROAD,,10301,1,0,1,"10,000","2,112",1940,1,A1,0,10/16/2025
5,GRYMES HILL,01 ONE FAMILY DWELLINGS,1,630,182,,A1,9 INWOOD ROAD,,10301,1,0,1,"5,000","2,244",1940,1,A1,"1,500,000",06/18/2025
5,GRYMES HILL,01 ONE FAMILY DWELLINGS,1,631,117,,A2,140 LONGVIEW ROAD,,10301,1,0,1,"7,600","3,633",1955,1,A2,0,09/04/2025
5,GRYMES HILL,01 ONE FAMILY DWELLINGS,1,631,182,,A5,73 STARBUCK STREET,,10304,1,0,1,"2,304","1,350",2002,1,A5,500,12/29/2025
5,GRYMES HILL,02 TWO FAMILY DWELLINGS,1,615,166,,B9,30 JAKE COURT,,10304,2,0,2,"1,442","2,010",2003,1,B9,0,09/30/2025
5,GRYMES HILL,02 TWO FAMILY DWELLINGS,1,615,175,,B9,17 MAXIE COURT,,10304,2,0,2,"1,162","2,010",2002,1,B9,"635,000",01/27/2026
5,GRYMES HILL,02 TWO FAMILY DWELLINGS,1,615,177,,B9,21 MAXIE COURT,,10304,2,0,2,"1,442","2,010",2002,1,B9,"648,000",06/06/2025
5,GRYMES HILL,02 TWO FAMILY DWELLINGS,1,616,18,,B9,17 TESSA COURT,,10304,2,0,2,"1,442","2,280",2004,1,B9,"625,000",07/15/2025
5,GRYMES HILL,02 TWO FAMILY DWELLINGS,1,616,30,,B9,24 TESSA COURT,,10304,2,0,2,"2,037","2,280",2004,1,B9,0,02/03/2026
5,GRYMES HILL,02 TWO FAMILY DWELLINGS,1,616,63,,B2,806 VAN DUZER STREET,,10304,2,0,2,"4,817","2,411",2014,1,B2,0,01/09/2026
5,GRYMES HILL,02 TWO FAMILY DWELLINGS,1,616,64,,B2,810 VAN DUZER STREET,,10304,2,0,2,"4,817","2,411",2014,1,B2,"845,148",02/11/2026
5,GRYMES HILL,02 TWO FAMILY DWELLINGS,1,621,23,,B9,148 HILLSIDE AVENUE,,10304,2,0,2,"3,550","1,584",2001,1,B9,"760,000",01/27/2026
5,GRYMES HILL,02 TWO FAMILY DWELLINGS,1,622,86,,B2,42 PLEASANT VALLEY AVE,,10304,2,0,2,"6,000","1,908",1930,1,B2,"750,000",10/14/2025
5,GRYMES HILL,02 TWO FAMILY DWELLINGS,1,622,106,,B2,980 VAN DUZER STREET,,10304,2,0,2,"3,051","2,340",1915,1,B2,"780,000",01/21/2026
5,GRYMES HILL,02 TWO FAMILY DWELLINGS,1,622,140,,B2,79 WANDEL AVENUE,,10304,2,0,2,"4,504","2,525",2024,1,B2,"997,885",07/18/2025
5,GRYMES HILL,02 TWO FAMILY DWELLINGS,1,622,141,,B2,83 WANDEL AVENUE,,10304,2,0,2,"4,480","2,525",2024,1,B2,"1,151,299",07/21/2025
5,GRYMES HILL,02 TWO FAMILY DWELLINGS,1,623,90,,B9,32 WANDEL AVENUE,,10304,2,0,2,"4,855","1,768",2019,1,B9,"750,000",09/18/2025
5,GRYMES HILL,02 TWO FAMILY DWELLINGS,1,623,123,,B3,1032 VAN DUZER ST,,10304,2,0,2,"6,565","1,272",1925,1,B3,"460,000",09/04/2025
5,GRYMES HILL,02 TWO FAMILY DWELLINGS,1,623,254,,B2,23 CUNARD AVENUE,,10304,2,0,2,"4,103","2,622",2023,1,B2,"997,885",02/26/2026
5,GRYMES HILL,02 TWO FAMILY DWELLINGS,1,627,1,,B2,60 CEDAR TERRACE,,10304,2,0,2,"9,100","2,208",1968,1,B2,"1,055,000",11/19/2025
5,GRYMES HILL,02 TWO FAMILY DWELLINGS,1,630,103,,B2,16 HOLSMAN ROAD,,10301,2,0,2,"9,900","2,352",1970,1,B2,"967,500",09/05/2025
5,GRYMES HILL,05 TAX CLASS 1 VACANT LAND,1B,593,130,,V0,138 GRYMES HILL ROAD,,10301,0,0,0,"7,680",0,2025,1,V0,"499,000",05/13/2025
5,GRYMES HILL,05 TAX CLASS 1 VACANT LAND,1B,615,210,,V0,N/A HOWARD AVENUE,,10304,0,0,0,"57,229",0,,1,V0,0,01/12/2026
5,GRYMES HILL,05 TAX CLASS 1 VACANT LAND,1B,618,167,,V0,N/A SIGNAL HILL ROAD,,10301,0,0,0,"9,675",0,,1,V0,"3,800,000",01/16/2026
5,GRYMES HILL,05 TAX CLASS 1 VACANT LAND,1B,618,361,,V0,N/A CEDARCLIFF ROAD,,10301,0,0,0,"5,597",0,,1,V0,"260,000",04/30/2025
5,GRYMES HILL,05 TAX CLASS 1 VACANT LAND,1B,618,362,,V0,N/A CEDARCLIFF ROAD,,10301,0,0,0,"4,949",0,,1,V0,"260,000",04/30/2025
5,GRYMES HILL,05 TAX CLASS 1 VACANT LAND,1B,618,404,,V0,N/A NESMYTHE TERRACE,,10301,0,0,0,"7,519",0,,1,V0,0,12/01/2025
5,GRYMES HILL,05 TAX CLASS 1 VACANT LAND,1,621,51,,A3,N/A HILLSIDE AVENUE,,10304,1,0,1,"5,377",0,2025,1,V0,0,08/06/2025
5,GRYMES HILL,05 TAX CLASS 1 VACANT LAND,1B,623,125,,V0,1040 VAN DUZER STREET,,10304,0,0,0,"7,700",0,,1,V0,"210,000",01/09/2026
5,GRYMES HILL,06 TAX CLASS 1 - OTHER,1,622,107,,G0,982A VAN DUZER STREET,,10304,0,0,0,"2,499",0,1950,1,G0,"780,000",01/21/2026
5,GRYMES HILL,09 COOPS - WALKUP APARTMENTS,2,593,680,,C6,"159 ARLO ROAD, A",,10301,,,,,,1951,2,C6,"215,000",10/28/2025
5,GRYMES HILL,09 COOPS - WALKUP APARTMENTS,2,593,680,,C6,"171 ARLO RD, A",,10301,,,,,,1951,2,C6,"249,000",04/14/2025
5,GRYMES HILL,09 COOPS - WALKUP APARTMENTS,2,597,120,,C6,"10 SETH COURT, B",,10301,,,,,,1951,2,C6,"210,000",08/19/2025
5,GRYMES HILL,09 COOPS - WALKUP APARTMENTS,2,597,120,,C6,"12 STRATFORD AVENUE, 12A",,10301,,,,,,1951,2,C6,"250,000",02/20/2026
5,GRYMES HILL,09 COOPS - WALKUP APARTMENTS,2,597,120,,C6,"12 STRATFORD AVENUE, 12B",,10301,,,,,,1951,2,C6,"250,000",02/20/2026
5,GRYMES HILL,09 COOPS - WALKUP APARTMENTS,2,597,120,,C6,"162 ARLO RD, A",,10301,,,,,,1951,2,C6,"215,000",06/11/2025
5,GRYMES HILL,09 COOPS - WALKUP APARTMENTS,2,597,120,,C6,"168 ARLO ROAD, B",,10301,,,,,,1951,2,C6,0,07/24/2025
5,GRYMES HILL,09 COOPS - WALKUP APARTMENTS,2,597,120,,C6,"176A ARLO ROAD, 176A",,10301,,,,,,1951,2,C6,"206,000",11/21/2025
5,GRYMES HILL,09 COOPS - WALKUP APARTMENTS,2,597,120,,C6,"18 SETH COURT, A",,10301,,,,,,1951,2,C6,"225,000",04/29/2025
5,GRYMES HILL,09 COOPS - WALKUP APARTMENTS,2,597,120,,C6,"182B ARLO ROAD, 182B",,10301,,,,,,1951,2,C6,"195,000",02/13/2026
5,GRYMES HILL,09 COOPS - WALKUP APARTMENTS,2,597,120,,C6,"34 SETH COURT, B",,10301,,,,,,1951,2,C6,"145,000",09/25/2025
5,GRYMES HILL,09 COOPS - WALKUP APARTMENTS,2,597,120,,C6,"562 HOWARD AVE, A",,10301,,,,,,1951,2,C6,"285,000",11/18/2025
5,GRYMES HILL,13 CONDOS - ELEVATOR APARTMENTS,2,631,1007,,R4,"755 NARROWS ROAD NORTH, 401",401,10304,1,,1,,,1987,2,R4,"305,000",06/06/2025
5,GRYMES HILL,13 CONDOS - ELEVATOR APARTMENTS,2,631,1008,,R4,"755 NARROWS ROAD NORTH, 402",402,10304,1,,1,,,1987,2,R4,"205,000",02/05/2026
5,GRYMES HILL,13 CONDOS - ELEVATOR APARTMENTS,2,631,1033,,R4,"755 NARROWS ROAD NORTH, 609A",609A,10304,1,,1,,,1987,2,R4,"320,000",05/28/2025
5,GRYMES HILL,13 CONDOS - ELEVATOR APARTMENTS,2,631,1041,,R4,"755 NARROWS ROAD NORTH, 707",707,10304,1,,1,,,1987,2,R4,"250,000",01/07/2026
5,GRYMES HILL,13 CONDOS - ELEVATOR APARTMENTS,2,631,1069,,R4,"755 NARROWS ROAD NORTH, 1001A",1001A,10304,1,,1,,,1987,2,R4,"415,000",08/06/2025
5,HUGUENOT,01 ONE FAMILY DWELLINGS,1,6311,43,,A1,537 IONIA AVENUE,,10312,1,0,1,"4,000","1,440",1979,1,A1,"805,000",10/10/2025
5,HUGUENOT,01 ONE FAMILY DWELLINGS,1,6312,1,,A2,200 RAMONA AVENUE,,10312,1,0,1,"4,000","1,771",1979,1,A2,0,04/28/2025
5,HUGUENOT,01 ONE FAMILY DWELLINGS,1,6313,3,,A1,516 RATHBUN AVENUE,,10312,1,0,1,"4,000","1,992",1925,1,A1,0,06/17/2025
5,HUGUENOT,01 ONE FAMILY DWELLINGS,1,6315,54,,A1,531 RENSSELAER AVENUE,,10312,1,0,1,"4,000","2,361",1980,1,A1,"991,000",06/26/2025
5,HUGUENOT,01 ONE FAMILY DWELLINGS,1,6317,39,,A1,491 SINCLAIR AVENUE,,10312,1,0,1,"4,000","2,025",2000,1,A1,0,02/05/2026
5,HUGUENOT,01 ONE FAMILY DWELLINGS,1,6321,105,,A2,218 ALBEE AVE,,10312,1,0,1,"4,000","1,056",1970,1,A2,"927,000",01/07/2026
5,HUGUENOT,01 ONE FAMILY DWELLINGS,1,6321,107,,A1,224 ALBEE AVENUE,,10312,1,0,1,"8,000","2,480",1960,1,A1,"950,000",11/03/2025
5,HUGUENOT,01 ONE FAMILY DWELLINGS,1,6324,155,,A3,200 DOWNES AVENUE,,10312,1,0,1,"14,364","4,800",1999,1,A3,0,10/16/2025
5,HUGUENOT,01 ONE FAMILY DWELLINGS,1,6332,127,,A1,44 COMFORT COURT,,10312,1,0,1,"4,565","1,720",2002,1,A1,"985,000",08/15/2025
5,HUGUENOT,01 ONE FAMILY DWELLINGS,1,6333,55,,A1,237 DARLINGTON AVENUE,,10312,1,0,1,"4,900","1,080",1930,1,A1,0,11/05/2025
5,HUGUENOT,01 ONE FAMILY DWELLINGS,1,6333,80,,A1,694 EDGEGROVE AVENUE,,10312,1,0,1,"5,394","2,380",2007,1,A1,"1,300,000",12/22/2025
5,HUGUENOT,01 ONE FAMILY DWELLINGS,1,6335,16,,A2,630 LAMONT AVENUE,,10312,1,0,1,"6,000","1,209",1955,1,A2,0,08/19/2025
5,HUGUENOT,01 ONE FAMILY DWELLINGS,1,6335,22,,A2,620 LAMONT AVE,,10312,1,0,1,"6,000",975,1955,1,A2,0,07/23/2025
5,HUGUENOT,01 ONE FAMILY DWELLINGS,1,6335,51,,A2,607 IONIA AVENUE,,10312,1,0,1,"4,000","1,975",1970,1,A2,"880,000",04/08/2025
5,HUGUENOT,01 ONE FAMILY DWELLINGS,1,6337,56,,A3,265 RAMONA AVENUE,,10312,1,0,1,"4,500","1,967",1955,1,A3,"1,171,000",12/18/2025
5,HUGUENOT,01 ONE FAMILY DWELLINGS,1,6338,54,,A2,577 RATHBUN AVENUE,,10312,1,0,1,"4,000","1,865",1975,1,A2,"910,000",09/03/2025
5,HUGUENOT,01 ONE FAMILY DWELLINGS,1,6338,98,,A2,590 SHELDON AVENUE,,10312,1,0,1,"4,000","2,004",1975,1,A2,0,01/14/2026
5,HUGUENOT,01 ONE FAMILY DWELLINGS,1,6338,104,,A2,576 SHELDON AVENUE,,10312,1,0,1,"4,000","2,004",1975,1,A2,"890,000",08/28/2025
5,HUGUENOT,01 ONE FAMILY DWELLINGS,1,6338,144,,A2,645 RENSSELAER AVENUE,,10312,1,0,1,"4,000","2,450",1975,1,A2,10,09/18/2025
5,HUGUENOT,01 ONE FAMILY DWELLINGS,1,6339,1,,A2,620 SINCLAIR AVENUE,,10312,1,0,1,"4,000","2,015",1970,1,A2,0,08/14/2025
5,HUGUENOT,01 ONE FAMILY DWELLINGS,1,6339,90,,A2,550 STAFFORD AVENUE,,10312,1,0,1,"6,000","2,269",1970,1,A2,0,03/04/2026
5,HUGUENOT,01 ONE FAMILY DWELLINGS,1,6340,95,,A2,541 VINELAND AVENUE,,10312,1,0,1,"3,970","2,002",1975,1,A2,"800,000",05/02/2025
5,HUGUENOT,01 ONE FAMILY DWELLINGS,1,6340,97,,A2,944 WOODROW ROAD,,10312,1,0,1,"4,806","2,196",1975,1,A2,"940,000",01/23/2026
5,HUGUENOT,01 ONE FAMILY DWELLINGS,1,6531,1,,A3,94 CHESTER AVENUE,,10312,1,0,1,"10,371","3,200",1984,1,A3,0,01/07/2026
5,HUGUENOT,01 ONE FAMILY DWELLINGS,1,6539,50,,A1,143 SWAIM AVENUE,,10312,1,0,1,"6,872","3,385",1993,1,A1,0,10/07/2025
5,HUGUENOT,01 ONE FAMILY DWELLINGS,1,6540,24,,A2,77 IRVINGTON ST,,10312,1,0,1,"12,825","2,028",1970,1,A2,0,04/15/2025
5,HUGUENOT,01 ONE FAMILY DWELLINGS,1,6550,29,,A1,30 SHORT PLACE,,10312,1,0,1,"7,200","3,696",2000,1,A1,0,10/06/2025
5,HUGUENOT,01 ONE FAMILY DWELLINGS,1,6568,29,,A1,82 STECHER STREET,,10312,1,0,1,"6,218","2,400",1975,1,A1,0,12/10/2025
5,HUGUENOT,01 ONE FAMILY DWELLINGS,1,6569,58,,A1,54 COLON STREET,,10312,1,0,1,"6,400","2,688",1977,1,A1,0,04/30/2025
5,HUGUENOT,01 ONE FAMILY DWELLINGS,1,6573,25,,A1,1095 HUGUENOT AVENUE,,10312,1,0,1,"4,400","2,200",2000,1,A1,"1,035,000",11/25/2025
5,HUGUENOT,01 ONE FAMILY DWELLINGS,1,6573,34,,A1,64 TUCKAHOE AVENUE,,10312,1,0,1,"6,000","2,150",2006,1,A1,0,10/16/2025
5,HUGUENOT,01 ONE FAMILY DWELLINGS,1,6574,47,,A1,154 KINGDOM AVENUE,,10312,1,0,1,"4,000","1,554",1930,1,A1,0,06/24/2025
5,HUGUENOT,01 ONE FAMILY DWELLINGS,1,6574,49,,A1,158 KINGDOM AVENUE,,10312,1,0,1,"4,000","2,137",1930,1,A1,"999,999",11/05/2025
5,HUGUENOT,01 ONE FAMILY DWELLINGS,1,6575,43,,A1,30 TUCKAHOE AVENUE,,10312,1,0,1,"8,000","3,150",1988,1,A1,10,04/23/2025
5,HUGUENOT,01 ONE FAMILY DWELLINGS,1,6577,36,,A1,11 COMELY STREET,,10312,1,0,1,"4,100","1,152",1920,1,A1,"135,782",02/02/2026
5,HUGUENOT,01 ONE FAMILY DWELLINGS,1,6580,64,,A1,181 ANDROVETTE AVENUE,,10312,1,0,1,"11,775","2,600",1999,1,A1,"1,748,888",07/31/2025
5,HUGUENOT,01 ONE FAMILY DWELLINGS,1,6580,86,,A2,190 PRALL AVENUE,,10312,1,0,1,"4,680","1,120",1950,1,A2,"625,000",11/18/2025
5,HUGUENOT,01 ONE FAMILY DWELLINGS,1,6582,16,,A1,134 PRALL AVENUE,,10312,1,0,1,"11,775","3,600",1997,1,A1,"1,630,000",05/28/2025
5,HUGUENOT,01 ONE FAMILY DWELLINGS,1,6600,200,,A1,237 CHESTER AVENUE,,10312,1,0,1,"7,688","3,600",1998,1,A1,0,11/29/2025
5,HUGUENOT,01 ONE FAMILY DWELLINGS,1,6817,29,,A2,45 WEST TERRACE,,10312,1,0,1,"4,000","2,088",1970,1,A2,"650,000",10/16/2025
5,HUGUENOT,01 ONE FAMILY DWELLINGS,1,6817,29,,A2,45 WEST TERRACE,,10312,1,0,1,"4,000","2,088",1970,1,A2,"870,000",03/30/2026
5,HUGUENOT,01 ONE FAMILY DWELLINGS,1,6819,21,,A2,1061 WOODHULL AVENUE,,10312,1,0,1,"8,145","2,412",1955,1,A2,0,10/30/2025
5,HUGUENOT,01 ONE FAMILY DWELLINGS,1,6820,16,,A2,19 ALBOURNE AVENUE EAST,,10312,1,0,1,"8,500","1,000",1955,1,A2,"1,105,000",11/07/2025
5,HUGUENOT,01 ONE FAMILY DWELLINGS,1,6821,24,,A2,37 ASHLAND AVENUE EAST,,10312,1,0,1,"5,000","1,926",1970,1,A2,"850,000",11/04/2025
5,HUGUENOT,01 ONE FAMILY DWELLINGS,1,6821,31,,A2,53 ASHLAND AVENUE EAST,,10312,1,0,1,"4,000","2,602",1970,1,A2,"945,000",12/18/2025
5,HUGUENOT,01 ONE FAMILY DWELLINGS,1,6827,46,,A1,18 CARLTON COURT,,10312,1,0,1,"4,520","1,920",1930,1,A1,0,01/21/2026
5,HUGUENOT,01 ONE FAMILY DWELLINGS,1,6830,28,,A1,348 DARLINGTON AVENUE,,10312,1,0,1,"4,000","1,960",1965,1,A1,"755,000",11/25/2025
5,HUGUENOT,01 ONE FAMILY DWELLINGS,1,6832,1,,A5,761 EDGEGROVE AVENUE,,10312,1,0,1,"3,000","1,946",1955,1,A5,"830,000",08/08/2025
5,HUGUENOT,01 ONE FAMILY DWELLINGS,1,6835,25,,A1,723 IONIA AVENUE,,10312,1,0,1,"10,537","3,000",1993,1,A1,"1,400,000",08/21/2025
5,HUGUENOT,01 ONE FAMILY DWELLINGS,1,6836,26,,A3,197 ELLSWORTH AVENUE,,10312,1,0,1,"9,968","2,786",1984,1,A3,"1,730,000",12/11/2025
5,HUGUENOT,01 ONE FAMILY DWELLINGS,1,6839,27,,A2,400 RAMONA AVENUE,,10312,1,0,1,"4,410","2,087",1976,1,A2,"810,000",11/03/2025
5,HUGUENOT,01 ONE FAMILY DWELLINGS,1,6839,58,,A2,759 LAMONT AVENUE,,10312,1,0,1,"3,990","2,087",1974,1,A2,0,09/05/2025
5,HUGUENOT,01 ONE FAMILY DWELLINGS,1,6841,46,,A2,144 ELLSWORTH AVENUE,,10312,1,0,1,"4,440","2,133",1970,1,A2,0,12/30/2025
5,HUGUENOT,01 ONE FAMILY DWELLINGS,1,6841,64,,A2,731 RATHBUN AVENUE,,10312,1,0,1,"4,217","2,133",1970,1,A2,"845,000",02/11/2026
5,HUGUENOT,01 ONE FAMILY DWELLINGS,1,6842,5,,A1,N/A SHELDON AVENUE,,10312,1,0,1,"4,941","2,932",2024,1,A1,"1,456,098",12/22/2025
5,HUGUENOT,01 ONE FAMILY DWELLINGS,1,6842,6,,A1,N/A MARCY AVENUE,,10312,1,0,1,"4,933","2,932",2024,1,A1,"1,430,000",06/24/2025
5,HUGUENOT,01 ONE FAMILY DWELLINGS,1,6842,31,,A2,716 SHELDON AVENUE,,10312,1,0,1,"4,475","2,042",1970,1,A2,0,10/20/2025
5,HUGUENOT,01 ONE FAMILY DWELLINGS,1,6842,56,,A2,753 RENSSELAER AVENUE,,10312,1,0,1,"4,200","2,042",1970,1,A2,10,10/16/2025
5,HUGUENOT,01 ONE FAMILY DWELLINGS,1,6843,46,,A2,662 RATHBUN AVENUE,,10312,1,0,1,"4,120","2,400",1970,1,A2,10,07/08/2025
5,HUGUENOT,01 ONE FAMILY DWELLINGS,1,6843,177,,A2,651 RATHBUN AVENUE,,10312,1,0,1,"4,000","2,180",1970,1,A2,"895,000",08/15/2025
5,HUGUENOT,01 ONE FAMILY DWELLINGS,1,6844,38,,A2,667 RENSSELAER AVENUE,,10312,1,0,1,"4,000","2,242",1970,1,A2,0,12/11/2025
5,HUGUENOT,01 ONE FAMILY DWELLINGS,1,6844,40,,A1,671 RENSSELAER AVENUE,,10312,1,0,1,"4,000","2,442",1970,1,A1,0,01/26/2026
5,HUGUENOT,01 ONE FAMILY DWELLINGS,1,6845,130,,A2,26 DESERRE AVENUE,,10312,1,0,1,"6,050","2,242",1975,1,A2,"850,000",04/11/2025
5,HUGUENOT,01 ONE FAMILY DWELLINGS,1,6848,9,,A2,547 POWELL STREET,,10312,1,0,1,"4,200","1,880",1970,1,A2,"875,000",11/05/2025
5,HUGUENOT,01 ONE FAMILY DWELLINGS,1,6848,25,,A1,517 POWELL STREET,,10312,1,0,1,"6,998","3,456",1970,1,A1,10,01/22/2026
5,HUGUENOT,01 ONE FAMILY DWELLINGS,1,6849,34,,A2,480 HUGUENOT AVENUE,,10312,1,0,1,"5,080","1,596",1965,1,A2,"848,000",06/02/2025
5,HUGUENOT,01 ONE FAMILY DWELLINGS,1,6849,46,,A2,504 HUGUENOT AVENUE,,10312,1,0,1,"5,080","1,696",1965,1,A2,"775,000",02/09/2026
5,HUGUENOT,01 ONE FAMILY DWELLINGS,1,6850,48,,A2,652 SINCLAIR AVENUE,,10312,1,0,1,"4,264","1,820",1965,1,A2,0,11/04/2025
5,HUGUENOT,01 ONE FAMILY DWELLINGS,1,6853,48,,A2,433 VERNON AVENUE,,10309,1,0,1,"8,000",624,1940,1,A2,"1,060,000",04/03/2025
5,HUGUENOT,01 ONE FAMILY DWELLINGS,1,6869,20,,A3,434 DARLINGTON AVENUE,,10309,1,0,1,"6,000","3,588",2014,1,A3,"1,825,000",06/10/2025
5,HUGUENOT,01 ONE FAMILY DWELLINGS,1,6872,57,,A0,1752 CARLTON AVENUE,,10309,1,0,1,"6,800","1,352",1955,1,A0,0,04/30/2025
5,HUGUENOT,01 ONE FAMILY DWELLINGS,1,6873,23,,A1,455 DARLINGTON AVENUE,,10309,1,0,1,"5,000","2,945",2004,1,A1,"1,235,000",11/17/2025
5,HUGUENOT,01 ONE FAMILY DWELLINGS,1,6875,54,,A2,814 LAMONT AVENUE,,10309,1,0,1,"5,364",936,1960,1,A2,"745,000",11/18/2025
5,HUGUENOT,01 ONE FAMILY DWELLINGS,1,6878,34,,A2,299 FOSTER ROAD,,10309,1,0,1,"4,000","1,673",1970,1,A2,"725,000",01/20/2026
5,HUGUENOT,01 ONE FAMILY DWELLINGS,1,6880,23,,A1,882 LAMONT AVENUE,,10309,1,0,1,"12,000","2,815",1978,1,A1,0,08/14/2025
5,HUGUENOT,01 ONE FAMILY DWELLINGS,1,6883,32,,A5,809 RATHBUN AVENUE,,10309,1,0,1,"1,860","1,480",1983,1,A5,0,07/02/2025
5,HUGUENOT,01 ONE FAMILY DWELLINGS,1,6883,36,,A5,850 RENSSELAER AVE,,10309,1,0,1,"3,531","1,120",1983,1,A5,"635,000",03/10/2026
5,HUGUENOT,01 ONE FAMILY DWELLINGS,1,6884,20,,A5,825 RENSSELAER AVENUE,,10309,1,0,1,"1,920","1,480",1983,1,A5,"685,000",04/22/2025
5,HUGUENOT,01 ONE FAMILY DWELLINGS,1,6884,24,,A5,833 RENSSELAER AVENUE,,10309,1,0,1,"2,688","1,480",1983,1,A5,0,08/28/2025
5,HUGUENOT,01 ONE FAMILY DWELLINGS,1,6884,66,,A5,818 SINCLAIR AVENUE,,10309,1,0,1,"2,688","1,120",1983,1,A5,"730,000",08/28/2025
5,HUGUENOT,01 ONE FAMILY DWELLINGS,1,6884,67,,A5,816 SINCLAIR AVENUE,,10309,1,0,1,"1,920","1,554",1983,1,A5,"700,000",12/16/2025
5,HUGUENOT,01 ONE FAMILY DWELLINGS,1,6887,43,,A5,861 RENSSELAER AVENUE,,10309,1,0,1,"1,860","1,480",1983,1,A5,0,04/09/2025
5,HUGUENOT,01 ONE FAMILY DWELLINGS,1,6890,60,,A2,727 STAFFORD AVENUE,,10309,1,0,1,"4,000","1,975",1973,1,A2,"700,000",12/23/2025
5,HUGUENOT,01 ONE FAMILY DWELLINGS,1,6890,62,,A2,731 STAFFORD AVENUE,,10309,1,0,1,"4,000","1,934",1973,1,A2,"835,000",08/19/2025
5,HUGUENOT,02 TWO FAMILY DWELLINGS,1,6143,15,,B2,514 ALVERSON AVENUE,,10309,2,0,2,"17,910","2,860",1990,1,B2,"1,220,000",07/02/2025
5,HUGUENOT,02 TWO FAMILY DWELLINGS,1,6310,9,,B2,562 IONIA AVENUE,,10312,2,0,2,"4,000","1,950",1970,1,B2,0,12/02/2025
5,HUGUENOT,02 TWO FAMILY DWELLINGS,1,6311,23,,B2,516 LAMONT AVENUE,,10312,2,0,2,"8,000","2,700",1985,1,B2,0,10/30/2025
5,HUGUENOT,02 TWO FAMILY DWELLINGS,1,6313,55,,B2,185 RAMONA AVENUE,,10312,2,0,2,"8,000","2,234",1975,1,B2,"1,165,000",10/30/2025
5,HUGUENOT,02 TWO FAMILY DWELLINGS,1,6314,43,,B1,481 RATHBUN AVENUE,,10312,2,0,2,"4,000","2,056",1977,1,B1,0,08/15/2025
5,HUGUENOT,02 TWO FAMILY DWELLINGS,1,6316,61,,B2,549 SHELDON AVENUE,,10312,2,0,2,"4,000","2,110",1985,1,B2,0,10/29/2025
5,HUGUENOT,02 TWO FAMILY DWELLINGS,1,6316,66,,B2,557 SHELDON AVENUE,,10312,2,0,2,"5,000","2,888",1980,1,B2,"250,000",01/30/2026
5,HUGUENOT,02 TWO FAMILY DWELLINGS,1,6317,23,,B2,436 STAFFORD AVENUE,,10312,2,0,2,"4,000","2,259",1985,1,B2,0,04/01/2025
5,HUGUENOT,02 TWO FAMILY DWELLINGS,1,6319,39,,B2,445 VINELAND AVENUE,,10312,2,0,2,"10,000","3,504",1992,1,B2,0,01/15/2026
5,HUGUENOT,02 TWO FAMILY DWELLINGS,1,6324,95,,B2,268 BENNETT AVENUE,,10312,2,0,2,"10,000","3,736",1980,1,B2,0,08/13/2025
5,HUGUENOT,02 TWO FAMILY DWELLINGS,1,6324,118,,B2,267 BENNETT AVENUE,,10312,2,0,2,"8,600","3,280",1980,1,B2,"1,200,000",02/10/2026
5,HUGUENOT,02 TWO FAMILY DWELLINGS,1,6324,173,,B2,199 DOWNES AVENUE,,10312,2,0,2,"10,376","4,200",1997,1,B2,"1,705,000",10/27/2025
5,HUGUENOT,02 TWO FAMILY DWELLINGS,1,6333,75,,B2,251 DARLINGTON AVENUE,,10312,2,0,2,"10,000","2,320",1985,1,B2,0,11/21/2025
5,HUGUENOT,02 TWO FAMILY DWELLINGS,1,6333,120,,B2,200 DARLINGTON AVENUE,,10312,2,0,2,"5,800","3,000",1990,1,B2,0,12/17/2025
5,HUGUENOT,02 TWO FAMILY DWELLINGS,1,6336,1,,B2,645 LAMONT AVENUE,,10312,2,0,2,"4,687","2,080",2011,1,B2,"1,250,000",01/29/2026
5,HUGUENOT,02 TWO FAMILY DWELLINGS,1,6339,41,,B2,595 SHELDON AVENUE,,10312,2,0,2,"5,200","2,568",1970,1,B2,"1,120,000",09/23/2025
5,HUGUENOT,02 TWO FAMILY DWELLINGS,1,6340,51,,B1,517 STAFFORD AVENUE,,10312,2,0,2,"6,000","2,436",1975,1,B1,0,05/06/2025
5,HUGUENOT,02 TWO FAMILY DWELLINGS,1,6570,4,,B2,51 KINGDOM AVENUE,,10312,2,0,2,"4,538","2,716",2024,1,B2,"1,354,273",09/02/2025
5,HUGUENOT,02 TWO FAMILY DWELLINGS,1,6570,57,,B2,N/A STECHER STREET,,10309,2,0,2,"4,000","2,400",2024,1,B2,"1,221,900",10/29/2025
5,HUGUENOT,02 TWO FAMILY DWELLINGS,1,6583,1,,B2,99 PRALL AVENUE,,10312,2,0,2,"4,120","2,112",1970,1,B2,0,10/20/2025
5,HUGUENOT,02 TWO FAMILY DWELLINGS,1,6583,39,,B2,1000 HUGUENOT AVENUE,,10312,2,0,2,"5,000","3,757",2004,1,B2,0,12/29/2025
5,HUGUENOT,02 TWO FAMILY DWELLINGS,1B,6815,116,,V0,128 HAWLEY AVENUE,,10312,0,0,0,"1,986",0,1975,1,B1,"1,450,000",08/08/2025
5,HUGUENOT,02 TWO FAMILY DWELLINGS,1,6817,20,,B2,31 WEST TERRACE,,10312,2,0,2,"3,800","2,017",2023,1,B2,"1,335,000",04/04/2025
5,HUGUENOT,02 TWO FAMILY DWELLINGS,1,6817,52,,B2,1260 DRUMGOOLE ROAD EAST,,10312,2,0,2,"4,000","2,500",1998,1,B2,"1,090,000",07/31/2025
5,HUGUENOT,02 TWO FAMILY DWELLINGS,1,6817,59,,B2,1248 DRUMGOOLE ROAD EAST,,10312,2,0,2,"4,000","2,488",1998,1,B2,0,04/08/2025
5,HUGUENOT,02 TWO FAMILY DWELLINGS,1,6821,18,,B2,27 ASHLAND AVENUE EAST,,10312,2,0,2,"4,000","2,352",1970,1,B2,"997,000",02/04/2026
5,HUGUENOT,02 TWO FAMILY DWELLINGS,1,6821,63,,B2,86 WEST TERRACE,,10312,2,0,2,"4,000","2,158",1970,1,B2,0,04/07/2025
5,HUGUENOT,02 TWO FAMILY DWELLINGS,1,6827,52,,B2,30 CARLTON COURT,,10312,2,0,2,"5,794","3,114",2004,1,B2,"1,250,000",07/15/2025
5,HUGUENOT,02 TWO FAMILY DWELLINGS,1,6828,14,,B2,288 DARLINGTON AVENUE,,10312,2,0,2,"4,676","2,380",2004,1,B2,0,05/17/2025
5,HUGUENOT,02 TWO FAMILY DWELLINGS,1,6828,50,,B2,1540 DRUMGOOLE ROAD WEST,,10312,2,0,2,"4,118","2,292",2004,1,B2,"1,150,000",08/12/2025
5,HUGUENOT,02 TWO FAMILY DWELLINGS,1,6830,24,,B1,354 DARLINGTON AVENUE,,10312,2,0,2,"8,000","2,880",1965,1,B1,0,11/20/2025
5,HUGUENOT,02 TWO FAMILY DWELLINGS,1,6830,30,,B2,N/A DARLINGTON AVENUE,,10312,2,0,2,"4,000","2,469",2024,1,B2,"1,308,451",05/16/2025
5,HUGUENOT,02 TWO FAMILY DWELLINGS,1,6830,49,,B1,1594 DRUMGOOLE ROAD WEST,,10312,2,0,2,"6,000","2,576",1965,1,B1,"900,000",10/23/2025
5,HUGUENOT,02 TWO FAMILY DWELLINGS,1,6831,31,,B2,712 EDGEGROVE AVENUE,,10312,2,0,2,"8,000","2,800",1980,1,B2,0,05/19/2025
5,HUGUENOT,02 TWO FAMILY DWELLINGS,1,6833,22,,B2,800 EDGEGROVE AVENUE,,10312,2,0,2,"7,083","4,070",1991,1,B2,0,08/05/2025
5,HUGUENOT,02 TWO FAMILY DWELLINGS,1,6834,63,,B2,821 EDGEGROVE AVENUE,,10312,2,0,2,"4,166","2,230",2011,1,B2,"1,015,051",06/18/2025
5,HUGUENOT,02 TWO FAMILY DWELLINGS,1,6843,65,,B2,618 RATHBUN AVENUE,,10312,2,0,2,"3,844","1,993",2014,1,B2,"1,138,888",02/05/2026
5,HUGUENOT,02 TWO FAMILY DWELLINGS,1,6845,9,,B1,761 SHELDON AVENUE,,10312,2,0,2,"9,983","5,112",1980,1,B1,0,06/10/2025
5,HUGUENOT,02 TWO FAMILY DWELLINGS,1,6846,8,,B2,49 DESERRE AVE,,10312,2,0,2,"4,200","2,600",1970,1,B2,1,06/12/2025
5,HUGUENOT,02 TWO FAMILY DWELLINGS,1,6847,34,,B2,516 POWELL STREET,,10312,2,0,2,"5,600","2,622",1965,1,B2,"1,280,000",10/03/2025
5,HUGUENOT,02 TWO FAMILY DWELLINGS,1,6875,14,,B2,835 IONIA AVENUE,,10309,2,0,2,"10,000","3,504",1975,1,B2,0,05/08/2025
5,HUGUENOT,02 TWO FAMILY DWELLINGS,1B,6875,14,,V0,835 IONIA AVENUE,,10309,0,0,0,"5,000",0,1975,1,B2,0,06/07/2025
5,HUGUENOT,02 TWO FAMILY DWELLINGS,1B,6875,14,,V0,835 IONIA AVENUE,,10309,0,0,0,"5,000",0,1975,1,B2,"1,180,000",08/05/2025
5,HUGUENOT,02 TWO FAMILY DWELLINGS,1,6875,23,,B2,N/A IONIA AVENUE,,10309,2,0,2,"5,000","3,219",2024,1,B2,0,07/02/2025
5,HUGUENOT,02 TWO FAMILY DWELLINGS,1,6875,24,,B2,N/A IONIA AVENUE,,10309,2,0,2,"5,000","3,240",2024,1,B2,"1,629,200",07/03/2025
5,HUGUENOT,02 TWO FAMILY DWELLINGS,1,6878,59,,B2,930 EDGEGROVE AVENUE,,10309,2,0,2,"9,700","3,500",2002,1,B2,0,12/03/2025
5,HUGUENOT,02 TWO FAMILY DWELLINGS,1,6879,45,,B1,925 EDGEGROVE AVENUE,,10309,2,0,2,"9,994","3,920",1980,1,B1,0,02/07/2026
5,HUGUENOT,02 TWO FAMILY DWELLINGS,1,6882,23,,B2,479 RAMONA AVENUE,,10309,2,0,2,"6,000","2,608",1983,1,B2,"1,100,000",08/21/2025
5,HUGUENOT,02 TWO FAMILY DWELLINGS,1,6882,26,,B2,487 RAMONA AVENUE,,10309,2,0,2,"5,568","2,608",1983,1,B2,0,06/18/2025
5,HUGUENOT,02 TWO FAMILY DWELLINGS,1,6885,41,,B2,515 RAMONA AVENUE,,10309,2,0,2,"6,555","3,499",1983,1,B2,"587,500",06/30/2025
5,HUGUENOT,02 TWO FAMILY DWELLINGS,1,6886,58,,B2,859 RATHBUN AVENUE,,10309,2,0,2,"4,385","2,376",2006,1,B2,"1,330,000",12/18/2025
5,HUGUENOT,02 TWO FAMILY DWELLINGS,1,6888,12,,B2,896 SINCLAIR AVENUE,,10309,2,0,2,"4,000","2,228",1960,1,B2,10,07/17/2025
5,HUGUENOT,02 TWO FAMILY DWELLINGS,1,6888,20,,B2,880 SINCLAIR AVENUE,,10309,2,0,2,"4,100","2,228",1960,1,B2,"900,000",01/28/2026
5,HUGUENOT,02 TWO FAMILY DWELLINGS,1,6892,40,,B2,780 STAFFORD AVENUE,,10309,2,0,2,"4,488","2,736",1984,1,B2,"637,000",11/26/2025
5,HUGUENOT,02 TWO FAMILY DWELLINGS,1,6892,44,,B2,839 SINCLAIR AVENUE,,10309,2,0,2,"3,441","2,736",1984,1,B2,"1,125,000",12/11/2025
5,HUGUENOT,02 TWO FAMILY DWELLINGS,1,6892,54,,B2,867 SINCLAIR AVENUE,,10309,2,0,2,"3,348","2,736",1984,1,B2,"880,000",02/26/2026
5,HUGUENOT,02 TWO FAMILY DWELLINGS,1,6894,1,,B2,593 FOSTER ROAD,,10309,2,0,2,"7,285","3,504",1970,1,B2,"1,275,000",10/06/2025
5,HUGUENOT,05 TAX CLASS 1 VACANT LAND,1B,6310,11,,V0,N/A IONIA AVENUE,,10312,0,0,0,"4,000",0,,1,V0,0,12/02/2025
5,HUGUENOT,05 TAX CLASS 1 VACANT LAND,1B,6815,114,,V0,N/A AMBOY ROAD,,10312,0,0,0,"3,649",0,,1,V0,"1,450,000",08/08/2025
5,HUGUENOT,05 TAX CLASS 1 VACANT LAND,1B,6853,50,,V0,N/A VERNON AVENUE,,10309,0,0,0,"8,000",0,,1,V0,"1,060,000",04/03/2025
5,HUGUENOT,05 TAX CLASS 1 VACANT LAND,1,6894,3,,Z0,N/A RAMAPO AVENUE,,10309,0,0,0,"4,000",0,,1,V0,"1,275,000",10/06/2025
5,LA TOURETTE PARK,22 STORE BUILDINGS,4,2359,300,,K3,2975 RICHMOND AVENUE,,10314,0,1,1,"381,500","142,419",1995,4,K3,"37,605,875",05/22/2025
5,LIVINGSTON,01 ONE FAMILY DWELLINGS,1,70,34,,A1,12 CLINTON AVE,,10301,1,0,1,"1,548","1,450",1901,1,A1,"2,000",05/30/2025
5,LIVINGSTON,01 ONE FAMILY DWELLINGS,1,72,21,,A5,109 TYSEN STREET,,10301,1,0,1,"2,260","1,230",1999,1,A5,"660,000",10/08/2025
5,LIVINGSTON,01 ONE FAMILY DWELLINGS,1,72,96,,A5,116 TYSEN STREET,,10301,1,0,1,"4,824","1,545",1910,1,A5,"400,000",05/30/2025
5,LIVINGSTON,01 ONE FAMILY DWELLINGS,1,72,96,,A5,116 TYSEN STREET,,10301,1,0,1,"4,824","1,545",1910,1,A5,"837,730",04/15/2025
5,LIVINGSTON,01 ONE FAMILY DWELLINGS,1,74,49,,A3,N/A CLINTON AVENUE,,10301,1,0,1,"5,300","2,597",2023,1,A3,"425,000",11/12/2025
5,LIVINGSTON,01 ONE FAMILY DWELLINGS,1,74,51,,A3,N/A CLINTON AVENUE,,10301,1,0,1,"6,836","2,597",2024,1,A3,"425,000",11/12/2025
5,LIVINGSTON,01 ONE FAMILY DWELLINGS,1,78,53,,A1,36 AMELIA COURT,,10310,1,0,1,"5,664","1,568",1920,1,A1,"860,000",09/30/2025
5,LIVINGSTON,01 ONE FAMILY DWELLINGS,1,78,69,,A1,77 BARD AVENUE,,10310,1,0,1,"7,500","2,428",1905,1,A1,"679,938",01/08/2026
5,LIVINGSTON,01 ONE FAMILY DWELLINGS,1,78,97,,A3,110 KISSEL AVENUE,,10310,1,0,1,"5,720","3,060",1950,1,A3,"1,025,000",01/29/2026
5,LIVINGSTON,01 ONE FAMILY DWELLINGS,1,78,165,,A1,32 LINDEN STREET,,10310,1,0,1,"5,250","1,536",1930,1,A1,"810,500",05/28/2025
5,LIVINGSTON,01 ONE FAMILY DWELLINGS,1,78,318,,A2,39 LINDEN STREET,,10310,1,0,1,"4,000","1,178",1950,1,A2,"658,000",08/20/2025
5,LIVINGSTON,01 ONE FAMILY DWELLINGS,1,138,65,,A1,12 LIVINGSTON COURT,,10310,1,0,1,"3,630","1,955",1925,1,A1,"755,000",09/05/2025
5,LIVINGSTON,01 ONE FAMILY DWELLINGS,1,138,70,,A2,2 LIVINGSTON COURT,,10310,1,0,1,"5,600","1,925",1960,1,A2,"525,000",08/15/2025
5,LIVINGSTON,01 ONE FAMILY DWELLINGS,1,138,88,,A2,23 LIVINGSTON COURT,,10310,1,0,1,"3,552",712,1955,1,A2,"550,000",08/05/2025
5,LIVINGSTON,01 ONE FAMILY DWELLINGS,1,138,93,,A1,29 LIVINGSTON COURT,,10310,1,0,1,"4,800","1,638",1925,1,A1,"730,000",06/26/2025
5,LIVINGSTON,01 ONE FAMILY DWELLINGS,1,138,187,,A1,2 CURTIS COURT,,10310,1,0,1,"4,000","1,387",1925,1,A1,"707,000",08/01/2025
5,LIVINGSTON,01 ONE FAMILY DWELLINGS,1,138,228,,A1,165 DAVIS AVENUE,,10310,1,0,1,"3,434","1,500",1925,1,A1,"662,000",11/13/2025
5,LIVINGSTON,01 ONE FAMILY DWELLINGS,1,138,381,,A2,11 CURTIS COURT,,10310,1,0,1,"5,000","1,196",1955,1,A2,"750,000",02/19/2026
5,LIVINGSTON,01 ONE FAMILY DWELLINGS,1,149,143,,A1,95 PELTON AVENUE,,10310,1,0,1,"3,515","1,800",1925,1,A1,"710,000",09/25/2025
5,LIVINGSTON,01 ONE FAMILY DWELLINGS,1,149,159,,A1,65 PELTON AVENUE,,10310,1,0,1,"3,515","1,512",1925,1,A1,"625,000",10/31/2025
5,LIVINGSTON,01 ONE FAMILY DWELLINGS,1,149,203,,A1,158 DAVIS AVENUE,,10310,1,0,1,"15,400","2,550",1905,1,A1,"920,000",06/12/2025
5,LIVINGSTON,01 ONE FAMILY DWELLINGS,1,149,214,,A1,182 DAVIS AVENUE,,10310,1,0,1,"9,563","3,895",1932,1,A1,0,12/12/2025
5,LIVINGSTON,01 ONE FAMILY DWELLINGS,1,149,217,,A1,188 DAVIS AVENUE,,10310,1,0,1,"14,300","2,774",1905,1,A1,"890,000",02/09/2026
5,LIVINGSTON,01 ONE FAMILY DWELLINGS,1,150,27,,A2,36 PELTON AVENUE,,10310,1,0,1,"3,936",960,1955,1,A2,"500,000",05/08/2025
5,LIVINGSTON,01 ONE FAMILY DWELLINGS,1,150,38,,A1,52 PELTON AVENUE,,10310,1,0,1,"3,936","1,788",1920,1,A1,"618,000",01/21/2026
5,LIVINGSTON,01 ONE FAMILY DWELLINGS,1,150,182,,A5,7 HOWARD COURT,,10310,1,0,1,"3,630","1,256",1925,1,A5,"620,000",11/05/2025
5,LIVINGSTON,01 ONE FAMILY DWELLINGS,1,150,323,,A5,117 BEMENT COURT,,10310,1,0,1,"1,890","1,200",1992,1,A5,"505,000",04/15/2025
5,LIVINGSTON,01 ONE FAMILY DWELLINGS,1,150,406,,A5,28 ELIZABETH AVENUE,,10310,1,0,1,"2,996","1,822",1930,1,A5,"700,000",06/25/2025
5,LIVINGSTON,02 TWO FAMILY DWELLINGS,1,150,161,,B2,21 ELIZABETH AVENUE,,10310,2,0,2,"4,455","2,184",1960,1,B2,"890,000",02/06/2026
5,LIVINGSTON,02 TWO FAMILY DWELLINGS,1,150,180,,B3,9 HOWARD COURT,,10310,2,0,2,"3,480","1,484",1925,1,B3,0,11/14/2025
5,LIVINGSTON,02 TWO FAMILY DWELLINGS,1,150,273,,B9,175 BEMENT AVENUE,,10310,2,0,2,"3,538","2,014",1930,1,B9,"635,000",10/24/2025
5,LIVINGSTON,05 TAX CLASS 1 VACANT LAND,1B,149,84,,V0,N/A ARLINGTON COURT,,10310,0,0,0,"4,574",0,,1,V0,0,04/08/2025
5,LIVINGSTON,07 RENTALS - WALKUP APARTMENTS,2A,149,209,,C3,172 DAVIS AVENUE,,10310,4,0,4,"20,900","3,572",1931,2,C3,0,07/10/2025
5,LIVINGSTON,07 RENTALS - WALKUP APARTMENTS,2A,149,456,,C3,7 ARLINGTON COURT,,10310,4,0,4,"7,840","5,200",1931,2,C3,0,04/08/2025
5,LIVINGSTON,09 COOPS - WALKUP APARTMENTS,2,138,119,,C6,"146 BARD AVENUE, 23B",,10310,,,,,,1947,2,C6,"320,000",09/17/2025
5,LIVINGSTON,09 COOPS - WALKUP APARTMENTS,2,138,119,,C6,"150 BARD AVE, 17B",,10310,,,,,,1947,2,C6,"290,000",04/28/2025
5,LIVINGSTON,09 COOPS - WALKUP APARTMENTS,2,138,119,,C6,"162 BARD AVE, 2B",,10310,,,,,,1947,2,C6,"249,000",10/31/2025
5,LIVINGSTON,09 COOPS - WALKUP APARTMENTS,2,138,119,,C6,"162 BARD AVENUE, 1B",,10310,,,,,,1947,2,C6,"275,000",07/10/2025
5,MANOR HEIGHTS,01 ONE FAMILY DWELLINGS,1,689,416,,A1,132 FINE BOULEVARD,,10314,1,0,1,"4,000","1,614",1975,1,A1,0,06/19/2025
5,MANOR HEIGHTS,01 ONE FAMILY DWELLINGS,1,689,443,,A1,554 VALLEYVIEW PLACE,,10314,1,0,1,"6,200","2,960",1970,1,A1,"1,888,000",10/20/2025
5,MANOR HEIGHTS,01 ONE FAMILY DWELLINGS,1,690,9,,A3,20 MOTLEY AVE,,10314,1,0,1,"9,160","3,888",1996,1,A3,0,08/14/2025
5,MANOR HEIGHTS,01 ONE FAMILY DWELLINGS,1,690,109,,A2,30 ATHENA PLACE,,10314,1,0,1,"4,074","2,048",1965,1,A2,0,07/17/2025
5,MANOR HEIGHTS,01 ONE FAMILY DWELLINGS,1,690,340,,A2,12 SCHMIDTS LANE,,10314,1,0,1,"3,920","1,118",1955,1,A2,0,10/15/2025
5,MANOR HEIGHTS,01 ONE FAMILY DWELLINGS,1,690,380,,A2,117 MELHORN ROAD,,10314,1,0,1,"3,936","1,238",1955,1,A2,0,04/10/2025
5,MANOR HEIGHTS,01 ONE FAMILY DWELLINGS,1,690,403,,A1,468 SLOSSON AVENUE,,10314,1,0,1,"4,855","2,016",1970,1,A1,0,01/30/2026
5,MANOR HEIGHTS,01 ONE FAMILY DWELLINGS,1,694,354,,A1,426 SLOSSON AVENUE,,10314,1,0,1,"5,000","2,623",1960,1,A1,"1,225,000",08/26/2025
5,MANOR HEIGHTS,01 ONE FAMILY DWELLINGS,1,696,10,,A2,83 OCEAN TERRACE,,10314,1,0,1,"5,795","1,794",1970,1,A2,"1,150,000",05/16/2025
5,MANOR HEIGHTS,01 ONE FAMILY DWELLINGS,1,696,29,,A1,120 BOLIVAR STREET,,10314,1,0,1,"10,716","1,754",1975,1,A1,"1,011,000",12/01/2025
5,MANOR HEIGHTS,01 ONE FAMILY DWELLINGS,1,696,190,,A1,115 BOLIVAR STREET,,10314,1,0,1,"5,890","2,148",1975,1,A1,"1,200,000",05/12/2025
5,MANOR HEIGHTS,01 ONE FAMILY DWELLINGS,1,696,199,,A1,95 BOLIVAR STREET,,10314,1,0,1,"5,700","2,316",1970,1,A1,"1,450,000",11/14/2025
5,MANOR HEIGHTS,01 ONE FAMILY DWELLINGS,1,696,280,,A3,108 LINCOLN STREET,,10314,1,0,1,"5,700","2,984",1975,1,A3,"980,000",10/15/2025
5,MANOR HEIGHTS,01 ONE FAMILY DWELLINGS,1,696,348,,A1,102 TILLMAN STREET,,10314,1,0,1,"6,231","2,148",1975,1,A1,0,11/19/2025
5,MANOR HEIGHTS,01 ONE FAMILY DWELLINGS,1,697,31,,A2,50 BOLIVAR STREET,,10314,1,0,1,"4,000",960,1960,1,A2,0,08/06/2025
5,MANOR HEIGHTS,01 ONE FAMILY DWELLINGS,1,698,77,,A2,11 BOLIVAR STREET,,10314,1,0,1,"4,000",912,1965,1,A2,"710,000",11/20/2025
5,MANOR HEIGHTS,01 ONE FAMILY DWELLINGS,1,699,65,,A1,33 CROAK AVENUE,,10314,1,0,1,"4,000","2,392",1960,1,A1,0,05/16/2025
5,MANOR HEIGHTS,01 ONE FAMILY DWELLINGS,1,700,15,,A5,74 AREA PLACE,,10314,1,0,1,"1,773","1,080",2005,1,A5,0,07/24/2025
5,MANOR HEIGHTS,01 ONE FAMILY DWELLINGS,1,700,17,,A5,70 AREA PLACE,,10314,1,0,1,"1,773","1,080",2005,1,A5,"668,000",07/02/2025
5,MANOR HEIGHTS,01 ONE FAMILY DWELLINGS,1,701,18,,A5,26 NORWALK AVE,,10314,1,0,1,"2,401","1,434",2014,1,A5,"850,000",08/08/2025
5,MANOR HEIGHTS,01 ONE FAMILY DWELLINGS,1,701,40,,A5,140 LA GUARDIA AVENUE,,10314,1,0,1,"2,071","1,148",1975,1,A5,0,11/24/2025
5,MANOR HEIGHTS,01 ONE FAMILY DWELLINGS,1,702,62,,A5,15 AREA PLACE,,10314,1,0,1,"2,352","1,110",1960,1,A5,"625,000",04/15/2025
5,MANOR HEIGHTS,01 ONE FAMILY DWELLINGS,1,703,38,,A5,33 FRANKLIN PLACE,,10314,1,0,1,"3,040",896,1950,1,A5,"575,000",02/02/2026
5,MANOR HEIGHTS,01 ONE FAMILY DWELLINGS,1,705,84,,A1,40 ANDES PLACE,,10314,1,0,1,"5,640","2,184",1975,1,A1,0,06/11/2025
5,MANOR HEIGHTS,01 ONE FAMILY DWELLINGS,1,705,84,,A1,40 ANDES PLACE,,10314,1,0,1,"5,640","2,184",1975,1,A1,0,12/23/2025
5,MANOR HEIGHTS,01 ONE FAMILY DWELLINGS,1,705,99,,A1,10 ANDES PLACE,,10314,1,0,1,"6,120","2,184",1975,1,A1,0,12/03/2025
5,MANOR HEIGHTS,01 ONE FAMILY DWELLINGS,1,705,109,,A2,306 TODT HILL ROAD,,10314,1,0,1,"9,270","2,359",1975,1,A2,"775,000",12/11/2025
5,MANOR HEIGHTS,01 ONE FAMILY DWELLINGS,1,705,147,,A2,216 WESTWOOD AVENUE,,10314,1,0,1,"5,670","2,100",1975,1,A2,0,10/09/2025
5,MANOR HEIGHTS,01 ONE FAMILY DWELLINGS,1,705,150,,A2,208 WESTWOOD AVENUE,,10314,1,0,1,"5,824","2,100",1975,1,A2,0,05/15/2025
5,MANOR HEIGHTS,01 ONE FAMILY DWELLINGS,1,705,179,,A1,284 TODT HILL ROAD,,10314,1,0,1,"7,616","2,136",1975,1,A1,"1,210,000",01/23/2026
5,MANOR HEIGHTS,01 ONE FAMILY DWELLINGS,1,705,210,,A1,44 POLAND PLACE,,10314,1,0,1,"5,500","2,304",1975,1,A1,0,10/09/2025
5,MANOR HEIGHTS,01 ONE FAMILY DWELLINGS,1,705,224,,A2,16 POLAND PLACE,,10314,1,0,1,"4,000","2,304",1975,1,A2,"880,000",08/05/2025
5,MANOR HEIGHTS,01 ONE FAMILY DWELLINGS,1,705,362,,A2,172 TODT HILL ROAD,,10314,1,0,1,"4,840","2,132",1975,1,A2,"500,000",11/21/2025
5,MANOR HEIGHTS,01 ONE FAMILY DWELLINGS,1,714,149,,A1,3 MELBA STREET,,10314,1,0,1,"3,472","2,388",1975,1,A1,"999,000",02/02/2026
5,MANOR HEIGHTS,01 ONE FAMILY DWELLINGS,1,752,139,,A2,137 FANNING STREET,,10314,1,0,1,"4,830","1,386",1960,1,A2,"15,000",04/01/2025
5,MANOR HEIGHTS,01 ONE FAMILY DWELLINGS,1,752,488,,A1,241 FANNING STREET,,10314,1,0,1,"5,565","1,600",1965,1,A1,"1,140,000",05/07/2025
5,MANOR HEIGHTS,01 ONE FAMILY DWELLINGS,1,756,1,,A5,372 GOWER STREET,,10314,1,0,1,"2,700","1,344",1975,1,A5,"750,000",06/24/2025
5,MANOR HEIGHTS,01 ONE FAMILY DWELLINGS,1,756,19,,A5,353 MELBA STREET,,10314,1,0,1,"2,856","1,216",1975,1,A5,0,04/25/2025
5,MANOR HEIGHTS,01 ONE FAMILY DWELLINGS,1,756,42,,A5,344 GOWER STREET,,10314,1,0,1,"2,754","1,216",1975,1,A5,"750,000",08/06/2025
5,MANOR HEIGHTS,01 ONE FAMILY DWELLINGS,1,757,13,,A1,125 QUEEN STREET,,10314,1,0,1,"6,000","1,725",1975,1,A1,"731,000",05/29/2025
5,MANOR HEIGHTS,01 ONE FAMILY DWELLINGS,1,759,75,,A1,179 MOUNTAINVIEW AVE,,10314,1,0,1,"4,720","1,200",1920,1,A1,"850,000",02/13/2026
5,MANOR HEIGHTS,01 ONE FAMILY DWELLINGS,1,760,84,,A0,177 GANSEVOORT BLVD,,10314,1,0,1,"6,105","1,000",1955,1,A0,0,04/03/2025
5,MANOR HEIGHTS,01 ONE FAMILY DWELLINGS,1,761,19,,A0,192 GANSEVOORT BOULEVARD,,10314,1,0,1,"4,880","1,000",1955,1,A0,"810,000",09/15/2025
5,MANOR HEIGHTS,01 ONE FAMILY DWELLINGS,1,761,20,,A0,196 GANSEVOORT BOULEVARD,,10314,1,0,1,"4,880","1,336",1955,1,A0,"550,000",12/05/2025
5,MANOR HEIGHTS,01 ONE FAMILY DWELLINGS,1,762,47,,A5,521 WESTWOOD AVENUE,,10314,1,0,1,"3,570","1,656",1970,1,A5,0,01/19/2026
5,MANOR HEIGHTS,01 ONE FAMILY DWELLINGS,1,762,47,,A5,521 WESTWOOD AVENUE,,10314,1,0,1,"3,570","1,656",1970,1,A5,"830,000",12/22/2025
5,MANOR HEIGHTS,01 ONE FAMILY DWELLINGS,1,763,14,,A1,37 SUFFOLK AVENUE,,10314,1,0,1,"5,960","2,112",1950,1,A1,0,05/08/2025
5,MANOR HEIGHTS,01 ONE FAMILY DWELLINGS,1,763,132,,A0,273 GANSEVOORT BOULEVARD,,10314,1,0,1,"4,200","1,105",1950,1,A0,"665,000",08/05/2025
5,MANOR HEIGHTS,01 ONE FAMILY DWELLINGS,1,764,33,,A2,181 PERRY AVENUE,,10314,1,0,1,"7,440","1,680",1955,1,A2,"1,175,000",12/15/2025
5,MANOR HEIGHTS,01 ONE FAMILY DWELLINGS,1,765,75,,A5,222 PERRY AVENUE,,10314,1,0,1,"3,175","1,280",1965,1,A5,0,10/23/2025
5,MANOR HEIGHTS,01 ONE FAMILY DWELLINGS,1,765,79,,A5,226 PERRY AVENUE,,10314,1,0,1,"3,175","1,280",1965,1,A5,"730,000",05/01/2025
5,MANOR HEIGHTS,01 ONE FAMILY DWELLINGS,1,766,51,,A5,180 WHEELER AVENUE,,10314,1,0,1,"1,416","1,554",1989,1,A5,0,09/30/2025
5,MANOR HEIGHTS,01 ONE FAMILY DWELLINGS,1,768,13,,A0,45 GRAVES STREET,,10314,1,0,1,"4,000",816,1945,1,A0,0,06/11/2025
5,MANOR HEIGHTS,01 ONE FAMILY DWELLINGS,1,768,23,,A0,15 GRAVES STREET,,10314,1,0,1,"4,800","1,020",1945,1,A0,"223,324",09/08/2025
5,MANOR HEIGHTS,01 ONE FAMILY DWELLINGS,1,770,1,,S1,303 BRADLEY AVENUE,,10314,1,1,2,"4,520","2,400",1920,1,S1,0,12/10/2025
5,MANOR HEIGHTS,01 ONE FAMILY DWELLINGS,1,770,45,,A5,14 WELLBROOK AVENUE,,10314,1,0,1,"1,900","1,335",2006,1,A5,0,10/16/2025
5,MANOR HEIGHTS,01 ONE FAMILY DWELLINGS,1,770,48,,A5,22 WELLBROOK AVENUE,,10314,1,0,1,"1,900","1,200",2005,1,A5,0,10/16/2025
5,MANOR HEIGHTS,01 ONE FAMILY DWELLINGS,1,796,51,,A5,397 ELVIN STREET,,10314,1,0,1,"2,520","1,400",1975,1,A5,"775,000",08/11/2025
5,MANOR HEIGHTS,01 ONE FAMILY DWELLINGS,1,796,53,,A5,391 ELVIN STREET,,10314,1,0,1,"2,520","1,400",1975,1,A5,"760,000",11/12/2025
5,MANOR HEIGHTS,01 ONE FAMILY DWELLINGS,1,797,1,,A1,387 FANNING STREET,,10314,1,0,1,"5,300","2,048",1970,1,A1,0,05/20/2025
5,MANOR HEIGHTS,01 ONE FAMILY DWELLINGS,1,797,1,,A1,387 FANNING STREET,,10314,1,0,1,"5,300","2,048",1970,1,A1,"1,025,000",04/24/2025
5,MANOR HEIGHTS,01 ONE FAMILY DWELLINGS,1,800,8,,A9,468 FANNING STREET,,10314,1,0,1,"2,500","2,050",1988,1,A9,0,08/27/2025
5,MANOR HEIGHTS,01 ONE FAMILY DWELLINGS,1,801,89,,A1,485 MOUNTAINVIEW AVENUE,,10314,1,0,1,"4,960","1,876",1970,1,A1,0,01/30/2026
5,MANOR HEIGHTS,01 ONE FAMILY DWELLINGS,1,801,101,,A1,461 MOUNTAINVIEW AVENUE,,10314,1,0,1,"5,223","1,876",1970,1,A1,10,04/09/2025
5,MANOR HEIGHTS,01 ONE FAMILY DWELLINGS,1,801,254,,A5,476 GOWER STREET,,10314,1,0,1,"1,260","1,806",1991,1,A5,"615,000",05/21/2025
5,MANOR HEIGHTS,01 ONE FAMILY DWELLINGS,1,802,100,,A1,25 MONROE PLACE,,10314,1,0,1,"4,100","2,170",1970,1,A1,"965,000",07/24/2025
5,MANOR HEIGHTS,01 ONE FAMILY DWELLINGS,1,803,9,,A5,269 LIVINGSTON AVENUE,,10314,1,0,1,"2,720",856,1986,1,A5,"390,000",07/03/2025
5,MANOR HEIGHTS,01 ONE FAMILY DWELLINGS,1,804,296,,A1,412 MOUNTAINVIEW AVENUE,,10314,1,0,1,"4,000","2,133",1965,1,A1,"250,000",07/17/2025
5,MANOR HEIGHTS,01 ONE FAMILY DWELLINGS,1,805,32,,A2,440 GANSEVOORT BOULEVARD,,10314,1,0,1,"4,000",912,1955,1,A2,0,04/22/2025
5,MANOR HEIGHTS,01 ONE FAMILY DWELLINGS,1,805,38,,A1,165 PORTAGE AVENUE,,10314,1,0,1,"4,920","1,932",1970,1,A1,0,01/20/2026
5,MANOR HEIGHTS,01 ONE FAMILY DWELLINGS,1,807,32,,A5,152 SUFFOLK AVENUE,,10314,1,0,1,"2,302","1,913",1996,1,A5,"875,000",12/03/2025
5,MANOR HEIGHTS,01 ONE FAMILY DWELLINGS,1,808,58,,A5,27 DUKE PLACE,,10314,1,0,1,"2,325","1,216",1970,1,A5,"750,000",01/21/2026
5,MANOR HEIGHTS,01 ONE FAMILY DWELLINGS,1,808,62,,A5,35 DUKE PLACE,,10314,1,0,1,"2,373","1,204",1970,1,A5,"719,999",07/15/2025
5,MANOR HEIGHTS,01 ONE FAMILY DWELLINGS,1,808,129,,A2,349 GANSEVOORT BOULEVARD,,10314,1,0,1,"4,000","1,080",1960,1,A2,0,11/07/2025
5,MANOR HEIGHTS,01 ONE FAMILY DWELLINGS,1,808,135,,A2,337 GANSEVOORT BOULEVARD,,10314,1,0,1,"4,000","1,080",1960,1,A2,"850,000",11/24/2025
5,MANOR HEIGHTS,01 ONE FAMILY DWELLINGS,1,809,13,,A5,85 GRAVES STREET,,10314,1,0,1,"2,000","1,200",2014,1,A5,"736,000",08/11/2025
5,MANOR HEIGHTS,01 ONE FAMILY DWELLINGS,1,812,17,,A5,236 QUEEN STREET,,10314,1,0,1,"2,477","1,396",1997,1,A5,"871,000",12/02/2025
5,MANOR HEIGHTS,01 ONE FAMILY DWELLINGS,1,812,43,,A2,150 LIVINGSTON AVENUE,,10314,1,0,1,"4,000","1,680",1970,1,A2,"998,888",12/09/2025
5,MANOR HEIGHTS,01 ONE FAMILY DWELLINGS,1,815,11,,A5,184 LIVINGSTON AVENUE,,10314,1,0,1,"2,000","1,200",2000,1,A5,"680,000",07/10/2025
5,MANOR HEIGHTS,01 ONE FAMILY DWELLINGS,1,818,22,,A5,252A LIVINGSTON AVENUE,,10314,1,0,1,"2,000",900,2000,1,A5,"680,000",05/15/2025
5,MANOR HEIGHTS,01 ONE FAMILY DWELLINGS,1,818,47,,A5,267 GRAVES STREET,,10314,1,0,1,"2,400","1,800",2000,1,A5,"770,000",08/01/2025
5,MANOR HEIGHTS,01 ONE FAMILY DWELLINGS,1,819,52,,A1,243 WELLBROOK AVENUE,,10314,1,0,1,"4,000","1,040",1935,1,A1,"484,536",12/22/2025
5,MANOR HEIGHTS,01 ONE FAMILY DWELLINGS,1,820,26,,A1,264 WELLBROOK AVENUE,,10314,1,0,1,"4,500","1,977",1960,1,A1,0,10/22/2025
5,MANOR HEIGHTS,01 ONE FAMILY DWELLINGS,1,820,46,,A2,463 BRADLEY AVENUE,,10314,1,0,1,"4,400","1,044",1945,1,A2,0,10/31/2025
5,MANOR HEIGHTS,01 ONE FAMILY DWELLINGS,1,918,65,,A2,20 OCEAN TERRACE,,10314,1,0,1,"4,200","1,320",1960,1,A2,0,02/20/2026
5,MANOR HEIGHTS,01 ONE FAMILY DWELLINGS,1,918,81,,A2,48 OCEAN TERRACE,,10314,1,0,1,"4,494","2,822",1965,1,A2,0,01/31/2026
5,MANOR HEIGHTS,01 ONE FAMILY DWELLINGS,1,918,97,,A1,105 MARSHALL AVENUE,,10314,1,0,1,"6,045","1,936",1960,1,A1,"950,000",12/04/2025
5,MANOR HEIGHTS,01 ONE FAMILY DWELLINGS,1,918,255,,A2,59 MORSE AVENUE,,10314,1,0,1,"5,000","1,248",1960,1,A2,0,11/03/2025
5,MANOR HEIGHTS,01 ONE FAMILY DWELLINGS,1,920,24,,A2,52 MORSE AVENUE,,10314,1,0,1,"4,350","1,120",1955,1,A2,10,07/03/2025
5,MANOR HEIGHTS,02 TWO FAMILY DWELLINGS,1,694,350,,B2,107-111 SCHMIDTS LANE,,10314,2,0,2,"4,800","2,392",1960,1,B2,0,07/09/2025
5,MANOR HEIGHTS,02 TWO FAMILY DWELLINGS,1,699,43,,B2,198 LAGUARDIA AVENUE,,10314,2,0,2,"4,000","2,010",2012,1,B2,0,05/06/2025
5,MANOR HEIGHTS,02 TWO FAMILY DWELLINGS,1,701,67,,B9,55 AREA PLACE,,10314,2,0,2,"3,000","1,344",1960,1,B9,"729,999",04/30/2025
5,MANOR HEIGHTS,02 TWO FAMILY DWELLINGS,1,702,6,,S2,887 MANOR ROAD,,10314,2,1,3,"4,000","3,200",1920,1,S2,"1,999,000",09/22/2025
5,MANOR HEIGHTS,02 TWO FAMILY DWELLINGS,1,752,22,,B2,822 MANOR ROAD,,10314,2,0,2,"6,300","1,872",1955,1,B2,0,04/25/2025
5,MANOR HEIGHTS,02 TWO FAMILY DWELLINGS,1,752,176,,B9,148 FANNING STREET,,10314,2,0,2,"3,150","1,040",1965,1,B9,0,09/30/2025
5,MANOR HEIGHTS,02 TWO FAMILY DWELLINGS,1,752,176,,B9,148 FANNING STREET,,10314,2,0,2,"3,150","1,040",1965,1,B9,0,11/14/2025
5,MANOR HEIGHTS,02 TWO FAMILY DWELLINGS,1,752,177,,B9,150 FANNING STREET,,10314,2,0,2,"3,150","1,040",1965,1,B9,0,11/14/2025
5,MANOR HEIGHTS,02 TWO FAMILY DWELLINGS,1,752,561,,B2,283 GOWER STREET,,10314,2,0,2,"6,300","1,980",1975,1,B2,"662,500",09/26/2025
5,MANOR HEIGHTS,02 TWO FAMILY DWELLINGS,1,754,6,,B2,375 FANNING STREET,,10314,2,0,2,"4,800","2,360",1965,1,B2,0,02/18/2026
5,MANOR HEIGHTS,02 TWO FAMILY DWELLINGS,1,757,19,,B2,331 MOUNTAINVIEW AVENUE,,10314,2,0,2,"5,010","2,452",1970,1,B2,"995,000",10/16/2025
5,MANOR HEIGHTS,02 TWO FAMILY DWELLINGS,1,757,93,,B2,312 MOUNTAINVIEW AVENUE,,10314,2,0,2,"4,000","2,558",1983,1,B2,0,09/23/2025
5,MANOR HEIGHTS,02 TWO FAMILY DWELLINGS,1,757,95,,B2,308 MOUNTAINVIEW AVENUE,,10314,2,0,2,"4,000","2,272",1975,1,B2,0,09/23/2025
5,MANOR HEIGHTS,02 TWO FAMILY DWELLINGS,1,760,8,,B3,156 MOUNTAINVIEW AVENUE,,10314,2,0,2,"4,144","1,344",1925,1,B3,0,12/10/2025
5,MANOR HEIGHTS,02 TWO FAMILY DWELLINGS,1,761,45,,B2,N/A GANSEVOORT BOULEVARD,,10314,2,0,2,"4,800","2,835",2024,1,B2,"1,277,215",01/20/2026
5,MANOR HEIGHTS,02 TWO FAMILY DWELLINGS,1,762,68,,B2,191 QUINLAN AVENUE,,10314,2,0,2,"4,961","2,364",1965,1,B2,0,12/01/2025
5,MANOR HEIGHTS,02 TWO FAMILY DWELLINGS,1,762,80,,B2,171 QUINLAN AVENUE,,10314,2,0,2,"4,895","2,364",1965,1,B2,"870,000",10/15/2025
5,MANOR HEIGHTS,02 TWO FAMILY DWELLINGS,1,762,82,,B2,167 QUINLAN AVENUE,,10314,2,0,2,"4,797","2,364",1965,1,B2,0,09/23/2025
5,MANOR HEIGHTS,02 TWO FAMILY DWELLINGS,1,764,71,,B2,206 QUINLAN AVENUE,,10314,2,0,2,"5,332","2,324",1970,1,B2,"1,284,000",02/24/2026
5,MANOR HEIGHTS,02 TWO FAMILY DWELLINGS,1,767,1,,B2,211 HOLDEN BOULEVARD,,10314,2,0,2,"4,000","2,496",1970,1,B2,0,04/28/2025
5,MANOR HEIGHTS,02 TWO FAMILY DWELLINGS,1,767,6,,B1,51 LIVINGSTON AVENUE,,10314,2,0,2,"4,000","2,700",2020,1,B1,"1,550,000",10/22/2025
5,MANOR HEIGHTS,02 TWO FAMILY DWELLINGS,1,798,47,,B1,456 FANNING STREET,,10314,2,0,2,"4,800","1,904",1970,1,B1,0,12/15/2025
5,MANOR HEIGHTS,02 TWO FAMILY DWELLINGS,1,799,16,,B9,1060 MANOR ROAD,,10314,2,0,2,"3,740","1,872",1980,1,B9,0,08/19/2025
5,MANOR HEIGHTS,02 TWO FAMILY DWELLINGS,1,799,16,,B9,1060 MANOR ROAD,,10314,2,0,2,"3,740","1,872",1980,1,B9,"695,000",05/30/2025
5,MANOR HEIGHTS,02 TWO FAMILY DWELLINGS,1,799,17,,B9,1064 MANOR ROAD,,10314,2,0,2,"4,068","1,872",1980,1,B9,0,08/19/2025
5,MANOR HEIGHTS,02 TWO FAMILY DWELLINGS,1,799,17,,B9,1064 MANOR ROAD,,10314,2,0,2,"4,068","1,872",1980,1,B9,"695,000",05/30/2025
5,MANOR HEIGHTS,02 TWO FAMILY DWELLINGS,1,801,134,,B3,55 BRIELLE AVENUE,,10314,2,0,2,"5,250","1,440",1955,1,B3,0,05/03/2025
5,MANOR HEIGHTS,02 TWO FAMILY DWELLINGS,1,801,193,,B2,464 MOUNTAINVIEW AVENUE,,10314,2,0,2,"4,000","1,792",1975,1,B2,0,06/16/2025
5,MANOR HEIGHTS,02 TWO FAMILY DWELLINGS,1,801,214,,B2,502 MOUNTAINVIEW AVE,,10314,2,0,2,"4,100","1,825",1970,1,B2,0,04/11/2025
5,MANOR HEIGHTS,02 TWO FAMILY DWELLINGS,1,802,123,,B2,158 PORTAGE AVENUE,,10314,2,0,2,"5,490","2,720",2008,1,B2,"1,560,000",10/29/2025
5,MANOR HEIGHTS,02 TWO FAMILY DWELLINGS,1,803,27,,B1,235 LIVINGSTON AVENUE,,10314,2,0,2,"4,080","1,944",1925,1,B1,"865,000",08/27/2025
5,MANOR HEIGHTS,02 TWO FAMILY DWELLINGS,1,804,137,,B2,431 MOUNTAINVIEW AVENUE,,10314,2,0,2,"5,440","2,720",1970,1,B2,"985,000",09/19/2025
5,MANOR HEIGHTS,02 TWO FAMILY DWELLINGS,1,804,152,,B2,407 MOUNTAINVIEW AVENUE,,10314,2,0,2,"5,680","1,938",1970,1,B2,"998,888",05/19/2025
5,MANOR HEIGHTS,02 TWO FAMILY DWELLINGS,1,805,114,,B2,164 QUEEN STREET,,10314,2,0,2,"6,080","1,780",1965,1,B2,"1,200,000",06/04/2025
5,MANOR HEIGHTS,02 TWO FAMILY DWELLINGS,1,812,2,,B9,153 GRAVES STREET,,10314,2,0,2,"3,123","1,673",1997,1,B9,"960,000",12/08/2025
5,MANOR HEIGHTS,02 TWO FAMILY DWELLINGS,1,814,10,,B2,371 BRADLEY AVE,,10314,2,0,2,"4,477","2,770",1988,1,B2,"945,000",12/01/2025
5,MANOR HEIGHTS,02 TWO FAMILY DWELLINGS,1,815,3,,B2,230 HAROLD STREET,,10314,2,0,2,"4,000","2,300",1987,1,B2,0,06/11/2025
5,MANOR HEIGHTS,02 TWO FAMILY DWELLINGS,1,816,39,,B3,155 WELLBROOK AVENUE,,10314,2,0,2,"4,000","1,376",1920,1,B3,"350,000",04/22/2025
5,MANOR HEIGHTS,02 TWO FAMILY DWELLINGS,1,817,21,,B2,208 WELLBROOK AVENUE,,10314,2,0,2,"4,000","1,240",1960,1,B2,"840,000",10/28/2025
5,MANOR HEIGHTS,05 TAX CLASS 1 VACANT LAND,1B,800,1,,V0,N/A GOWER STREET,,10314,0,0,0,"10,055",0,,1,V0,"550,000",02/13/2026
5,MANOR HEIGHTS,14 RENTALS - 4-10 UNIT,2A,811,17,,S9,315 BRADLEY AVENUE,,10314,2,2,4,"4,560","2,800",2000,2,S9,0,12/10/2025
5,MANOR HEIGHTS,22 STORE BUILDINGS,4,811,19,,K4,309 BRADLEY AVENUE,,10314,0,3,3,"4,560","3,550",1969,4,K4,0,12/10/2025
5,MARINERS HARBOR,01 ONE FAMILY DWELLINGS,1,1127,173,,A1,26 TRANTOR PLACE,,10302,1,0,1,"13,275","1,678",1899,1,A1,"650,000",05/30/2025
5,MARINERS HARBOR,01 ONE FAMILY DWELLINGS,1,1136,15,,A2,145 DIXON AVENUE,,10303,1,0,1,"4,323","1,196",1955,1,A2,0,04/23/2025
5,MARINERS HARBOR,01 ONE FAMILY DWELLINGS,1,1144,22,,A1,85 BOWLES AVENUE,,10303,1,0,1,"5,500","1,392",1930,1,A1,0,02/03/2026
5,MARINERS HARBOR,01 ONE FAMILY DWELLINGS,1,1148,53,,A1,90 BOWLES AVENUE,,10303,1,0,1,"2,520","1,404",1975,1,A1,0,07/23/2025
5,MARINERS HARBOR,01 ONE FAMILY DWELLINGS,1,1150,63,,A1,40 WINANT STREET,,10303,1,0,1,"2,500",704,1920,1,A1,"450,000",09/08/2025
5,MARINERS HARBOR,01 ONE FAMILY DWELLINGS,1,1152,83,,S1,140 MORNINGSTAR ROAD,,10303,1,1,2,"2,539","1,848",1931,1,S1,0,09/26/2025
5,MARINERS HARBOR,01 ONE FAMILY DWELLINGS,1,1152,96,,S1,164 MORNINGSTAR ROAD,,10303,1,1,2,"2,300","2,500",1931,1,S1,0,12/03/2025
5,MARINERS HARBOR,01 ONE FAMILY DWELLINGS,1,1158,19,,A1,75 WRIGHT AVENUE,,10303,1,0,1,"4,884","1,144",1925,1,A1,"530,000",05/22/2025
5,MARINERS HARBOR,01 ONE FAMILY DWELLINGS,1,1159,41,,A1,29 LAKE AVENUE,,10303,1,0,1,"2,480","1,188",1899,1,A1,"630,000",06/06/2025
5,MARINERS HARBOR,01 ONE FAMILY DWELLINGS,1,1160,38,,A1,29 SIMONSON AVE,,10312,1,0,1,"2,883","2,802",2023,1,A1,"773,870",08/21/2025
5,MARINERS HARBOR,01 ONE FAMILY DWELLINGS,1,1160,39,,A1,33 SIMONSON AVE,,10312,1,0,1,"2,853","2,802",2023,1,A1,"773,870",10/10/2025
5,MARINERS HARBOR,01 ONE FAMILY DWELLINGS,1,1160,112,,A5,98 LAKE AVENUE,,10303,1,0,1,"1,610",942,1990,1,A5,"1,000",06/19/2025
5,MARINERS HARBOR,01 ONE FAMILY DWELLINGS,1,1165,26,,A1,143 SIMONSON AVENUE,,10303,1,0,1,"2,850","1,152",1899,1,A1,"585,000",11/20/2025
5,MARINERS HARBOR,01 ONE FAMILY DWELLINGS,1,1165,32,,A1,129 SIMONSON AVENUE,,10303,1,0,1,"5,700","2,030",1899,1,A1,"342,000",09/18/2025
5,MARINERS HARBOR,01 ONE FAMILY DWELLINGS,1,1165,60,,A5,134 LAKE AVENUE,,10303,1,0,1,"2,850","1,000",2000,1,A5,"575,000",07/18/2025
5,MARINERS HARBOR,01 ONE FAMILY DWELLINGS,1,1166,43,,A1,322 MORNINGSTAR ROAD,,10303,1,0,1,"5,500","1,834",1915,1,A1,"550,000",12/03/2025
5,MARINERS HARBOR,01 ONE FAMILY DWELLINGS,1,1172,236,,A5,70 PRINCESS STREET,,10303,1,0,1,"2,700","1,452",1990,1,A5,"555,000",08/12/2025
5,MARINERS HARBOR,01 ONE FAMILY DWELLINGS,1,1179,1,,A1,9 WESTBROOK AVENUE,,10303,1,0,1,"2,500","1,216",1930,1,A1,"580,000",05/20/2025
5,MARINERS HARBOR,01 ONE FAMILY DWELLINGS,1,1183,91,,A5,362 LAKE AVENUE,,10303,1,0,1,"1,020","1,150",1992,1,A5,0,06/20/2025
5,MARINERS HARBOR,01 ONE FAMILY DWELLINGS,1,1183,114,,A2,339 LAKE AVENUE,,10303,1,0,1,"3,813","1,056",1955,1,A2,"585,000",12/03/2025
5,MARINERS HARBOR,01 ONE FAMILY DWELLINGS,1,1183,145,,A5,98 WENLOCK STREET,,10303,1,0,1,"2,250","1,280",2003,1,A5,0,10/29/2025
5,MARINERS HARBOR,01 ONE FAMILY DWELLINGS,1,1183,160,,A2,73 WESTBROOK AVENUE,,10303,1,0,1,"4,900","1,080",1955,1,A2,"730,000",03/30/2026
5,MARINERS HARBOR,01 ONE FAMILY DWELLINGS,1,1184,39,,A1,335 SIMONSON AVENUE,,10303,1,0,1,"5,130","2,392",1965,1,A1,"765,000",10/22/2025
5,MARINERS HARBOR,01 ONE FAMILY DWELLINGS,1,1186,46,,A1,17 VAN NAME AVE,,10303,1,0,1,"3,062","1,788",2011,1,A1,0,04/24/2025
5,MARINERS HARBOR,01 ONE FAMILY DWELLINGS,1,1186,76,,A1,20 SIMONSON AVENUE,,10303,1,0,1,"4,494","1,104",1915,1,A1,0,04/04/2025
5,MARINERS HARBOR,01 ONE FAMILY DWELLINGS,1,1186,136,,S1,117 MARINERS LANE,,10303,1,1,2,"1,246","1,596",1988,1,S1,0,07/18/2025
5,MARINERS HARBOR,01 ONE FAMILY DWELLINGS,1,1186,139,,A5,123 MARINERS LANE,,10303,1,0,1,"1,260","1,396",1988,1,A5,"240,263",11/21/2025
5,MARINERS HARBOR,01 ONE FAMILY DWELLINGS,1,1186,145,,A5,135 MARINERS LANE,,10303,1,0,1,"1,260","1,396",1988,1,A5,0,10/23/2025
5,MARINERS HARBOR,01 ONE FAMILY DWELLINGS,1,1186,172,,A5,61 MARINERS LANE,,10303,1,0,1,"1,945","1,260",2003,1,A5,"430,000",06/13/2025
5,MARINERS HARBOR,01 ONE FAMILY DWELLINGS,1,1186,176,,A5,53 MARINERS LANE,,10303,1,0,1,"1,945","1,260",2003,1,A5,"535,000",09/17/2025
5,MARINERS HARBOR,01 ONE FAMILY DWELLINGS,1,1188,90,,A5,19 LAGUNA LANE,,10303,1,0,1,"1,700","1,800",2000,1,A5,"580,000",10/28/2025
5,MARINERS HARBOR,01 ONE FAMILY DWELLINGS,1,1188,165,,A5,21 GIORDAN COURT,,10303,1,0,1,"1,750","1,496",1990,1,A5,0,02/19/2026
5,MARINERS HARBOR,01 ONE FAMILY DWELLINGS,1,1190,35,,A1,18 HEUSDEN STREET,,10303,1,0,1,"12,000","1,792",1915,1,A1,"665,000",06/30/2025
5,MARINERS HARBOR,01 ONE FAMILY DWELLINGS,1,1192,15,,A1,133 VAN PELT AVENUE,,10303,1,0,1,"7,250","1,704",1925,1,A1,"540,000",01/28/2026
5,MARINERS HARBOR,01 ONE FAMILY DWELLINGS,1,1192,25,,A1,113 VAN PELT AVENUE,,10303,1,0,1,"3,256","2,064",1935,1,A1,"508,820",06/06/2025
5,MARINERS HARBOR,01 ONE FAMILY DWELLINGS,1,1192,85,,A2,445 WALKER STREET,,10303,1,0,1,"4,280","1,638",1960,1,A2,"580,000",01/30/2026
5,MARINERS HARBOR,01 ONE FAMILY DWELLINGS,1,1194,34,,A2,231 VAN NAME AVENUE,,10303,1,0,1,"11,000","1,196",1955,1,A2,0,04/04/2025
5,MARINERS HARBOR,01 ONE FAMILY DWELLINGS,1,1194,155,,A5,31 CHARLES PLACE,,10303,1,0,1,"1,062","1,200",1998,1,A5,"550,000",11/06/2025
5,MARINERS HARBOR,01 ONE FAMILY DWELLINGS,1,1196,58,,A5,185 VAN PELT AVENUE,,10303,1,0,1,"3,968","1,210",1960,1,A5,0,11/12/2025
5,MARINERS HARBOR,01 ONE FAMILY DWELLINGS,1,1196,59,,A5,183 VAN PELT AVENUE,,10303,1,0,1,"3,864","1,210",1960,1,A5,0,11/12/2025
5,MARINERS HARBOR,01 ONE FAMILY DWELLINGS,1,1196,96,,A1,210 VAN NAME AVENUE,,10303,1,0,1,"2,500","1,500",2012,1,A1,0,12/15/2025
5,MARINERS HARBOR,01 ONE FAMILY DWELLINGS,1,1196,153,,A1,195 NETHERLAND AVENUE,,10303,1,0,1,"2,140","1,124",2004,1,A1,"500,000",05/21/2025
5,MARINERS HARBOR,01 ONE FAMILY DWELLINGS,1,1196,153,,A1,195 NETHERLAND AVENUE,,10303,1,0,1,"2,140","1,124",2004,1,A1,"675,000",08/06/2025
5,MARINERS HARBOR,01 ONE FAMILY DWELLINGS,1,1196,215,,A5,30 NUNZIE COURT,,10303,1,0,1,"1,120","1,120",2001,1,A5,0,10/07/2025
5,MARINERS HARBOR,01 ONE FAMILY DWELLINGS,1,1198,50,,A5,329 VAN NAME AVE,,10303,1,0,1,"1,700","1,260",2002,1,A5,"520,900",04/30/2025
5,MARINERS HARBOR,01 ONE FAMILY DWELLINGS,1,1198,50,,A5,329 VAN NAME AVENUE,,10303,1,0,1,"1,700","1,260",2002,1,A5,0,03/05/2026
5,MARINERS HARBOR,01 ONE FAMILY DWELLINGS,1,1198,84,,A1,340 SIMONSON AVENUE,,10303,1,0,1,"5,700","1,244",1925,1,A1,0,10/02/2025
5,MARINERS HARBOR,01 ONE FAMILY DWELLINGS,1,1198,84,,A1,340 SIMONSON AVENUE,,10303,1,0,1,"5,700","1,244",1925,1,A1,"650,000",09/04/2025
5,MARINERS HARBOR,01 ONE FAMILY DWELLINGS,1,1200,53,,A1,317 VAN PELT AVENUE,,10303,1,0,1,"3,605","1,760",1925,1,A1,"615,000",10/14/2025
5,MARINERS HARBOR,01 ONE FAMILY DWELLINGS,1,1200,94,,A5,336 VAN NAME AVENUE,,10303,1,0,1,"4,646","1,280",1960,1,A5,"621,500",01/27/2026
5,MARINERS HARBOR,01 ONE FAMILY DWELLINGS,1,1211,53,,A1,33 ERASTINA PLACE,,10303,1,0,1,"4,266","1,332",1915,1,A1,"685,000",11/25/2025
5,MARINERS HARBOR,01 ONE FAMILY DWELLINGS,1,1212,59,,A1,35 DE HART AVENUE,,10303,1,0,1,"3,742","1,266",1915,1,A1,0,10/16/2025
5,MARINERS HARBOR,01 ONE FAMILY DWELLINGS,1,1213,64,,A1,23 UNION AVENUE,,10303,1,0,1,"4,000","1,932",1910,1,A1,"520,000",12/05/2025
5,MARINERS HARBOR,01 ONE FAMILY DWELLINGS,1,1213,158,,A1,142 DE HART AVENUE,,10303,1,0,1,"2,800","1,035",1940,1,A1,"629,000",09/02/2025
5,MARINERS HARBOR,01 ONE FAMILY DWELLINGS,1,1218,11,,A1,167 UNION AVENUE,,10303,1,0,1,"2,500","1,296",1930,1,A1,"680,000",07/30/2025
5,MARINERS HARBOR,01 ONE FAMILY DWELLINGS,1,1218,27,,S1,56 MAPLE PARKWAY,,10303,1,1,2,"2,950","1,890",1925,1,S1,0,10/16/2025
5,MARINERS HARBOR,01 ONE FAMILY DWELLINGS,1,1218,92,,A5,16 UNION COURT,,10303,1,0,1,798,968,1992,1,A5,"440,000",01/12/2026
5,MARINERS HARBOR,01 ONE FAMILY DWELLINGS,1,1221,5,,A5,301 UNION AVE,,10303,1,0,1,"2,675","1,280",1975,1,A5,"660,000",07/22/2025
5,MARINERS HARBOR,01 ONE FAMILY DWELLINGS,1,1221,26,,A1,170 MAPLE PARKWAY,,10303,1,0,1,"4,830",960,1910,1,A1,"430,000",04/14/2025
5,MARINERS HARBOR,01 ONE FAMILY DWELLINGS,1,1223,39,,A5,331 UNION AVENUE,,10303,1,0,1,"1,316","1,200",2001,1,A5,"353,244",10/08/2025
5,MARINERS HARBOR,01 ONE FAMILY DWELLINGS,1,1223,39,,A5,331 UNION AVENUE,,10303,1,0,1,"1,316","1,200",2001,1,A5,"610,000",12/19/2025
5,MARINERS HARBOR,01 ONE FAMILY DWELLINGS,1,1223,55,,A5,19 SPIRIT LANE,,10303,1,0,1,"2,200","1,200",2001,1,A5,"450,000",09/19/2025
5,MARINERS HARBOR,01 ONE FAMILY DWELLINGS,1,1224,7,,A5,9 COONLEY COURT,,10303,1,0,1,"1,136","1,408",1899,1,A5,0,05/13/2025
5,MARINERS HARBOR,01 ONE FAMILY DWELLINGS,1,1228,109,,A5,165 HARBOR ROAD,,10303,1,0,1,"1,644","1,508",1989,1,A5,0,11/26/2025
5,MARINERS HARBOR,01 ONE FAMILY DWELLINGS,1,1229,38,,A1,186 UNION AVENUE,,10303,1,0,1,"2,500","1,500",1993,1,A1,"643,000",12/22/2025
5,MARINERS HARBOR,01 ONE FAMILY DWELLINGS,1,1229,59,,A1,37 BRABANT STREET,,10303,1,0,1,"2,772","1,176",1955,1,A1,0,01/13/2026
5,MARINERS HARBOR,01 ONE FAMILY DWELLINGS,1,1229,123,,A5,34 JOURNEAY STREET,,10303,1,0,1,"2,178","1,403",1991,1,A5,"205,000",06/27/2025
5,MARINERS HARBOR,01 ONE FAMILY DWELLINGS,1,1229,123,,A5,34 JOURNEAY STREET,,10303,1,0,1,"2,178","1,403",1991,1,A5,"504,700",10/31/2025
5,MARINERS HARBOR,01 ONE FAMILY DWELLINGS,1,1230,75,,A1,17B GRIDLEY AVENUE,,10303,1,0,1,"3,364","1,590",2014,1,A1,0,05/12/2025
5,MARINERS HARBOR,01 ONE FAMILY DWELLINGS,1,1230,77,,A1,15 GRIDLEY AVENUE,,10303,1,0,1,"3,824","1,590",2014,1,A1,"720,000",10/29/2025
5,MARINERS HARBOR,01 ONE FAMILY DWELLINGS,1,1230,111,,A1,55 CONTINENTAL PLACE,,10303,1,0,1,"8,648","1,248",1899,1,A1,0,01/09/2026
5,MARINERS HARBOR,01 ONE FAMILY DWELLINGS,1,1233,18,,A2,271 HARBOR ROAD,,10303,1,0,1,"11,662","1,144",1965,1,A2,"620,000",11/20/2025
5,MARINERS HARBOR,01 ONE FAMILY DWELLINGS,1,1233,31,,A5,64 GRIDLEY AVENUE,,10303,1,0,1,"1,360","1,300",2000,1,A5,"600,000",10/17/2025
5,MARINERS HARBOR,01 ONE FAMILY DWELLINGS,1,1233,40,,A5,92 CONFEDERATION PLACE,,10303,1,0,1,"1,555","1,300",2000,1,A5,"320,000",09/03/2025
5,MARINERS HARBOR,01 ONE FAMILY DWELLINGS,1,1233,50,,A5,72 CONFEDERATION PL,,10303,1,0,1,"2,350","1,300",2000,1,A5,"599,000",09/30/2025
5,MARINERS HARBOR,01 ONE FAMILY DWELLINGS,1,1234,19,,A5,345 HARBOR ROAD,,10303,1,0,1,"1,680","1,232",2004,1,A5,0,06/24/2025
5,MARINERS HARBOR,01 ONE FAMILY DWELLINGS,1,1234,174,,A5,128 BRUCKNER AVENUE,,10303,1,0,1,"2,898","1,232",2004,1,A5,"600,000",10/20/2025
5,MARINERS HARBOR,01 ONE FAMILY DWELLINGS,1,1236,3,,A1,79 LOCKMAN AVENUE,,10303,1,0,1,"4,680","1,076",1915,1,A1,0,04/24/2025
5,MARINERS HARBOR,01 ONE FAMILY DWELLINGS,1,1236,23,,A1,43 LOCKMAN AVENUE,,10303,1,0,1,"2,408","1,200",1920,1,A1,"601,000",08/13/2025
5,MARINERS HARBOR,01 ONE FAMILY DWELLINGS,1,1237,43,,A2,43 ANDROS AVENUE,,10303,1,0,1,"4,095","1,344",1955,1,A2,"480,000",12/30/2025
5,MARINERS HARBOR,01 ONE FAMILY DWELLINGS,1,1237,90,,A1,36 LOCKMAN AVENUE,,10303,1,0,1,"5,256","1,360",1899,1,A1,"350,000",08/14/2025
5,MARINERS HARBOR,01 ONE FAMILY DWELLINGS,1,1237,128,,A1,3 DAVIDSON STREET,,10303,1,0,1,"2,400","1,160",1915,1,A1,0,08/05/2025
5,MARINERS HARBOR,01 ONE FAMILY DWELLINGS,1,1238,64,,A2,34 ANDROS AVENUE,,10303,1,0,1,"5,693","1,837",1955,1,A2,"710,000",01/30/2026
5,MARINERS HARBOR,01 ONE FAMILY DWELLINGS,1,1246,26,,A5,263 LOCKMAN AVENUE,,10303,1,0,1,"2,575","1,568",1988,1,A5,"420,000",11/06/2025
5,MARINERS HARBOR,01 ONE FAMILY DWELLINGS,1,1246,42,,A1,233 LOCKMAN AVENUE,,10303,1,0,1,"6,660",720,1925,1,A1,"378,750",07/25/2025
5,MARINERS HARBOR,01 ONE FAMILY DWELLINGS,1,1248,47,,A5,302A ANDROS AVENUE,,10303,1,0,1,860,960,1989,1,A5,"460,000",07/17/2025
5,MARINERS HARBOR,01 ONE FAMILY DWELLINGS,1,1250,61,,A2,424 NETHERLAND AVENUE,,10303,1,0,1,"4,320",910,1945,1,A2,0,06/17/2025
5,MARINERS HARBOR,01 ONE FAMILY DWELLINGS,1,1252,97,,A1,54 MERSEREAU AVENUE,,10303,1,0,1,"7,000","1,958",1901,1,A1,0,09/22/2025
5,MARINERS HARBOR,01 ONE FAMILY DWELLINGS,1,1254,43,,A1,73 SOUTH AVENUE,,10303,1,0,1,"7,438","1,080",1920,1,A1,"620,000",09/29/2025
5,MARINERS HARBOR,01 ONE FAMILY DWELLINGS,1,1255,62,,A1,106 MERSEREAU AVENUE,,10303,1,0,1,"7,450","1,344",1899,1,A1,"645,000",09/26/2025
5,MARINERS HARBOR,01 ONE FAMILY DWELLINGS,1,1257,19,,A1,221 SOUTH AVENUE,,10303,1,0,1,"3,600","1,326",1915,1,A1,"330,000",02/27/2026
5,MARINERS HARBOR,01 ONE FAMILY DWELLINGS,1,1258,13,,A5,29 DOWNEY PLACE,,10303,1,0,1,"2,059","1,190",1965,1,A5,0,05/28/2025
5,MARINERS HARBOR,01 ONE FAMILY DWELLINGS,1,1258,25,,A5,230 CONTINENTAL PLACE,,10303,1,0,1,"1,750","1,050",1965,1,A5,"499,999",10/27/2025
5,MARINERS HARBOR,01 ONE FAMILY DWELLINGS,1,1258,30,,A5,216 CONTINENTAL PLACE,,10303,1,0,1,"2,030","1,000",1985,1,A5,"295,000",09/22/2025
5,MARINERS HARBOR,01 ONE FAMILY DWELLINGS,1,1261,94,,A5,312 GRANDVIEW AVENUE,,10303,1,0,1,"2,660","1,368",1985,1,A5,"350,000",06/04/2025
5,MARINERS HARBOR,01 ONE FAMILY DWELLINGS,1,1261,122,,A2,358 GRANDVIEW AVENUE,,10303,1,0,1,"3,977","1,150",1960,1,A2,"517,500",10/17/2025
5,MARINERS HARBOR,01 ONE FAMILY DWELLINGS,1,1261,145,,A2,402 GRANDVIEW AVENUE,,10303,1,0,1,"4,320","1,008",1960,1,A2,"555,000",02/04/2026
5,MARINERS HARBOR,02 TWO FAMILY DWELLINGS,1,1127,167,,B3,12 TRANTOR PLACE,,10302,2,0,2,"7,482","2,132",1899,1,B3,"430,000",06/06/2025
5,MARINERS HARBOR,02 TWO FAMILY DWELLINGS,1,1127,167,,B3,12 TRANTOR PLACE,,10302,2,0,2,"7,482","2,132",1899,1,B3,"450,000",12/22/2025
5,MARINERS HARBOR,02 TWO FAMILY DWELLINGS,1,1144,55,,B2,120 DIXON AVENUE,,10303,2,0,2,"2,906","2,200",1930,1,B2,0,02/18/2026
5,MARINERS HARBOR,02 TWO FAMILY DWELLINGS,1,1144,55,,B2,120 DIXON AVENUE,,10303,2,0,2,"2,906","2,200",1930,1,B2,"670,000",10/07/2025
5,MARINERS HARBOR,02 TWO FAMILY DWELLINGS,1,1149,23,,B2,35 WINANT STREET,,10303,2,0,2,"6,721","3,874",1925,1,B2,0,07/30/2025
5,MARINERS HARBOR,02 TWO FAMILY DWELLINGS,1,1149,29,,B2,27 WINANT STREET,,10303,2,0,2,"6,721","3,164",1925,1,B2,0,07/09/2025
5,MARINERS HARBOR,02 TWO FAMILY DWELLINGS,1,1151,49,,B2,28 GRANITE AVENUE,,10303,2,0,2,"5,200","3,424",1930,1,B2,0,11/12/2025
5,MARINERS HARBOR,02 TWO FAMILY DWELLINGS,1,1154,6,,B3,273 PULASKI AVENUE,,10303,2,0,2,"2,500","1,272",1920,1,B3,0,09/06/2025
5,MARINERS HARBOR,02 TWO FAMILY DWELLINGS,1,1158,70,,B3,32 HOUSMAN AVENUE,,10303,2,0,2,"4,644","1,288",1905,1,B3,"437,000",08/07/2025
5,MARINERS HARBOR,02 TWO FAMILY DWELLINGS,1,1165,1,,B3,189 SIMONSON AVENUE,,10303,2,0,2,"4,704","1,272",1899,1,B3,0,07/23/2025
5,MARINERS HARBOR,02 TWO FAMILY DWELLINGS,1,1165,1,,B3,189 SIMONSON AVENUE,,10303,2,0,2,"4,704","1,272",1899,1,B3,0,09/02/2025
5,MARINERS HARBOR,02 TWO FAMILY DWELLINGS,1,1167,20,,B2,373 PULASKI AVENUE,,10303,2,0,2,"2,456","1,800",1925,1,B2,0,05/19/2025
5,MARINERS HARBOR,02 TWO FAMILY DWELLINGS,1,1168,18,,B2,190 DIXON AVENUE,,10303,2,0,2,"3,308","2,025",2011,1,B2,"820,000",09/25/2025
5,MARINERS HARBOR,02 TWO FAMILY DWELLINGS,1,1170,66,,B2,356 PULASKI AVENUE,,10303,2,0,2,"3,150","1,468",1930,1,B2,0,08/05/2025
5,MARINERS HARBOR,02 TWO FAMILY DWELLINGS,1,1170,72,,B2,366 PULASKI AVENUE,,10303,2,0,2,"6,271","2,250",1910,1,B2,"575,000",02/18/2026
5,MARINERS HARBOR,02 TWO FAMILY DWELLINGS,1,1172,138,,B2,73 DAVID PLACE,,10303,2,0,2,"4,200","1,600",2001,1,B2,0,09/26/2025
5,MARINERS HARBOR,02 TWO FAMILY DWELLINGS,1,1176,21,,B2,289 SIMONSON AVENUE,,10303,2,0,2,"5,700","2,112",1925,1,B2,"684,210",12/11/2025
5,MARINERS HARBOR,02 TWO FAMILY DWELLINGS,1,1188,237,,B9,10 NOAH COURT,,10303,2,0,2,"2,400","1,200",2001,1,B9,"625,000",07/01/2025
5,MARINERS HARBOR,02 TWO FAMILY DWELLINGS,1,1192,61,,B2,144 VAN NAME AVENUE,,10302,2,0,2,"2,860","2,224",2024,1,B2,"1,053,889",06/03/2025
5,MARINERS HARBOR,02 TWO FAMILY DWELLINGS,1,1194,41,,B2,215B VAN NAME AVENUE,,10303,2,0,2,"3,775","1,584",2006,1,B2,"832,000",03/17/2026
5,MARINERS HARBOR,02 TWO FAMILY DWELLINGS,1,1194,146,,B2,135 NETHERLAND AVENUE,,10303,2,0,2,"4,948","1,440",2007,1,B2,"810,000",09/05/2025
5,MARINERS HARBOR,02 TWO FAMILY DWELLINGS,1,1196,19,,B2,253 VAN PELT AVENUE,,10303,2,0,2,"3,580","2,331",2024,1,B2,"992,794",07/28/2025
5,MARINERS HARBOR,02 TWO FAMILY DWELLINGS,1,1196,21,,B2,251 VAN PELT AVENUE,,10303,2,0,2,"4,220","2,331",2024,1,B2,"992,794",04/23/2025
5,MARINERS HARBOR,02 TWO FAMILY DWELLINGS,1,1196,49,,B9,201 VAN PELT AVENUE,,10303,2,0,2,"3,300","1,200",2001,1,B9,0,06/16/2025
5,MARINERS HARBOR,02 TWO FAMILY DWELLINGS,1,1198,90,,B2,354 SIMONSON AVENUE,,10303,2,0,2,"2,850","2,027",2004,1,B2,"785,000",04/30/2025
5,MARINERS HARBOR,02 TWO FAMILY DWELLINGS,1,1212,1,,B2,155 DE HART AVENUE,,10303,2,0,2,"1,100","1,300",1910,1,B2,"525,000",12/08/2025
5,MARINERS HARBOR,02 TWO FAMILY DWELLINGS,1,1212,1,,B2,155 DEHART AVENUE,,10303,2,0,2,"1,100","1,300",1910,1,B2,"400,000",06/27/2025
5,MARINERS HARBOR,02 TWO FAMILY DWELLINGS,1,1212,42,,B2,69 DE HART AVENUE,,10303,2,0,2,"4,000","2,408",1910,1,B2,"850,000",05/22/2025
5,MARINERS HARBOR,02 TWO FAMILY DWELLINGS,1,1213,14,,B2,131 UNION AVE,,10303,2,0,2,"2,550","1,280",1920,1,B2,0,09/04/2025
5,MARINERS HARBOR,02 TWO FAMILY DWELLINGS,1,1213,17,,B2,121 UNION AVENUE,,10303,2,0,2,"3,238","1,600",2004,1,B2,"740,000",11/12/2025
5,MARINERS HARBOR,02 TWO FAMILY DWELLINGS,1,1213,29,,B3,99 UNION AVENUE,,10303,2,0,2,"2,550","1,062",1899,1,B3,"515,000",02/05/2026
5,MARINERS HARBOR,02 TWO FAMILY DWELLINGS,1,1213,127,,B3,84 DE HART AVENUE,,10303,2,0,2,"4,752","2,267",1901,1,B3,"600,000",05/14/2025
5,MARINERS HARBOR,02 TWO FAMILY DWELLINGS,1,1216,51,,B2,220 VAN PELT AVENUE,,10303,2,0,2,"4,494","2,558",2007,1,B2,0,07/10/2025
5,MARINERS HARBOR,02 TWO FAMILY DWELLINGS,1,1216,61,,B2,238 VAN PELT AVENUE,,10303,2,0,2,"3,725","2,200",2003,1,B2,0,04/24/2025
5,MARINERS HARBOR,02 TWO FAMILY DWELLINGS,1,1218,21,,B2,16 WALLOON STREET,,10303,2,0,2,"2,800","1,290",2005,1,B2,0,04/29/2025
5,MARINERS HARBOR,02 TWO FAMILY DWELLINGS,1,1218,29,,B2,60 MAPLE PARKWAY,,10303,2,0,2,"3,540","1,089",1920,1,B2,"250,000",10/16/2025
5,MARINERS HARBOR,02 TWO FAMILY DWELLINGS,1,1226,34,,B2,97 BUSH AVENUE,,10303,2,0,2,"2,750","1,620",2004,1,B2,"675,000",11/17/2025
5,MARINERS HARBOR,02 TWO FAMILY DWELLINGS,1,1227,4,,B9,109 HARBOR ROAD,,10303,2,0,2,700,"1,648",1910,1,B9,"425,000",06/11/2025
5,MARINERS HARBOR,02 TWO FAMILY DWELLINGS,1,1227,77,,B2,28 BUSH AVENUE,,10303,2,0,2,"2,600","1,120",1899,1,B2,"360,000",07/07/2025
5,MARINERS HARBOR,02 TWO FAMILY DWELLINGS,1,1228,18,,B3,36 LEYDEN AVENUE,,10303,2,0,2,"3,990","1,584",1899,1,B3,10,04/04/2025
5,MARINERS HARBOR,02 TWO FAMILY DWELLINGS,1,1228,64,,B2,43 JOURNEAY STREET,,10303,2,0,2,"4,850","2,700",1988,1,B2,0,09/04/2025
5,MARINERS HARBOR,02 TWO FAMILY DWELLINGS,1,1234,92,,B2,366 UNION AVENUE,,10303,2,0,2,"2,958","2,500",2006,1,B2,"567,500",09/09/2025
5,MARINERS HARBOR,02 TWO FAMILY DWELLINGS,1,1234,193,,B2,164 BRUCKNER AVENUE,,10303,2,0,2,"3,304","1,800",1905,1,B2,10,11/07/2025
5,MARINERS HARBOR,02 TWO FAMILY DWELLINGS,1,1234,293,,B2,366 UNION AVENUE,,10303,2,0,2,"3,026","2,500",2006,1,B2,"567,500",09/09/2025
5,MARINERS HARBOR,02 TWO FAMILY DWELLINGS,1,1236,82,,B2,62 HARBOR ROAD,,10303,2,0,2,"3,760","2,198",2019,1,B2,"850,000",04/29/2025
5,MARINERS HARBOR,02 TWO FAMILY DWELLINGS,1,1236,125,,B3,3 LOCKMAN PLACE,,10303,2,0,2,"2,233","1,407",1920,1,B3,"616,970",11/07/2025
5,MARINERS HARBOR,02 TWO FAMILY DWELLINGS,1,1238,11,,B9,51 MERSEREAU AVENUE,,10303,2,0,2,"3,375","1,800",1989,1,B9,"360,000",04/29/2025
5,MARINERS HARBOR,02 TWO FAMILY DWELLINGS,1,1238,34,,B9,3110 RICHMOND TERRACE,,10303,2,0,2,"3,562","1,176",2004,1,B9,"557,000",05/01/2025
5,MARINERS HARBOR,02 TWO FAMILY DWELLINGS,1,1238,38,,B9,3102 RICHMOND TERRACE,,10303,2,0,2,"1,508","1,176",2004,1,B9,0,12/05/2025
5,MARINERS HARBOR,02 TWO FAMILY DWELLINGS,1,1239,16,,B2,97 MERSEREAU AVENUE,,10303,2,0,2,"5,820","1,484",1899,1,B2,"603,752",06/16/2025
5,MARINERS HARBOR,02 TWO FAMILY DWELLINGS,1,1253,1,,B2,85 GRANDVIEW AVENUE,,10303,2,0,2,"4,795","2,416",2018,1,B2,"855,000",07/17/2025
5,MARINERS HARBOR,02 TWO FAMILY DWELLINGS,1,1254,24,,B2,115 SOUTH AVENUE,,10303,2,0,2,"2,880","1,750",2005,1,B2,100,05/13/2025
5,MARINERS HARBOR,02 TWO FAMILY DWELLINGS,1,1254,24,,B2,115 SOUTH AVENUE,,10303,2,0,2,"2,880","1,750",2005,1,B2,"539,893",08/22/2025
5,MARINERS HARBOR,04 TAX CLASS 1 CONDOS,1A,1222,1007,,R3,"269 MAPLE PARKWAY, 127",127,10303,1,,1,,,1989,1,R3,"157,170",04/08/2025
5,MARINERS HARBOR,04 TAX CLASS 1 CONDOS,1A,1222,1026,,R3,"235 MAPLE PARKWAY, 146",146,10303,1,,1,,,1989,1,R3,"200,000",09/29/2025
5,MARINERS HARBOR,04 TAX CLASS 1 CONDOS,1A,1222,1027,,R3,"237 MAPLE PARKWAY, 147",147,10303,1,,1,,,1989,1,R3,"115,000",09/24/2025
5,MARINERS HARBOR,04 TAX CLASS 1 CONDOS,1A,1222,1040,,R3,"231 MAPLE PARKWAY, 160",160,10303,1,,1,,,1989,1,R3,"299,130",04/10/2025
5,MARINERS HARBOR,04 TAX CLASS 1 CONDOS,1A,1223,1001,,R3,"367 UNION AVENUE, 17",17,10303,1,,1,,,2004,1,R3,0,06/23/2025
5,MARINERS HARBOR,04 TAX CLASS 1 CONDOS,1A,1254,1008,,R3,"3195A RICHMOND TERRACE, 8B",8B,10303,1,,1,,,1988,1,R3,"340,000",09/18/2025
5,MARINERS HARBOR,04 TAX CLASS 1 CONDOS,1A,1254,1013,,R3,"22 RICHMOND COURT, 13A",13A,10303,1,,1,,,1988,1,R3,"121,680",05/02/2025
5,MARINERS HARBOR,04 TAX CLASS 1 CONDOS,1A,1254,1017,,R3,"23 RICHMOND COURT, 17A",17A,10303,1,,1,,,1988,1,R3,"329,000",04/09/2025
5,MARINERS HARBOR,05 TAX CLASS 1 VACANT LAND,1B,1218,10,,V0,N/A UNION AVENUE,,10303,0,0,0,"2,500",0,,1,V0,"680,000",07/30/2025
5,MARINERS HARBOR,05 TAX CLASS 1 VACANT LAND,1B,1236,126,,V0,N/A LOCKMAN PLACE,,10303,0,0,0,"2,225",0,,1,V0,"616,970",11/07/2025
5,MARINERS HARBOR,07 RENTALS - WALKUP APARTMENTS,2A,1152,105,,C3,182-184 MORNINGSTAR ROAD,,10303,4,0,4,"3,399","2,548",1931,2,C3,0,09/26/2025
5,MARINERS HARBOR,07 RENTALS - WALKUP APARTMENTS,2A,1243,69,,C3,184 HARBOR ROAD,,10303,4,0,4,"8,250","2,516",1931,2,C3,"1,375,000",05/13/2025
5,MARINERS HARBOR,22 STORE BUILDINGS,4,1257,45,,K1,171 SOUTH AVENUE,,10303,0,1,1,"3,125","1,000",1931,4,K1,"400,000",04/09/2025
5,MARINERS HARBOR,33 EDUCATIONAL FACILITIES,4,1176,42,,W8,245 SIMONSON AVENUE,,10303,1,0,1,"5,245","1,191",1950,4,W8,0,09/24/2025
5,MIDLAND BEACH,01 ONE FAMILY DWELLINGS,1,3380,28,,A3,343 LIBERTY AVENUE,,10305,1,0,1,"7,700","2,471",2006,1,A3,"1,250,000",01/30/2026
5,MIDLAND BEACH,01 ONE FAMILY DWELLINGS,1B,3380,91,,V0,303 LIBERTY AVENUE,,10305,0,0,0,"3,755",0,1925,1,A1,"685,000",07/24/2025
5,MIDLAND BEACH,01 ONE FAMILY DWELLINGS,1,3475,32,,A5,602 SEAVIEW AVENUE,,10305,1,0,1,"2,000","1,171",2018,1,A5,0,11/21/2025
5,MIDLAND BEACH,01 ONE FAMILY DWELLINGS,1,3475,32,,A5,602 SEAVIEW AVENUE,,10305,1,0,1,"2,000","1,171",2018,1,A5,"600,000",11/12/2025
5,MIDLAND BEACH,01 ONE FAMILY DWELLINGS,1,3478,37,,A5,561 QUINCY AVENUE,,10305,1,0,1,"1,162","1,080",1990,1,A5,"460,000",12/22/2025
5,MIDLAND BEACH,01 ONE FAMILY DWELLINGS,1,3478,39,,A5,565 QUINCY AVENUE,,10305,1,0,1,"1,680","1,000",1991,1,A5,"460,000",12/22/2025
5,MIDLAND BEACH,01 ONE FAMILY DWELLINGS,1,3481,23,,A1,762 SEAVIEW AVENUE,,10305,1,0,1,"4,000","1,950",2016,1,A1,"910,000",11/26/2025
5,MIDLAND BEACH,01 ONE FAMILY DWELLINGS,1,3650,48,,A5,311 BUEL AVENUE,,10305,1,0,1,"2,921","1,374",1930,1,A5,"800,000",10/22/2025
5,MIDLAND BEACH,01 ONE FAMILY DWELLINGS,1,3652,35,,A2,324 DONGAN HILLS AVENUE,,10305,1,0,1,"3,240","1,040",1975,1,A2,"238,500",01/22/2026
5,MIDLAND BEACH,01 ONE FAMILY DWELLINGS,1,3655,25,,A5,350 DONGAN HILLS AVENUE,,10305,1,0,1,"2,755","1,040",1970,1,A5,0,01/16/2026
5,MIDLAND BEACH,01 ONE FAMILY DWELLINGS,1,3656,65,,A5,21 SLATER BOULEVARD,,10305,1,0,1,"2,688","1,280",1970,1,A5,"290,000",11/17/2025
5,MIDLAND BEACH,01 ONE FAMILY DWELLINGS,1,3657,19,,A5,N/A SLATER BOULEVARD,,10305,1,0,1,"2,250","2,130",2023,1,A5,"646,589",05/27/2025
5,MIDLAND BEACH,01 ONE FAMILY DWELLINGS,1,3657,20,,A5,N/A SLATER BOULEVARD,,10305,1,0,1,"2,250","2,130",2023,1,A5,"646,589",05/27/2025
5,MIDLAND BEACH,01 ONE FAMILY DWELLINGS,1,3657,32,,A5,50 SLATER BOULEVARD,,10305,1,0,1,"2,800","1,200",1975,1,A5,"702,000",05/30/2025
5,MIDLAND BEACH,01 ONE FAMILY DWELLINGS,1,3657,75,,A5,271 SEAVER AVENUE,,10305,1,0,1,"2,576","1,200",1965,1,A5,"735,000",01/09/2026
5,MIDLAND BEACH,01 ONE FAMILY DWELLINGS,1,3667,19,,A5,289 JEFFERSON AVENUE,,10306,1,0,1,"1,610","1,390",1990,1,A5,0,04/30/2025
5,MIDLAND BEACH,01 ONE FAMILY DWELLINGS,1,3669,7,,A5,76 BOUNDARY AVENUE,,10306,1,0,1,"2,300","1,088",1960,1,A5,"760,000",07/03/2025
5,MIDLAND BEACH,01 ONE FAMILY DWELLINGS,1,3669,10,,A5,72 BOUNDARY AVENUE,,10306,1,0,1,"2,300","1,088",1960,1,A5,0,06/02/2025
5,MIDLAND BEACH,01 ONE FAMILY DWELLINGS,1,3670,23,,A1,285 ADAMS AVENUE,,10306,1,0,1,"2,000","1,710",1910,1,A1,"500,000",10/09/2025
5,MIDLAND BEACH,01 ONE FAMILY DWELLINGS,1,3673,14,,A5,300 ADAMS AVENUE,,10306,1,0,1,"2,550","1,200",1989,1,A5,0,07/24/2025
5,MIDLAND BEACH,01 ONE FAMILY DWELLINGS,1,3679,29,,A1,N/A HAVEN AVENUE,,10306,1,0,1,"3,000","1,719",2024,1,A1,"300,000",06/24/2025
5,MIDLAND BEACH,01 ONE FAMILY DWELLINGS,1,3681,38,,A5,18 ROWAN AVENUE,,10306,1,0,1,"2,400","1,536",1975,1,A5,"675,000",09/24/2025
5,MIDLAND BEACH,01 ONE FAMILY DWELLINGS,1,3681,45,,A5,28 ROWAN AVENUE,,10306,1,0,1,"2,300","1,536",1975,1,A5,"745,000",10/31/2025
5,MIDLAND BEACH,01 ONE FAMILY DWELLINGS,1,3681,46,,A5,32 ROWAN AVENUE,,10306,1,0,1,"2,300","1,536",1975,1,A5,0,11/18/2025
5,MIDLAND BEACH,01 ONE FAMILY DWELLINGS,1,3681,70,,A5,365 STOBE AVENUE,,10306,1,0,1,"2,300","1,536",1975,1,A5,"499,000",11/20/2025
5,MIDLAND BEACH,01 ONE FAMILY DWELLINGS,1,3681,73,,A5,359 STOBE AVENUE,,10306,1,0,1,"2,300","1,536",1975,1,A5,"600,000",12/30/2025
5,MIDLAND BEACH,01 ONE FAMILY DWELLINGS,1,3682,62,,A5,364 STOBE AVENUE,,10306,1,0,1,"2,473","1,148",1975,1,A5,10,11/07/2025
5,MIDLAND BEACH,01 ONE FAMILY DWELLINGS,1,3682,64,,A5,370 STOBE AVENUE,,10306,1,0,1,"2,464","1,148",1975,1,A5,"805,000",01/29/2026
5,MIDLAND BEACH,01 ONE FAMILY DWELLINGS,1,3682,75,,A5,394 STOBE AVENUE,,10306,1,0,1,"2,464","1,148",1978,1,A5,"745,000",09/17/2025
5,MIDLAND BEACH,01 ONE FAMILY DWELLINGS,1,3683,60,,A5,388 JEFFERSON AVENUE,,10306,1,0,1,"2,448","1,040",1970,1,A5,0,06/30/2025
5,MIDLAND BEACH,01 ONE FAMILY DWELLINGS,1,3684,24,,A5,716 LACONIA AVENUE,,10306,1,0,1,"2,940","1,760",1975,1,A5,0,05/19/2025
5,MIDLAND BEACH,01 ONE FAMILY DWELLINGS,1,3685,14,,A5,276 HUNTER AVENUE,,10306,1,0,1,"3,395","2,703",2015,1,A5,0,11/11/2025
5,MIDLAND BEACH,01 ONE FAMILY DWELLINGS,1,3685,16,,A2,280 HUNTER AVENUE,,10306,1,0,1,"4,000","1,144",1950,1,A2,"200,000",05/16/2025
5,MIDLAND BEACH,01 ONE FAMILY DWELLINGS,1,3685,16,,A2,280 HUNTER AVENUE,,10306,1,0,1,"4,000","1,144",1950,1,A2,"750,000",08/05/2025
5,MIDLAND BEACH,01 ONE FAMILY DWELLINGS,1,3686,1,,A1,156 BOUNDARY AVENUE,,10306,1,0,1,"2,610","1,900",2002,1,A1,"800,000",04/15/2025
5,MIDLAND BEACH,01 ONE FAMILY DWELLINGS,1,3688,32,,A5,291 BEDFORD AVE,,10306,1,0,1,"2,500",936,1970,1,A5,"517,000",01/13/2026
5,MIDLAND BEACH,01 ONE FAMILY DWELLINGS,1,3689,69,,A5,321 BEDFORD AVENUE,,10306,1,0,1,"2,400",896,1970,1,A5,"780,000",04/28/2025
5,MIDLAND BEACH,01 ONE FAMILY DWELLINGS,1,3690,35,,A2,295 MIDLAND AVENUE,,10306,1,0,1,"4,068","1,064",1955,1,A2,0,05/15/2025
5,MIDLAND BEACH,01 ONE FAMILY DWELLINGS,1,3691,28,,A5,28 STACEY LANE,,10306,1,0,1,"2,208","1,400",1997,1,A5,"499,000",08/12/2025
5,MIDLAND BEACH,01 ONE FAMILY DWELLINGS,1,3692,23,,A2,28 ZWICKY AVE,,10306,1,0,1,"4,700",696,1955,1,A2,0,05/28/2025
5,MIDLAND BEACH,01 ONE FAMILY DWELLINGS,1,3697,23,,A1,320 LINCOLN AVENUE,,10306,1,0,1,"7,320",928,1945,1,A1,0,05/01/2025
5,MIDLAND BEACH,01 ONE FAMILY DWELLINGS,1,3699,5,,A5,381 GREELEY AVE,,10306,1,0,1,"3,000","2,688",2018,1,A5,"880,000",05/23/2025
5,MIDLAND BEACH,01 ONE FAMILY DWELLINGS,1,3699,29,,A5,388 LINCOLN AVENUE,,10306,1,0,1,"3,020","2,337",2015,1,A5,0,04/13/2025
5,MIDLAND BEACH,01 ONE FAMILY DWELLINGS,1,3700,30,,A1,291 BOUNDARY AVENUE,,10306,1,0,1,"4,400","2,800",1950,1,A1,10,11/14/2025
5,MIDLAND BEACH,01 ONE FAMILY DWELLINGS,1,3701,40,,A5,31 ELMTREE AVE,,10306,1,0,1,"2,226","1,042",1991,1,A5,"790,000",08/15/2025
5,MIDLAND BEACH,01 ONE FAMILY DWELLINGS,1,3702,50,,A5,301 SANILAC STREET,,10306,1,0,1,"2,500","1,120",1965,1,A5,"760,000",09/24/2025
5,MIDLAND BEACH,01 ONE FAMILY DWELLINGS,1,3702,56,,A5,313 SANILAC STREET,,10306,1,0,1,"2,400","1,200",1965,1,A5,0,04/16/2025
5,MIDLAND BEACH,01 ONE FAMILY DWELLINGS,1,3703,33,,A2,374 GREELEY AVENUE,,10306,1,0,1,"22,460","1,440",1950,1,A2,"2,900,000",10/16/2025
5,MIDLAND BEACH,01 ONE FAMILY DWELLINGS,1,3703,57,,A5,323 RUDYARD STREET,,10306,1,0,1,"2,000","1,200",1960,1,A5,0,09/08/2025
5,MIDLAND BEACH,01 ONE FAMILY DWELLINGS,1,3707,69,,A5,521 BUEL AVENUE,,10305,1,0,1,"3,903","1,350",1985,1,A5,"645,000",11/20/2025
5,MIDLAND BEACH,01 ONE FAMILY DWELLINGS,1,3707,71,,A5,519 BUEL AVENUE,,10305,1,0,1,"3,914","1,825",1985,1,A5,"816,000",02/23/2026
5,MIDLAND BEACH,01 ONE FAMILY DWELLINGS,1,3707,72,,A5,517 BUEL AVENUE,,10305,1,0,1,"1,961","1,825",1985,1,A5,"687,000",01/20/2026
5,MIDLAND BEACH,01 ONE FAMILY DWELLINGS,1,3707,78,,A5,501 BUEL AVENUE,,10305,1,0,1,"2,882","1,200",1979,1,A5,10,04/09/2025
5,MIDLAND BEACH,01 ONE FAMILY DWELLINGS,1,3708,1,,A5,445 DONGAN HILLS AVENUE,,10305,1,0,1,"2,400","1,456",1975,1,A5,0,10/02/2025
5,MIDLAND BEACH,01 ONE FAMILY DWELLINGS,1,3708,15,,A5,504 BUEL AVENUE,,10305,1,0,1,"2,222","1,504",1979,1,A5,0,10/01/2025
5,MIDLAND BEACH,01 ONE FAMILY DWELLINGS,1,3708,62,,A5,467 DONGAN HILLS AVENUE,,10305,1,0,1,"2,400","1,500",2003,1,A5,"785,000",12/05/2025
5,MIDLAND BEACH,01 ONE FAMILY DWELLINGS,1,3709,30,,A5,498 DONGAN HILLS AVENUE,,10305,1,0,1,"2,500","1,152",1980,1,A5,"727,500",01/15/2026
5,MIDLAND BEACH,01 ONE FAMILY DWELLINGS,1,3709,46,,A5,527 NAUGHTON AVENUE,,10305,1,0,1,"2,500","1,152",1980,1,A5,"700,000",07/18/2025
5,MIDLAND BEACH,01 ONE FAMILY DWELLINGS,1,3710,3,,A2,466 MASON AVENUE,,10305,1,0,1,"4,500","1,196",1975,1,A2,0,10/10/2025
5,MIDLAND BEACH,01 ONE FAMILY DWELLINGS,1,3710,26,,A2,446 NAUGHTON AVENUE,,10305,1,0,1,"4,480","1,144",1963,1,A2,0,10/09/2025
5,MIDLAND BEACH,01 ONE FAMILY DWELLINGS,1,3712,42,,A5,263 SLATER BLVD,,10305,1,0,1,"2,688","1,408",1975,1,A5,"735,000",07/11/2025
5,MIDLAND BEACH,01 ONE FAMILY DWELLINGS,1,3717,39,,A5,9 NUGENT COURT,,10306,1,0,1,"2,046","1,040",1992,1,A5,0,05/07/2025
5,MIDLAND BEACH,01 ONE FAMILY DWELLINGS,1,3717,49,,A5,457 JEFFERSON AVENUE,,10306,1,0,1,"2,464","1,408",1975,1,A5,"643,000",02/19/2026
5,MIDLAND BEACH,01 ONE FAMILY DWELLINGS,1,3718,46,,A5,473 ADAMS AVENUE,,10306,1,0,1,"2,684","1,760",1975,1,A5,0,04/15/2025
5,MIDLAND BEACH,01 ONE FAMILY DWELLINGS,1,3724,31,,A1,101 BEACHVIEW AVE,,10306,1,0,1,"1,500",896,2020,1,A1,0,12/24/2025
5,MIDLAND BEACH,01 ONE FAMILY DWELLINGS,1,3727,5,,A2,419 HAMDEN AVENUE,,10306,1,0,1,"1,500","1,310",1920,1,A2,0,01/26/2026
5,MIDLAND BEACH,01 ONE FAMILY DWELLINGS,1,3727,7,,A1,423 HAMDEN AVENUE,,10306,1,0,1,"1,500","1,271",2016,1,A1,"592,000",05/16/2025
5,MIDLAND BEACH,01 ONE FAMILY DWELLINGS,1,3729,141,,A5,145 MORELAND STREET,,10306,1,0,1,"2,675","1,320",1985,1,A5,0,08/12/2025
5,MIDLAND BEACH,01 ONE FAMILY DWELLINGS,1,3730,52,,A5,136 MORELAND STREET,,10306,1,0,1,"1,392","1,232",2000,1,A5,"717,000",01/05/2026
5,MIDLAND BEACH,01 ONE FAMILY DWELLINGS,1,3731,2,,A5,156 KISWICK STREET,,10306,1,0,1,"1,900","1,600",1998,1,A5,0,08/28/2025
5,MIDLAND BEACH,01 ONE FAMILY DWELLINGS,1,3731,2,,A5,156 KISWICK STREET,,10306,1,0,1,"1,900","1,600",1998,1,A5,"715,000",11/06/2025
5,MIDLAND BEACH,01 ONE FAMILY DWELLINGS,1,3735,3,,A5,485 MIDLAND AVENUE,,10306,1,0,1,"2,000","1,800",2003,1,A5,0,08/02/2025
5,MIDLAND BEACH,01 ONE FAMILY DWELLINGS,1,3735,22,,A1,172 MORELAND STREET,,10306,1,0,1,"2,000","1,632",2019,1,A1,0,10/06/2025
5,MIDLAND BEACH,01 ONE FAMILY DWELLINGS,1,3735,49,,A6,193 KISWICK STREET,,10306,1,0,1,"2,000",580,1920,1,A6,"80,000",11/06/2025
5,MIDLAND BEACH,01 ONE FAMILY DWELLINGS,1,3736,22,,A6,172 KISWICK STREET,,10306,1,0,1,"4,000",800,1925,1,A6,0,10/22/2025
5,MIDLAND BEACH,01 ONE FAMILY DWELLINGS,1,3736,38,,A5,815 NUGENT AVENUE,,10306,1,0,1,"2,500","1,200",1960,1,A5,"480,000",12/05/2025
5,MIDLAND BEACH,01 ONE FAMILY DWELLINGS,1,3739,10,,A5,471 LINCOLN AVENUE,,10306,1,0,1,"3,300","1,080",2011,1,A5,"935,000",06/30/2025
5,MIDLAND BEACH,01 ONE FAMILY DWELLINGS,1,3739,12,,A5,228 MORELAND STREET,,10306,1,0,1,"2,700","1,536",2006,1,A5,"697,501",05/27/2025
5,MIDLAND BEACH,01 ONE FAMILY DWELLINGS,1,3742,25,,A1,242 POULTNEY STREET,,10306,1,0,1,"4,000","1,932",1965,1,A1,0,01/07/2026
5,MIDLAND BEACH,01 ONE FAMILY DWELLINGS,1,3743,1,,A1,447 GREELEY AVENUE,,10306,1,0,1,"4,000","1,400",1935,1,A1,"730,000",12/09/2025
5,MIDLAND BEACH,01 ONE FAMILY DWELLINGS,1,3743,29,,A2,444 LINCOLN AVENUE,,10306,1,0,1,"4,000","1,152",1945,1,A2,"800,000",09/04/2025
5,MIDLAND BEACH,01 ONE FAMILY DWELLINGS,1,3744,17,,A5,312 RUDYARD STREET,,10306,1,0,1,"1,467","1,900",1989,1,A5,0,02/08/2026
5,MIDLAND BEACH,01 ONE FAMILY DWELLINGS,1,3746,26,,A2,294 OLDFIELD STREET,,10306,1,0,1,"2,000",770,1920,1,A2,"508,000",01/15/2026
5,MIDLAND BEACH,01 ONE FAMILY DWELLINGS,1,3746,31,,A5,282 OLDFIELD STREET,,10306,1,0,1,"2,400","2,496",1985,1,A5,0,10/29/2025
5,MIDLAND BEACH,01 ONE FAMILY DWELLINGS,1,3746,33,,A5,280 OLDFIELD STREET,,10306,1,0,1,"2,600","2,496",1985,1,A5,"890,000",09/26/2025
5,MIDLAND BEACH,01 ONE FAMILY DWELLINGS,1,3766,32,,A2,885 OLYMPIA BOULEVARD,,10305,1,0,1,"2,700",656,1940,1,A2,"350,000",05/28/2025
5,MIDLAND BEACH,01 ONE FAMILY DWELLINGS,1,3791,6,,A6,557 HUNTER AVENUE,,10306,1,0,1,"2,040",448,1920,1,A6,"425,000",05/28/2025
5,MIDLAND BEACH,01 ONE FAMILY DWELLINGS,1,3797,27,,A6,566 HUNTER AVENUE,,10306,1,0,1,"3,000",420,1945,1,A6,"360,000",09/02/2025
5,MIDLAND BEACH,01 ONE FAMILY DWELLINGS,1,3798,2,,A6,527 MIDLAND AVENUE,,10306,1,0,1,"1,155",612,1930,1,A6,"338,000",06/10/2025
5,MIDLAND BEACH,01 ONE FAMILY DWELLINGS,1,3799,45,,A6,16 MAPLETON AVENUE,,10306,1,0,1,"2,000",528,1930,1,A6,"205,000",10/30/2025
5,MIDLAND BEACH,01 ONE FAMILY DWELLINGS,1,3799,159,,A6,164C GRIMSBY STREET,,10306,1,0,1,"2,800",476,1935,1,A6,"460,000",12/08/2025
5,MIDLAND BEACH,01 ONE FAMILY DWELLINGS,1,3799,177,,A6,229A FREEBORN STREET,,10306,1,0,1,"1,323",500,1935,1,A6,"364,894",07/02/2025
5,MIDLAND BEACH,01 ONE FAMILY DWELLINGS,1,3800,3,,A5,15 HEMPSTEAD AVENUE,,10306,1,0,1,"2,800","1,680",2007,1,A5,"735,000",07/07/2025
5,MIDLAND BEACH,01 ONE FAMILY DWELLINGS,1,3800,36,,A6,1029 OLYMPIA BOULEVARD,,10306,1,0,1,"2,000",896,1925,1,A6,0,04/28/2025
5,MIDLAND BEACH,01 ONE FAMILY DWELLINGS,1,3800,37,,A2,1031 OLYMPIA BOULEVARD,,10306,1,0,1,"2,000",800,1950,1,A2,0,04/28/2025
5,MIDLAND BEACH,01 ONE FAMILY DWELLINGS,1,3800,124,,A5,26 MAPLETON AVENUE,,10306,1,0,1,"1,300","1,300",1990,1,A5,"620,000",06/02/2025
5,MIDLAND BEACH,01 ONE FAMILY DWELLINGS,1,3802,18,,A5,852 NUGENT AVE,,10306,1,0,1,"1,760","1,100",2004,1,A5,0,09/16/2025
5,MIDLAND BEACH,01 ONE FAMILY DWELLINGS,1,3807,14,,A2,118 BADEN PLACE,,10306,1,0,1,"2,000",840,1925,1,A2,"400,000",12/03/2025
5,MIDLAND BEACH,01 ONE FAMILY DWELLINGS,1,3807,34,,A6,747 PATTERSON AVENUE,,10306,1,0,1,"2,000",680,1925,1,A6,"180,000",09/15/2025
5,MIDLAND BEACH,01 ONE FAMILY DWELLINGS,1,3807,108,,A5,87 MAPLETON AVE,,10306,1,0,1,"1,300","1,400",1991,1,A5,0,07/22/2025
5,MIDLAND BEACH,01 ONE FAMILY DWELLINGS,1,3808,3,,A1,35 HEMPSTEAD AVENUE,,10306,1,0,1,"1,900","1,261",2017,1,A1,0,06/16/2025
5,MIDLAND BEACH,01 ONE FAMILY DWELLINGS,1,3808,32,,A2,215 COLONY AVENUE,,10306,1,0,1,"4,000",475,1940,1,A2,"465,000",09/30/2025
5,MIDLAND BEACH,01 ONE FAMILY DWELLINGS,1,3809,17,,A5,226 COLONY AVE,,10306,1,0,1,"1,800","1,400",1986,1,A5,"570,000",12/05/2025
5,MIDLAND BEACH,01 ONE FAMILY DWELLINGS,1,3810,25,,A5,140 BADEN PLACE,,10306,1,0,1,"2,100","1,600",2000,1,A5,0,01/28/2026
5,MIDLAND BEACH,01 ONE FAMILY DWELLINGS,1,3811,11,,A5,1060 OLYMPIA BLVD,,10306,1,0,1,"1,620","1,300",1992,1,A5,"660,000",07/28/2025
5,MIDLAND BEACH,01 ONE FAMILY DWELLINGS,1,3813,19,,A5,N/A HEMPSTEAD AVENUE,,10306,1,0,1,"1,900","1,662",2023,1,A5,"712,775",05/12/2025
5,MIDLAND BEACH,01 ONE FAMILY DWELLINGS,1,3813,20,,A5,N/A HEMPSTEAD AVENUE,,10306,1,0,1,"1,900","1,662",2023,1,A5,"712,775",05/21/2025
5,MIDLAND BEACH,01 ONE FAMILY DWELLINGS,1,3815,10,,A5,591 LINCOLN AVE,,10306,1,0,1,"2,400","1,200",1991,1,A5,0,11/12/2025
5,MIDLAND BEACH,01 ONE FAMILY DWELLINGS,1,3815,13,,A5,294 COLONY AVENUE,,10306,1,0,1,"2,000","1,500",2006,1,A5,"746,750",06/09/2025
5,MIDLAND BEACH,01 ONE FAMILY DWELLINGS,1,3816,13,,A5,294 BADEN PLACE,,10306,1,0,1,"2,185","1,600",2004,1,A5,0,10/10/2025
5,MIDLAND BEACH,01 ONE FAMILY DWELLINGS,1,3817,7,,A5,1278 MASON AVENUE,,10306,1,0,1,"2,080","1,286",2007,1,A5,0,05/29/2025
5,MIDLAND BEACH,01 ONE FAMILY DWELLINGS,1,3819,6,,A5,499 GREELEY AVENUE,,10306,1,0,1,"2,388","1,208",2001,1,A5,"740,000",01/15/2026
5,MIDLAND BEACH,01 ONE FAMILY DWELLINGS,1,3820,53,,A1,315 MORELAND STREET,,10306,1,0,1,"4,000","2,400",2017,1,A1,0,10/30/2025
5,MIDLAND BEACH,01 ONE FAMILY DWELLINGS,1,3822,17,,A2,316 KISWICK STREET,,10306,1,0,1,"4,000",816,1955,1,A2,"730,000",12/30/2025
5,MIDLAND BEACH,01 ONE FAMILY DWELLINGS,1,3822,50,,A5,969 NUGENT AVENUE,,10306,1,0,1,"2,150","1,120",2009,1,A5,"743,500",12/17/2025
5,MIDLAND BEACH,01 ONE FAMILY DWELLINGS,1,3824,3,,A2,389 SLATER BOULEVARD,,10305,1,0,1,600,678,1930,1,A2,"380,250",08/22/2025
5,MIDLAND BEACH,01 ONE FAMILY DWELLINGS,1,3839,9,,A5,662 QUINCY AVENUE,,10305,1,0,1,"2,000","1,480",2010,1,A5,"652,000",04/08/2025
5,MIDLAND BEACH,01 ONE FAMILY DWELLINGS,1,3848,3,,A2,14 CHEROKEE STREET,,10305,1,0,1,"1,800","1,002",1925,1,A2,0,08/06/2025
5,MIDLAND BEACH,01 ONE FAMILY DWELLINGS,1,3861,104,,A6,665 HUNTER AVENUE,,10306,1,0,1,"3,146",420,1920,1,A6,"190,000",10/17/2025
5,MIDLAND BEACH,01 ONE FAMILY DWELLINGS,1,3871,4,,A6,107 MAPLETON AVENUE,,10306,1,0,1,"2,000",640,1930,1,A6,"398,000",12/23/2025
5,MIDLAND BEACH,01 ONE FAMILY DWELLINGS,1,3871,17,,A5,736 PATTERSON AVENUE,,10306,1,0,1,"2,460","1,400",1992,1,A5,0,08/05/2025
5,MIDLAND BEACH,01 ONE FAMILY DWELLINGS,1,3871,17,,A5,736 PATTERSON AVENUE,,10306,1,0,1,"2,460","1,400",1992,1,A5,0,11/06/2025
5,MIDLAND BEACH,01 ONE FAMILY DWELLINGS,1,3871,18,,A5,732 PATTERSON AVENUE,,10306,1,0,1,"2,880","1,400",1992,1,A5,0,08/05/2025
5,MIDLAND BEACH,01 ONE FAMILY DWELLINGS,1,3871,18,,A5,732 PATTERSON AVENUE,,10306,1,0,1,"2,880","1,400",1992,1,A5,0,11/06/2025
5,MIDLAND BEACH,01 ONE FAMILY DWELLINGS,1,3871,25,,A5,664 HUNTER AVENUE,,10306,1,0,1,"2,340","1,600",2002,1,A5,0,12/03/2025
5,MIDLAND BEACH,01 ONE FAMILY DWELLINGS,1,3871,27,,A5,668 HUNTER AVENUE,,10306,1,0,1,"3,195","1,600",2002,1,A5,0,12/03/2025
5,MIDLAND BEACH,01 ONE FAMILY DWELLINGS,1,3873,16,,A5,794 PATTERSON AVENUE,,10306,1,0,1,"2,458","1,136",2000,1,A5,"690,000",06/24/2025
5,MIDLAND BEACH,01 ONE FAMILY DWELLINGS,1,3873,40,,A5,1045 FATHER CAPODANNO BLVD,,10306,1,0,1,"1,014","1,480",1991,1,A5,"525,000",08/19/2025
5,MIDLAND BEACH,01 ONE FAMILY DWELLINGS,1,3873,107,,A5,1067 FATHER CAPODANNO BOULEVARD,,10306,1,0,1,975,"1,480",1989,1,A5,"561,500",05/27/2025
5,MIDLAND BEACH,01 ONE FAMILY DWELLINGS,1,3873,113,,A5,16 PEGGY LANE,,10306,1,0,1,"1,050","1,480",1989,1,A5,0,11/19/2025
5,MIDLAND BEACH,01 ONE FAMILY DWELLINGS,1,3873,116,,A5,22 PEGGY LANE,,10306,1,0,1,"1,050","1,480",1989,1,A5,"615,000",10/23/2025
5,MIDLAND BEACH,01 ONE FAMILY DWELLINGS,1,3881,40,,A2,261 GRIMSBY STREET,,10306,1,0,1,"4,000","1,024",1920,1,A2,"610,000",03/02/2026
5,MIDLAND BEACH,01 ONE FAMILY DWELLINGS,1,3882,5,,A1,541 GREELEY AVENUE,,10306,1,0,1,"3,000","1,816",2020,1,A1,"660,000",09/25/2025
5,MIDLAND BEACH,01 ONE FAMILY DWELLINGS,1,3882,30,,A5,542 LINCOLN AVENUE,,10306,1,0,1,"1,500","1,750",2002,1,A5,"739,999",01/14/2026
5,MIDLAND BEACH,01 ONE FAMILY DWELLINGS,1,3884,6,,A2,579 GREELEY AVENUE,,10306,1,0,1,"4,400","1,608",1910,1,A2,"870,000",01/21/2026
5,MIDLAND BEACH,01 ONE FAMILY DWELLINGS,1,3884,36,,A5,325 COLONY AVENUE,,10306,1,0,1,"2,000","1,660",2004,1,A5,"730,000",09/09/2025
5,MIDLAND BEACH,01 ONE FAMILY DWELLINGS,1,3884,41,,A5,335 COLONY AVENUE,,10306,1,0,1,"2,000","1,198",2017,1,A5,0,09/30/2025
5,MIDLAND BEACH,01 ONE FAMILY DWELLINGS,1,3886,24,,A2,368 GRIMSBY STREET,,10306,1,0,1,"3,000",720,1925,1,A2,"600,000",06/03/2025
5,MIDLAND BEACH,01 ONE FAMILY DWELLINGS,1,3886,25,,A5,364 GRIMSBY STREET,,10306,1,0,1,"2,200","1,200",2003,1,A5,"745,000",02/03/2026
5,MIDLAND BEACH,01 ONE FAMILY DWELLINGS,1,3886,26,,A5,362 GRIMSBY STREET,,10306,1,0,1,"1,400","1,200",2003,1,A5,"640,000",05/07/2025
5,MIDLAND BEACH,01 ONE FAMILY DWELLINGS,1,3886,27,,A5,360 GRIMSBY STREET,,10306,1,0,1,"2,200","1,200",2003,1,A5,"705,000",06/27/2025
5,MIDLAND BEACH,02 TWO FAMILY DWELLINGS,1,3481,14,,B2,742 SEAVIEW AVENUE,,10305,2,0,2,"4,000","2,186",2018,1,B2,0,05/08/2025
5,MIDLAND BEACH,02 TWO FAMILY DWELLINGS,1,3481,14,,B2,742 SEAVIEW AVENUE,,10305,2,0,2,"4,000","2,186",2018,1,B2,"190,775",06/18/2025
5,MIDLAND BEACH,02 TWO FAMILY DWELLINGS,1,3652,51,,B2,327 NAUGHTON AVENUE,,10305,2,0,2,"5,640","2,548",1980,1,B2,0,06/09/2025
5,MIDLAND BEACH,02 TWO FAMILY DWELLINGS,1,3656,25,,B2,322 NAUGHTON AVE,,10305,2,0,2,"4,480","2,328",1985,1,B2,0,12/03/2025
5,MIDLAND BEACH,02 TWO FAMILY DWELLINGS,1,3657,18,,B2,22 SLATER BOULEVARD,,10305,2,0,2,"4,480","2,876",1945,1,B2,"1,002,573",01/30/2026
5,MIDLAND BEACH,02 TWO FAMILY DWELLINGS,1,3657,26,,B2,38 SLATER BOULEVARD,,10305,2,0,2,"4,480","2,120",1975,1,B2,0,08/01/2025
5,MIDLAND BEACH,02 TWO FAMILY DWELLINGS,1,3657,26,,B2,38 SLATER BOULEVARD,,10305,2,0,2,"4,480","2,120",1975,1,B2,0,02/06/2026
5,MIDLAND BEACH,02 TWO FAMILY DWELLINGS,1,3659,21,,B2,382 NAUGHTON AVENUE,,10305,2,0,2,"4,704","2,000",1970,1,B2,0,11/20/2025
5,MIDLAND BEACH,02 TWO FAMILY DWELLINGS,1,3659,45,,B2,107 SLATER BOULEVARD,,10305,2,0,2,"4,816","2,092",1970,1,B2,0,02/19/2026
5,MIDLAND BEACH,02 TWO FAMILY DWELLINGS,1,3660,27,,B2,108 SLATER BOULEVARD,,10305,2,0,2,"4,704","2,187",1970,1,B2,"1,050,000",06/18/2025
5,MIDLAND BEACH,02 TWO FAMILY DWELLINGS,1,3660,31,,B2,116 SLATER BOULEVARD,,10305,2,0,2,"5,000","2,187",1970,1,B2,"998,000",09/22/2025
5,MIDLAND BEACH,02 TWO FAMILY DWELLINGS,1,3660,35,,B2,491 MASON AVENUE,,10305,2,0,2,"6,500","2,120",1985,1,B2,"1,103,000",12/23/2025
5,MIDLAND BEACH,02 TWO FAMILY DWELLINGS,1,3667,26,,B9,50 BOUNDARY AVENUE,,10306,2,0,2,"2,896","2,255",2000,1,B9,0,06/26/2025
5,MIDLAND BEACH,02 TWO FAMILY DWELLINGS,1,3674,82,,B2,323 JEFFERSON AVENUE,,10306,2,0,2,"4,880","2,260",1970,1,B2,"550,000",01/09/2026
5,MIDLAND BEACH,02 TWO FAMILY DWELLINGS,1,3679,49,,B2,306 JEFFERSON AVENUE,,10306,2,0,2,"4,520","2,234",1970,1,B2,0,05/14/2025
5,MIDLAND BEACH,02 TWO FAMILY DWELLINGS,1,3679,57,,B2,322 JEFFERSON AVENUE,,10306,2,0,2,"4,320","2,234",1970,1,B2,0,12/22/2025
5,MIDLAND BEACH,02 TWO FAMILY DWELLINGS,1,3682,55,,B2,354 STOBE AVENUE,,10306,2,0,2,"3,752","2,088",1975,1,B2,0,05/08/2025
5,MIDLAND BEACH,02 TWO FAMILY DWELLINGS,1,3683,51,,B1,372 JEFFERSON AVENUE,,10306,2,0,2,"4,800","2,514",1970,1,B1,0,09/12/2025
5,MIDLAND BEACH,02 TWO FAMILY DWELLINGS,1,3689,48,,B2,363 BEDFORD AVENUE,,10306,2,0,2,"4,000","1,782",1975,1,B2,0,06/04/2025
5,MIDLAND BEACH,02 TWO FAMILY DWELLINGS,1,3698,9,,B2,351 GREELEY AVENUE,,10306,2,0,2,"4,000",800,1920,1,B2,0,06/04/2025
5,MIDLAND BEACH,02 TWO FAMILY DWELLINGS,1,3698,38,,B2,251 SANILAC STREET,,10306,2,0,2,"4,000","1,720",1965,1,B2,"1,070,000",05/01/2025
5,MIDLAND BEACH,02 TWO FAMILY DWELLINGS,1,3699,15,,B2,262 SANILAC STREET,,10306,2,0,2,"4,000","1,912",1965,1,B2,0,06/05/2025
5,MIDLAND BEACH,02 TWO FAMILY DWELLINGS,1,3708,6,,B2,480 BUEL AVENUE,,10305,2,0,2,"5,000","2,712",1980,1,B2,10,05/16/2025
5,MIDLAND BEACH,02 TWO FAMILY DWELLINGS,1,3713,27,,B9,244 SLATER BOULEVARD,,10305,2,0,2,"3,111","2,112",1980,1,B9,"650,000",06/16/2025
5,MIDLAND BEACH,02 TWO FAMILY DWELLINGS,1,3713,27,,B9,244 SLATER BOULEVARD,,10305,2,0,2,"3,111","2,112",1980,1,B9,"998,000",02/19/2026
5,MIDLAND BEACH,02 TWO FAMILY DWELLINGS,1,3713,28,,B9,246 SLATER BOULEVARD,,10305,2,0,2,"3,111","1,872",1980,1,B9,0,09/09/2025
5,MIDLAND BEACH,02 TWO FAMILY DWELLINGS,1,3722,50,,B9,396 ADAMS AVENUE,,10306,2,0,2,"3,640","1,656",1975,1,B9,0,07/22/2025
5,MIDLAND BEACH,02 TWO FAMILY DWELLINGS,1,3729,142,,B9,147 MORELAND STREET,,10306,2,0,2,"2,794","1,320",1985,1,B9,"678,000",04/02/2025
5,MIDLAND BEACH,02 TWO FAMILY DWELLINGS,1,3735,40,,B2,175 KISWICK STREET,,10306,2,0,2,"3,000","1,474",2017,1,B2,0,11/13/2025
5,MIDLAND BEACH,02 TWO FAMILY DWELLINGS,1,3739,23,,B3,476 MIDLAND AVENUE,,10306,2,0,2,"3,745","1,332",1945,1,B3,"680,000",08/20/2025
5,MIDLAND BEACH,02 TWO FAMILY DWELLINGS,1,3742,6,,B9,419 GREELEY AVENUE,,10306,2,0,2,"3,300","1,580",2010,1,B9,"999,000",07/17/2025
5,MIDLAND BEACH,02 TWO FAMILY DWELLINGS,1,3742,12,,B3,266 POULTNEY STREET,,10306,2,0,2,"4,000","1,272",1920,1,B3,0,12/02/2025
5,MIDLAND BEACH,02 TWO FAMILY DWELLINGS,1,3746,24,,B2,296 OLDFIELD STREET,,10306,2,0,2,"4,000","2,350",2024,1,B2,"1,486,645",09/02/2025
5,MIDLAND BEACH,02 TWO FAMILY DWELLINGS,1,3765,18,,B2,N/A GRIMSBY STREET,,10305,2,0,2,"3,800","2,262",2023,1,B2,"996,000",06/20/2025
5,MIDLAND BEACH,02 TWO FAMILY DWELLINGS,1,3798,26,,B2,806 NUGENT AVENUE,,10306,2,0,2,"3,560","1,928",2005,1,B2,0,04/07/2025
5,MIDLAND BEACH,02 TWO FAMILY DWELLINGS,1,3806,33,,B2,115 BADEN PLACE,,10306,2,0,2,"4,000","2,000",1930,1,B2,"729,067",08/20/2025
5,MIDLAND BEACH,02 TWO FAMILY DWELLINGS,1,3814,7,,B2,577 LINCOLN AVENUE,,10306,2,0,2,"4,000","2,412",2017,1,B2,0,12/16/2025
5,MIDLAND BEACH,02 TWO FAMILY DWELLINGS,1,3821,24,,B9,298 MORELAND STREET,,10306,2,0,2,"3,500","1,700",2012,1,B9,0,08/06/2025
5,MIDLAND BEACH,02 TWO FAMILY DWELLINGS,1,3822,30,,B2,492 GREELEY AVENUE,,10306,2,0,2,"6,000","1,976",1945,1,B2,10,10/24/2025
5,MIDLAND BEACH,02 TWO FAMILY DWELLINGS,1,3822,47,,B2,963 NUGENT AVENUE,,10306,2,0,2,"4,000","1,500",1988,1,B2,0,10/06/2025
5,MIDLAND BEACH,02 TWO FAMILY DWELLINGS,1,3826,15,,B9,753 QUINCY AVENUE,,10305,2,0,2,"1,980","1,762",2000,1,B9,"625,000",05/30/2025
5,MIDLAND BEACH,02 TWO FAMILY DWELLINGS,1,3864,30,,B9,985 FATHER CAPODANNO BL,,10306,2,0,2,"2,002","1,400",2002,1,B9,"703,000",08/15/2025
5,MIDLAND BEACH,02 TWO FAMILY DWELLINGS,1,3884,28,,B2,580 LINCOLN AVENUE,,10306,2,0,2,"5,000","2,304",2017,1,B2,0,12/16/2025
5,MIDLAND BEACH,02 TWO FAMILY DWELLINGS,1,3884,30,,B2,319 COLONY AVENUE,,10306,2,0,2,"5,000","2,304",2017,1,B2,0,01/06/2026
5,MIDLAND BEACH,02 TWO FAMILY DWELLINGS,1,3887,49,,B9,1201 OLYMPIA BOULEVARD,,10306,2,0,2,"3,400","2,352",2018,1,B9,"988,000",02/10/2026
5,MIDLAND BEACH,02 TWO FAMILY DWELLINGS,1,3905,37,,B9,336 BRYANT AVENUE,,10306,2,0,2,"3,700","1,968",1931,1,B9,0,08/08/2025
5,MIDLAND BEACH,03 THREE FAMILY DWELLINGS,1,3683,78,,C0,629 MASON AVENUE,,10306,3,0,3,"5,382","3,850",1980,1,C0,0,08/07/2025
5,MIDLAND BEACH,03 THREE FAMILY DWELLINGS,1,3683,78,,C0,629 MASON AVENUE,,10306,3,0,3,"5,382","3,850",1980,1,C0,0,09/30/2025
5,MIDLAND BEACH,03 THREE FAMILY DWELLINGS,1,3683,78,,C0,629 MASON AVENUE,,10306,3,0,3,"5,382","3,850",1980,1,C0,"691,125",10/17/2025
5,MIDLAND BEACH,03 THREE FAMILY DWELLINGS,1,3683,83,,C0,639 MASON AVENUE,,10306,3,0,3,"5,300","2,800",1980,1,C0,"210,000",08/07/2025
5,MIDLAND BEACH,04 TAX CLASS 1 CONDOS,1A,3674,1045,,R3,"20 MEADOW PLACE, E",E,10306,1,,1,,,1985,1,R3,"360,000",01/27/2026
5,MIDLAND BEACH,04 TAX CLASS 1 CONDOS,1A,3674,1046,,R3,"20 MEADOW PLACE, F",F,10306,1,,1,,,1985,1,R3,0,06/18/2025
5,MIDLAND BEACH,04 TAX CLASS 1 CONDOS,1A,3674,1049,,R3,"40A MEADOW PLACE, 40A",40A,10306,1,,1,,,1985,1,R3,"345,000",12/09/2025
5,MIDLAND BEACH,04 TAX CLASS 1 CONDOS,1A,3674,1061,,R3,"40N MEADOW PLACE, 40N",40N,10306,1,,1,,,1985,1,R3,"379,000",09/10/2025
5,MIDLAND BEACH,04 TAX CLASS 1 CONDOS,1A,3750,1019,,R3,"568 DONGAN HILLS AVENUE, 19A1",19A1,10305,1,,1,,,1981,1,R3,"680,000",02/25/2026
5,MIDLAND BEACH,04 TAX CLASS 1 CONDOS,1C,3765,1202,,R6,"188 GRAHAM BOULEVARD, B",B,10305,1,,1,,,2011,1,R6,"700,000",12/04/2025
5,MIDLAND BEACH,04 TAX CLASS 1 CONDOS,1A,3893,1062,,R3,903 PATTERSON AVENUE,,10306,1,,1,,,1981,1,R3,"540,000",08/20/2025
5,MIDLAND BEACH,05 TAX CLASS 1 VACANT LAND,1B,3475,1,,V0,N/A OLYMPIA BOULEVARD,,10305,0,0,0,"2,100",0,,1,V0,0,12/10/2025
5,MIDLAND BEACH,05 TAX CLASS 1 VACANT LAND,1B,3475,2,,V0,N/A OLYMPIA BOULEVARD,,10305,0,0,0,"34,000",0,,1,V0,0,12/10/2025
5,MIDLAND BEACH,05 TAX CLASS 1 VACANT LAND,1B,3475,6,,V0,N/A SEAVIEW AVENUE,,10305,0,0,0,"10,500",0,,1,V0,0,12/10/2025
5,MIDLAND BEACH,05 TAX CLASS 1 VACANT LAND,1B,3475,12,,V0,N/A SEAVIEW AVENUE,,10305,0,0,0,"10,000",0,,1,V0,0,12/10/2025
5,MIDLAND BEACH,05 TAX CLASS 1 VACANT LAND,1B,3475,17,,V0,N/A SEAVIEW AVENUE,,10305,0,0,0,"6,000",0,,1,V0,0,12/10/2025
5,MIDLAND BEACH,05 TAX CLASS 1 VACANT LAND,1B,3475,28,,V0,N/A SEAVIEW AVENUE,,10305,0,0,0,"2,000",0,,1,V0,0,12/10/2025
5,MIDLAND BEACH,05 TAX CLASS 1 VACANT LAND,1B,3475,29,,V0,N/A SEAVIEW AVENUE,,10305,0,0,0,"6,000",0,,1,V0,0,12/10/2025
5,MIDLAND BEACH,05 TAX CLASS 1 VACANT LAND,1B,3475,46,,V0,N/A LIBERTY AVENUE,,10305,0,0,0,"2,000",0,,1,V0,0,12/10/2025
5,MIDLAND BEACH,05 TAX CLASS 1 VACANT LAND,1B,3475,47,,V0,N/A LIBERTY AVENUE,,10305,0,0,0,"4,000",0,,1,V0,0,12/10/2025
5,MIDLAND BEACH,05 TAX CLASS 1 VACANT LAND,1B,3475,49,,V0,N/A LIBERTY AVENUE,,10305,0,0,0,"4,000",0,,1,V0,0,12/10/2025
5,MIDLAND BEACH,05 TAX CLASS 1 VACANT LAND,1B,3685,15,,V0,N/A HUNTER AVENUE,,10306,0,0,0,"2,000",0,,1,V0,"125,000",05/16/2025
5,MIDLAND BEACH,05 TAX CLASS 1 VACANT LAND,1B,3685,15,,V0,N/A HUNTER AVENUE,,10306,0,0,0,"2,000",0,,1,V0,"750,000",08/05/2025
5,MIDLAND BEACH,05 TAX CLASS 1 VACANT LAND,1B,3713,55,,V0,N/A SEAVER AVENUE,,10305,0,0,0,"6,720",0,,1,V0,"650,000",06/16/2025
5,MIDLAND BEACH,05 TAX CLASS 1 VACANT LAND,1B,3713,55,,V0,N/A SEAVER AVENUE,,10305,0,0,0,"6,720",0,,1,V0,"998,000",02/19/2026
5,MIDLAND BEACH,05 TAX CLASS 1 VACANT LAND,1B,3727,6,,V0,N/A HAMDEN AVENUE,,10306,0,0,0,"1,500",0,,1,V0,"592,000",05/16/2025
5,MIDLAND BEACH,05 TAX CLASS 1 VACANT LAND,1B,3766,33,,V0,N/A OLYMPIA BOULEVARD,,10305,0,0,0,"3,600",0,,1,V0,"350,000",05/28/2025
5,MIDLAND BEACH,05 TAX CLASS 1 VACANT LAND,1B,3824,1,,V0,N/A SLATER BOULEVARD,,10305,0,0,0,"1,200",0,,1,V0,"380,250",08/22/2025
5,MIDLAND BEACH,05 TAX CLASS 1 VACANT LAND,1B,3824,14,,V0,N/A SLATER BOULEVARD,,10305,0,0,0,"3,600",0,,1,V0,"380,250",08/22/2025
5,MIDLAND BEACH,05 TAX CLASS 1 VACANT LAND,1B,3826,23,,V0,N/A IONA STREET,,10305,0,0,0,660,0,,1,V0,"625,000",05/30/2025
5,MIDLAND BEACH,05 TAX CLASS 1 VACANT LAND,1B,3842,33,,V0,51 GRAHAM BLVD,,10305,0,0,0,"4,000",0,,1,V0,"120,000",09/04/2025
5,MIDLAND BEACH,05 TAX CLASS 1 VACANT LAND,1B,3864,114,,V0,N/A JEFFERSON AVENUE,,10306,0,0,0,"3,840",0,,1,V0,"63,000",04/02/2025
5,MIDLAND BEACH,06 TAX CLASS 1 - OTHER,1,3808,40,,G0,231 COLONY AVENUE,,10306,1,0,1,"1,980",0,1901,1,G0,0,08/20/2025
5,MIDLAND BEACH,21 OFFICE BUILDINGS,4,3685,7,,O7,2076 HYLAN BLVD,,10306,0,1,1,"8,100","7,187",2015,4,O7,0,01/22/2026
5,MIDLAND BEACH,21 OFFICE BUILDINGS,4,3685,7,,O7,2076 HYLAN BLVD,,10306,0,1,1,"8,100","7,187",2015,4,O7,"4,050,000",12/10/2025
5,MIDLAND BEACH,21 OFFICE BUILDINGS,4,3738,22,,O7,460 MIDLAND AVENUE,,10306,2,2,4,"4,068","2,830",1965,4,O7,"1,400,000",07/25/2025
5,MIDLAND BEACH,22 STORE BUILDINGS,4,3652,3,,K1,1834 HYLAN BOULEVARD,,10305,0,4,4,"6,175","4,100",1963,4,K1,"1,750,000",04/01/2025
5,MIDLAND BEACH,22 STORE BUILDINGS,4,3657,1,,K1,1898 HYLAN BOULEVARD,,10305,0,2,2,"8,980","4,550",1978,4,K1,"2,500,000",06/12/2025
5,MIDLAND BEACH,22 STORE BUILDINGS,4,3660,44,,K4,381 SEAVER AVENUE,,10305,0,1,1,"5,600","4,800",2006,4,K4,"2,950,000",07/09/2025
5,MIDLAND BEACH,22 STORE BUILDINGS,4,3666,2,,K2,1988 HYLAN BOULEVARD,,10306,0,1,1,"1,291","2,300",1978,4,K2,"2,000,000",01/27/2026
5,MIDLAND BEACH,22 STORE BUILDINGS,4,3666,4,,K1,1986 HYLAN BOULEVARD,,10306,0,1,1,"1,442",850,1978,4,K1,"2,000,000",01/27/2026
5,MIDLAND BEACH,22 STORE BUILDINGS,4,3666,44,,K1,1984 HYLAN BOULEVARD,,10306,0,1,1,"1,442",850,1978,4,K1,"2,000,000",01/27/2026
5,MIDLAND BEACH,22 STORE BUILDINGS,4,3697,1,,K1,2248 HYLAN BOULEVARD,,10306,0,1,1,"5,580","3,600",1970,4,K1,"2,900,000",07/16/2025
5,MIDLAND BEACH,22 STORE BUILDINGS,4,3697,4,,K2,2244 HYLAN BOULEVARD,,10306,0,2,2,"1,800","1,800",1990,4,K2,"2,900,000",07/16/2025
5,MIDLAND BEACH,22 STORE BUILDINGS,4,3697,5,,K2,2242 HYLAN BOULEVARD,,10306,0,2,2,"1,802","1,800",1990,4,K2,"2,900,000",07/16/2025
5,MIDLAND BEACH,22 STORE BUILDINGS,4,3739,21,,K1,470 MIDLAND AVENUE,,10306,0,1,1,"2,400","1,470",1989,4,K1,"715,000",10/10/2025
5,MIDLAND BEACH,29 COMMERCIAL GARAGES,4,3738,25,,G7,N/A MORELAND STREET,,10306,0,0,0,"1,920",0,,4,G7,"1,400,000",07/25/2025
5,MIDLAND BEACH,30 WAREHOUSES,4,3692,33,,E1,339 LINCOLN AVENUE,,10306,0,3,3,"4,949","4,475",1930,4,E1,"1,345,000",05/08/2025
5,MIDLAND BEACH,33 EDUCATIONAL FACILITIES,4,3660,38,,W8,389 SEAVER AVENUE,,10305,0,1,1,"6,000","2,700",1996,4,W8,"2,950,000",07/09/2025
5,MIDLAND BEACH,37 RELIGIOUS FACILITIES,4,3814,1,,M1,585 LINCOLN AVENUE,,10306,0,1,1,"4,140","3,200",1987,4,M1,"400,000",05/16/2025
5,MIDLAND BEACH,37 RELIGIOUS FACILITIES,4,3883,6,,M4,555 GREELEY AVENUE,,10306,0,1,1,"9,000","8,890",1950,4,M4,"925,000",07/25/2025
5,NEW BRIGHTON,01 ONE FAMILY DWELLINGS,1,15,67,,A1,27 ST MARKS PLACE,,10301,1,0,1,"3,399","1,972",1925,1,A1,0,06/12/2025
5,NEW BRIGHTON,01 ONE FAMILY DWELLINGS,1,15,138,,A2,106 CARROLL PLACE,,10301,1,0,1,"2,698","1,260",1950,1,A2,"659,000",10/06/2025
5,NEW BRIGHTON,01 ONE FAMILY DWELLINGS,1,17,104,,A1,100 MONTGOMERY AVENUE,,10301,1,0,1,"2,125","1,160",1920,1,A1,"300,000",07/22/2025
5,NEW BRIGHTON,01 ONE FAMILY DWELLINGS,1,17,104,,A1,100 MONTGOMERY AVENUE,,10301,1,0,1,"2,125","1,160",1920,1,A1,"319,410",11/03/2025
5,NEW BRIGHTON,01 ONE FAMILY DWELLINGS,1,17,106,,A1,106 MONTGOMERY AVENUE,,10301,1,0,1,"2,125","1,120",1930,1,A1,"441,090",09/30/2025
5,NEW BRIGHTON,01 ONE FAMILY DWELLINGS,1,21,56,,A1,110 HAMILTON AVENUE,,10301,1,0,1,"3,700","2,867",1910,1,A1,0,05/06/2025
5,NEW BRIGHTON,01 ONE FAMILY DWELLINGS,1,22,93,,A9,10 PHELPS PLACE,,10301,1,0,1,"8,270","2,678",1930,1,A9,0,05/15/2025
5,NEW BRIGHTON,01 ONE FAMILY DWELLINGS,1,24,39,,A1,184 DANIEL LOW TERRACE,,10301,1,0,1,"3,300","2,086",1920,1,A1,0,07/21/2025
5,NEW BRIGHTON,01 ONE FAMILY DWELLINGS,1,28,73,,A1,16 CRESCENT AVENUE,,10301,1,0,1,"4,000","1,728",1899,1,A1,"689,000",07/01/2025
5,NEW BRIGHTON,01 ONE FAMILY DWELLINGS,1,29,23,,A1,76 FT HILL CIRCLE,,10301,1,0,1,"6,496","2,460",1930,1,A1,0,08/28/2025
5,NEW BRIGHTON,01 ONE FAMILY DWELLINGS,1,30,57,,A1,31 CRESCENT AVENUE,,10301,1,0,1,"2,500","1,170",1925,1,A1,"430,000",02/26/2026
5,NEW BRIGHTON,01 ONE FAMILY DWELLINGS,1,35,73,,A1,440 WESTERVELT AVENUE,,10301,1,0,1,"2,625","1,412",1925,1,A1,"475,000",05/29/2025
5,NEW BRIGHTON,01 ONE FAMILY DWELLINGS,1,35,79,,A1,45 BROOK STREET,,10301,1,0,1,"1,909",972,1920,1,A1,0,11/13/2025
5,NEW BRIGHTON,01 ONE FAMILY DWELLINGS,1,37,30,,A1,20 WINTER AVENUE,,10301,1,0,1,"2,500","1,567",2006,1,A1,"695,000",02/13/2026
5,NEW BRIGHTON,01 ONE FAMILY DWELLINGS,1,37,76,,A1,67 SCRIBNER AVENUE,,10301,1,0,1,"3,300","2,248",1920,1,A1,0,06/10/2025
5,NEW BRIGHTON,01 ONE FAMILY DWELLINGS,1,42,9,,S1,413 JERSEY STREET,,10301,1,1,2,"2,650","3,696",1920,1,S1,"480,000",07/23/2025
5,NEW BRIGHTON,01 ONE FAMILY DWELLINGS,1,42,63,,A1,101 SCRIBNER AVENUE,,10301,1,0,1,"3,400","1,240",1920,1,A1,"600,000",06/20/2025
5,NEW BRIGHTON,01 ONE FAMILY DWELLINGS,1,42,69,,A2,109 SCRIBNER AVENUE,,10301,1,0,1,"3,400","1,872",1920,1,A2,"333,500",06/24/2025
5,NEW BRIGHTON,01 ONE FAMILY DWELLINGS,1,43,67,,A1,145 WINTER AVENUE,,10301,1,0,1,"2,500","1,915",2017,1,A1,"570,000",07/31/2025
5,NEW BRIGHTON,01 ONE FAMILY DWELLINGS,1,44,19,,A1,N/A HENDRICKS AVENUE,,10301,1,0,1,"2,500","1,484",2024,1,A1,"616,041",09/03/2025
5,NEW BRIGHTON,01 ONE FAMILY DWELLINGS,1,47,102,,S1,400 JERSEY STREET,,10301,1,1,2,"1,675","1,216",1930,1,S1,"400,000",04/30/2025
5,NEW BRIGHTON,01 ONE FAMILY DWELLINGS,1,53,29,,A2,28 PARK PLACE,,10301,1,0,1,"3,492",976,1920,1,A2,0,02/09/2026
5,NEW BRIGHTON,01 ONE FAMILY DWELLINGS,1,53,100,,A1,135 HIGHVIEW AVENUE,,10301,1,0,1,"4,000","2,268",1905,1,A1,"508,000",10/23/2025
5,NEW BRIGHTON,01 ONE FAMILY DWELLINGS,1,54,13,,A1,83 HIGHVIEW AVENUE,,10301,1,0,1,"11,550","1,839",1899,1,A1,"1,000",08/28/2025
5,NEW BRIGHTON,01 ONE FAMILY DWELLINGS,1,54,25,,A9,63 HIGHVIEW,,10301,1,0,1,"5,106","1,044",1899,1,A9,"385,320",10/09/2025
5,NEW BRIGHTON,01 ONE FAMILY DWELLINGS,1,54,43,,A1,150 NORTHVIEW COURT,,10301,1,0,1,"2,400","1,660",2001,1,A1,"567,000",07/01/2025
5,NEW BRIGHTON,01 ONE FAMILY DWELLINGS,1,55,92,,A1,19 PARK PLACE,,10301,1,0,1,"7,200","1,944",1899,1,A1,0,05/28/2025
5,NEW BRIGHTON,01 ONE FAMILY DWELLINGS,1,55,92,,A1,19 PARK PLACE,,10301,1,0,1,"7,200","1,944",1899,1,A1,0,09/02/2025
5,NEW BRIGHTON,01 ONE FAMILY DWELLINGS,1,58,64,,A1,44 HARVARD AVENUE,,10301,1,0,1,"6,394","2,150",2001,1,A1,0,07/18/2025
5,NEW BRIGHTON,01 ONE FAMILY DWELLINGS,1,59,55,,A1,36 FILLMORE STREET,,10301,1,0,1,"2,600","1,644",1920,1,A1,"540,000",10/29/2025
5,NEW BRIGHTON,01 ONE FAMILY DWELLINGS,1,59,56,,A1,34 FILLMORE STREET,,10301,1,0,1,"2,700","1,644",1920,1,A1,0,04/22/2025
5,NEW BRIGHTON,01 ONE FAMILY DWELLINGS,1,64,85,,A1,179 LAFAYETTE AVENUE,,10301,1,0,1,"3,440","1,128",1901,1,A1,"545,000",10/16/2025
5,NEW BRIGHTON,01 ONE FAMILY DWELLINGS,1,64,195,,A1,55 KIRBY COURT,,10301,1,0,1,"2,160","1,028",1920,1,A1,0,08/11/2025
5,NEW BRIGHTON,01 ONE FAMILY DWELLINGS,1,65,13,,S1,133 LAFAYETTE AVENUE,,10301,1,1,2,"3,300","1,200",1920,1,S1,0,11/21/2025
5,NEW BRIGHTON,01 ONE FAMILY DWELLINGS,1,66,12,,A1,25 CASSIDY PLACE,,10301,1,0,1,"7,500","1,472",1915,1,A1,0,11/24/2025
5,NEW BRIGHTON,01 ONE FAMILY DWELLINGS,1,66,29,,A1,63 CASSIDY PLACE,,10301,1,0,1,"3,700","1,536",1920,1,A1,"337,500",12/08/2025
5,NEW BRIGHTON,01 ONE FAMILY DWELLINGS,1,66,103,,A1,161 WEST BUCHANAN STREET,,10301,1,0,1,"5,900","1,496",1935,1,A1,0,07/14/2025
5,NEW BRIGHTON,01 ONE FAMILY DWELLINGS,1,66,139,,A1,184 FILLMORE STREET,,10301,1,0,1,"2,725","1,200",2002,1,A1,0,05/05/2025
5,NEW BRIGHTON,01 ONE FAMILY DWELLINGS,1,67,10,,A1,149 FILLMORE STREET,,10301,1,0,1,"3,663","2,487",1930,1,A1,"600,000",10/29/2025
5,NEW BRIGHTON,01 ONE FAMILY DWELLINGS,1,84,74,,A5,123 PENDLETON PLACE,,10301,1,0,1,"2,000","1,240",1943,1,A5,"503,500",11/20/2025
5,NEW BRIGHTON,01 ONE FAMILY DWELLINGS,1,84,82,,A5,84 PROSPECT AVENUE,,10301,1,0,1,"2,080","1,240",1943,1,A5,"495,000",02/13/2026
5,NEW BRIGHTON,01 ONE FAMILY DWELLINGS,1,84,420,,A5,245 FRANKLIN AVE,,10301,1,0,1,"1,900","1,240",1943,1,A5,"565,000",12/04/2025
5,NEW BRIGHTON,01 ONE FAMILY DWELLINGS,1,85,25,,A5,48 BUTLER TERRACE,,10301,1,0,1,"2,300","1,451",2016,1,A5,0,05/23/2025
5,NEW BRIGHTON,01 ONE FAMILY DWELLINGS,1,96,237,,A5,56 ARNOLD STREET,,10301,1,0,1,"3,010","1,240",1950,1,A5,"500,000",09/26/2025
5,NEW BRIGHTON,01 ONE FAMILY DWELLINGS,1,105,2,,A1,47 PINE STREET,,10301,1,0,1,"2,650","1,246",2024,1,A1,"594,000",04/29/2025
5,NEW BRIGHTON,01 ONE FAMILY DWELLINGS,1,106,7,,A2,37 STANLEY AVENUE,,10301,1,0,1,"2,900",810,1925,1,A2,"385,000",05/30/2025
5,NEW BRIGHTON,01 ONE FAMILY DWELLINGS,1,106,20,,A1,29 KINGSLEY PLACE,,10301,1,0,1,"7,887","1,056",1930,1,A1,"549,900",07/14/2025
5,NEW BRIGHTON,01 ONE FAMILY DWELLINGS,1,107,11,,A2,19 WEBSTER AVE,,10301,1,0,1,"2,400","1,134",1920,1,A2,"630,000",12/22/2025
5,NEW BRIGHTON,01 ONE FAMILY DWELLINGS,1,107,11,,A2,19 WEBSTER AVENUE,,10301,1,0,1,"2,400","1,134",1920,1,A2,"325,000",04/08/2025
5,NEW BRIGHTON,01 ONE FAMILY DWELLINGS,1,108,19,,A5,508 JERSEY STREET,,10301,1,0,1,"2,500","1,230",2002,1,A5,"520,000",05/16/2025
5,NEW BRIGHTON,02 TWO FAMILY DWELLINGS,1,14,6,,B1,159 CARROLL PLACE,,10301,2,0,2,"2,184","1,440",1910,1,B1,0,10/28/2025
5,NEW BRIGHTON,02 TWO FAMILY DWELLINGS,1,15,162,,B9,32 NICHOLAS STREET,,10301,2,0,2,"2,829","1,484",1931,1,B9,"636,000",02/17/2026
5,NEW BRIGHTON,02 TWO FAMILY DWELLINGS,1,15,163,,B9,30 NICHOLAS STREET,,10301,2,0,2,"2,234","1,484",1931,1,B9,"999,000",01/21/2026
5,NEW BRIGHTON,02 TWO FAMILY DWELLINGS,1,17,16,,B2,99 MONROE AVENUE,,10301,2,0,2,"2,125","2,420",1920,1,B2,"680,000",11/10/2025
5,NEW BRIGHTON,02 TWO FAMILY DWELLINGS,1,17,156,,B9,5 MONROE AVENUE,,10301,2,0,2,"1,110","2,060",2003,1,B9,0,06/09/2025
5,NEW BRIGHTON,02 TWO FAMILY DWELLINGS,1,17,157,,B9,1 MONROE AVENUE,,10301,2,0,2,"1,735","2,060",2003,1,B9,0,12/18/2025
5,NEW BRIGHTON,02 TWO FAMILY DWELLINGS,1,18,80,,B1,171 DANIEL LOW TERRACE,,10301,2,0,2,"2,200","2,352",1925,1,B1,0,08/28/2025
5,NEW BRIGHTON,02 TWO FAMILY DWELLINGS,1,18,82,,B9,169 DANIEL LOW TERRACE,,10301,2,0,2,"2,700","2,352",1925,1,B9,0,08/28/2025
5,NEW BRIGHTON,02 TWO FAMILY DWELLINGS,1,18,83,,B9,165 DANIEL LOW TERRACE,,10301,2,0,2,"3,000","2,430",1932,1,B9,"595,000",11/10/2025
5,NEW BRIGHTON,02 TWO FAMILY DWELLINGS,1,18,84,,B9,163 DANIEL LOW TERRACE,,10301,2,0,2,"3,000","2,430",1932,1,B9,"615,000",05/08/2025
5,NEW BRIGHTON,02 TWO FAMILY DWELLINGS,1,23,27,,B2,80 CORSON AVENUE,,10301,2,0,2,"2,500","1,084",1928,1,B2,"755,000",01/29/2026
5,NEW BRIGHTON,02 TWO FAMILY DWELLINGS,1,24,46,,B2,196 DANIEL LOW TERRACE,,10301,2,0,2,"5,000","2,250",1925,1,B2,"720,000",07/14/2025
5,NEW BRIGHTON,02 TWO FAMILY DWELLINGS,1,24,54,,B2,210 DANIEL LOW TERRACE,,10301,2,0,2,"6,200","2,451",1920,1,B2,0,01/06/2026
5,NEW BRIGHTON,02 TWO FAMILY DWELLINGS,1,27,21,,B9,36 SHERMAN AVENUE,,10301,2,0,2,"1,240","1,487",1990,1,B9,0,06/03/2025
5,NEW BRIGHTON,02 TWO FAMILY DWELLINGS,1,30,49,,B2,17 CRESCENT AVENUE,,10301,2,0,2,"3,700","3,354",1915,1,B2,0,09/05/2025
5,NEW BRIGHTON,02 TWO FAMILY DWELLINGS,1,30,60,,B2,37 CRESCENT AVENUE,,10301,2,0,2,"2,500","1,824",1925,1,B2,"560,000",08/06/2025
5,NEW BRIGHTON,02 TWO FAMILY DWELLINGS,1,35,109,,B2,109 BROOK STREET,,10301,2,0,2,"2,500","1,360",1935,1,B2,"360,000",08/08/2025
5,NEW BRIGHTON,02 TWO FAMILY DWELLINGS,1,36,36,,B2,84 SCRIBNER AVE,,10301,2,0,2,"3,000","2,757",1920,1,B2,0,05/20/2025
5,NEW BRIGHTON,02 TWO FAMILY DWELLINGS,1,36,36,,B2,84 SCRIBNER AVENUE,,10301,2,0,2,"3,000","2,757",1920,1,B2,0,10/20/2025
5,NEW BRIGHTON,02 TWO FAMILY DWELLINGS,1,36,93,,B2,115 CORSON AVENUE,,10301,2,0,2,"5,000","3,325",1925,1,B2,"550,000",10/02/2025
5,NEW BRIGHTON,02 TWO FAMILY DWELLINGS,1,38,15,,B2,166 BENZIGER AVENUE,,10301,2,0,2,"3,600","3,136",1930,1,B2,"824,000",09/10/2025
5,NEW BRIGHTON,02 TWO FAMILY DWELLINGS,1,39,19,,B2,68 HENDRICKS AVENUE,,10301,2,0,2,"2,500","2,975",1920,1,B2,"550,000",08/04/2025
5,NEW BRIGHTON,02 TWO FAMILY DWELLINGS,1,39,21,,B2,66 HENDRICKS AVENUE,,10301,2,0,2,"2,500","2,648",1920,1,B2,0,05/16/2025
5,NEW BRIGHTON,02 TWO FAMILY DWELLINGS,1,39,39,,B2,28 HENDRICKS AVENUE,,10301,2,0,2,"5,407","2,105",2017,1,B2,0,06/13/2025
5,NEW BRIGHTON,02 TWO FAMILY DWELLINGS,1,39,51,,B2,129 BENZIGER AVENUE,,10301,2,0,2,"3,486","2,113",2017,1,B2,"850,000",09/25/2025
5,NEW BRIGHTON,02 TWO FAMILY DWELLINGS,1,40,21,,B2,20 TAFT AVENUE,,10301,2,0,2,"5,000","2,145",1920,1,B2,0,07/23/2025
5,NEW BRIGHTON,02 TWO FAMILY DWELLINGS,1,41,1,,B2,54 LAYTON AVENUE,,10301,2,0,2,"5,000","2,099",1920,1,B2,0,09/16/2025
5,NEW BRIGHTON,02 TWO FAMILY DWELLINGS,1,42,35,,B2,116 WINTER AVENUE,,10301,2,0,2,"3,400","2,501",2006,1,B2,"675,000",05/19/2025
5,NEW BRIGHTON,02 TWO FAMILY DWELLINGS,1,42,86,,S2,143 SCRIBNER AVENUE,,10301,2,1,3,"1,705","2,097",2017,1,S2,"650,000",12/24/2025
5,NEW BRIGHTON,02 TWO FAMILY DWELLINGS,1,42,87,,S2,147 SCRIBNER AVENUE,,10301,2,1,3,"1,705","2,097",2017,1,S2,0,12/24/2025
5,NEW BRIGHTON,02 TWO FAMILY DWELLINGS,1,43,22,,B2,226 BENZIGER AVENUE,,10301,2,0,2,"2,500","2,529",1920,1,B2,0,02/18/2026
5,NEW BRIGHTON,02 TWO FAMILY DWELLINGS,1,44,20,,B2,138 HENDRICKS AVENUE,,10301,2,0,2,"2,500","2,618",1920,1,B2,"818,850",10/28/2025
5,NEW BRIGHTON,02 TWO FAMILY DWELLINGS,1,44,44,,B2,205 BENZIGER AVE,,10301,2,0,2,"2,500","1,803",1920,1,B2,"454,500",08/07/2025
5,NEW BRIGHTON,02 TWO FAMILY DWELLINGS,1,44,44,,B2,205 BENZIGER AVENUE,,10301,2,0,2,"2,500","1,803",1920,1,B2,"300,000",05/15/2025
5,NEW BRIGHTON,02 TWO FAMILY DWELLINGS,1,45,16,,B2,98 TAFT AVENUE,,10301,2,0,2,"2,500","1,556",1920,1,B2,"740,000",06/16/2025
5,NEW BRIGHTON,02 TWO FAMILY DWELLINGS,1,46,30,,B2,75 TAFT AVENUE,,10301,2,0,2,"2,500","1,763",1905,1,B2,"490,000",10/31/2025
5,NEW BRIGHTON,02 TWO FAMILY DWELLINGS,1,47,26,,B3,305 YORK AVENUE,,10301,2,0,2,"2,280","2,625",1899,1,B3,0,02/03/2026
5,NEW BRIGHTON,02 TWO FAMILY DWELLINGS,1,47,41,,B9,279 YORK AVENUE,,10301,2,0,2,"1,100","1,191",2006,1,B9,0,01/19/2026
5,NEW BRIGHTON,02 TWO FAMILY DWELLINGS,1,47,50,,B9,265 YORK AVENUE,,10301,2,0,2,"1,799","1,435",2019,1,B9,"650,000",02/06/2026
5,NEW BRIGHTON,02 TWO FAMILY DWELLINGS,1,47,51,,B9,263 YORK AVENUE,,10301,2,0,2,"1,344","1,611",2019,1,B9,"650,000",02/06/2026
5,NEW BRIGHTON,02 TWO FAMILY DWELLINGS,1,47,52,,B9,261 YORK AVENUE,,10301,2,0,2,"1,930","1,687",2019,1,B9,"650,000",02/06/2026
5,NEW BRIGHTON,02 TWO FAMILY DWELLINGS,1,49,65,,B3,116 CRESCENT AVENUE,,10301,2,0,2,"3,333","2,730",1905,1,B3,"800,000",05/08/2025
5,NEW BRIGHTON,02 TWO FAMILY DWELLINGS,1,49,84,,B2,186 BEECHWOOD AVENUE,,10301,2,0,2,"4,026","2,638",1910,1,B2,"535,000",08/25/2025
5,NEW BRIGHTON,02 TWO FAMILY DWELLINGS,1,50,91,,B2,162 WESTERVELT AVENUE,,10301,2,0,2,"3,700","2,304",1925,1,B2,0,11/06/2025
5,NEW BRIGHTON,02 TWO FAMILY DWELLINGS,1,51,205,,B3,106 WESTERVELT AVENUE,,10301,2,0,2,"6,150","2,075",1925,1,B3,"550,000",07/18/2025
5,NEW BRIGHTON,02 TWO FAMILY DWELLINGS,1,56,9,,B3,203 FRANKLIN AVENUE,,10301,2,0,2,"10,788","3,264",1899,1,B3,"410,000",11/12/2025
5,NEW BRIGHTON,02 TWO FAMILY DWELLINGS,1,60,74,,B2,62 FILLMORE STREET,,10301,2,0,2,"3,740","1,368",1910,1,B2,0,05/12/2025
5,NEW BRIGHTON,02 TWO FAMILY DWELLINGS,1,61,11,,B9,16 VAN BUREN STREET,,10301,2,0,2,"2,887","2,339",1930,1,B9,0,02/03/2026
5,NEW BRIGHTON,02 TWO FAMILY DWELLINGS,1,61,11,,B9,16 VAN BUREN STREET,,10301,2,0,2,"2,887","2,339",1930,1,B9,"613,000",01/30/2026
5,NEW BRIGHTON,02 TWO FAMILY DWELLINGS,1,62,1,,B2,24 YORK AVENUE,,10301,2,0,2,"3,069","1,992",1901,1,B2,"825,000",01/15/2026
5,NEW BRIGHTON,02 TWO FAMILY DWELLINGS,1,64,52,,B2,47 KIRBY COURT,,10301,2,0,2,"4,500","2,783",1920,1,B2,"760,000",01/12/2026
5,NEW BRIGHTON,02 TWO FAMILY DWELLINGS,1,65,18,,S2,121 LAFAYETTE AVENUE,,10301,2,1,3,"1,975","2,775",1905,1,S2,"1,395,000",06/17/2025
5,NEW BRIGHTON,02 TWO FAMILY DWELLINGS,1,65,40,,B2,23 HENDERSON AVENUE,,10301,2,0,2,"3,112","1,700",2003,1,B2,0,11/14/2025
5,NEW BRIGHTON,02 TWO FAMILY DWELLINGS,1,65,43,,B2,27 HENDERSON AVENUE,,10301,2,0,2,"2,716","1,892",1925,1,B2,0,11/21/2025
5,NEW BRIGHTON,02 TWO FAMILY DWELLINGS,1,66,24,,B2,51 CASSIDY PLACE,,10301,2,0,2,"2,500","1,872",1910,1,B2,"625,000",04/11/2025
5,NEW BRIGHTON,02 TWO FAMILY DWELLINGS,1,66,33,,S2,71 CASSIDY PLACE,,10301,2,1,3,"2,500","2,760",1915,1,S2,0,11/21/2025
5,NEW BRIGHTON,02 TWO FAMILY DWELLINGS,1,66,57,,B2,172 WEST BUCHANAN STREET,,10301,2,0,2,"2,500","1,264",1925,1,B2,"520,000",01/20/2026
5,NEW BRIGHTON,02 TWO FAMILY DWELLINGS,1,66,110,,B3,"177 WEST BUCHANAN STREET, 79",,10301,2,0,2,"5,214","2,232",1935,1,B3,"690,000",02/09/2026
5,NEW BRIGHTON,02 TWO FAMILY DWELLINGS,1,67,22,,B2,175 FILLMORE STREET,,10301,2,0,2,"5,000","1,868",1930,1,B2,"700,000",08/25/2025
5,NEW BRIGHTON,02 TWO FAMILY DWELLINGS,1,67,183,,B2,187 VAN BUREN STREET,,10301,2,0,2,"2,000","2,277",1930,1,B2,0,05/30/2025
5,NEW BRIGHTON,02 TWO FAMILY DWELLINGS,1,80,9,,B2,14 PROSPECT AVENUE,,10301,2,0,2,"1,700","1,697",1920,1,B2,"750,000",08/04/2025
5,NEW BRIGHTON,02 TWO FAMILY DWELLINGS,1,81,20,,B2,318 YORK AVENUE,,10301,2,0,2,"2,175","1,551",1920,1,B2,0,01/15/2026
5,NEW BRIGHTON,02 TWO FAMILY DWELLINGS,1,82,16,,B2,25 BRIGHTON AVENUE,,10301,2,0,2,"4,133","2,462",2015,1,B2,0,10/21/2025
5,NEW BRIGHTON,02 TWO FAMILY DWELLINGS,1,84,70,,B9,93 ARNOLD STREET,,10301,2,0,2,"1,960","1,240",1943,1,B9,"710,000",07/10/2025
5,NEW BRIGHTON,02 TWO FAMILY DWELLINGS,1,84,108,,B3,61 ARNOLD STREET,,10301,2,0,2,"2,180","1,240",1943,1,B3,"100,000",01/09/2026
5,NEW BRIGHTON,02 TWO FAMILY DWELLINGS,1,84,112,,B9,67 ARNOLD STREET,,10301,2,0,2,"2,892","1,548",1943,1,B9,0,11/24/2025
5,NEW BRIGHTON,02 TWO FAMILY DWELLINGS,1,84,112,,B9,67 ARNOLD STREET,,10301,2,0,2,"2,892","1,548",1943,1,B9,"675,000",07/02/2025
5,NEW BRIGHTON,02 TWO FAMILY DWELLINGS,1,85,56,,B9,139 BRIGHTON AVENUE,,10301,2,0,2,"3,316","1,830",2019,1,B9,0,12/04/2025
5,NEW BRIGHTON,02 TWO FAMILY DWELLINGS,1,104,26,,B2,18 ELY STREET,,10301,2,0,2,"2,425","2,200",1910,1,B2,"755,000",10/28/2025
5,NEW BRIGHTON,02 TWO FAMILY DWELLINGS,1,106,1,,B1,50 PINE STREET,,10301,2,0,2,"5,265","1,728",1910,1,B1,"400,000",10/29/2025
5,NEW BRIGHTON,02 TWO FAMILY DWELLINGS,1,108,28,,B2,15 CASTLETON AVENUE,,10301,2,0,2,"2,915","1,663",1920,1,B2,"685,000",01/06/2026
5,NEW BRIGHTON,02 TWO FAMILY DWELLINGS,1,109,28,,B2,24 CASTLETON AVE,,10301,2,0,2,"3,225","1,712",1910,1,B2,0,06/18/2025
5,NEW BRIGHTON,02 TWO FAMILY DWELLINGS,1,109,72,,B2,295 VICTORY BOULEVARD,,10301,2,0,2,"2,500","1,740",1920,1,B2,10,06/23/2025
5,NEW BRIGHTON,02 TWO FAMILY DWELLINGS,1,112,27,,B2,281 GLEN AVENUE,,10301,2,0,2,"4,450","2,917",1920,1,B2,0,03/05/2026
5,NEW BRIGHTON,02 TWO FAMILY DWELLINGS,1,113,29,,B2,133 CASTLETON AVENUE,,10301,2,0,2,"6,400","2,952",1945,1,B2,0,04/10/2025
5,NEW BRIGHTON,02 TWO FAMILY DWELLINGS,1,119,66,,B3,312 GLEN AVENUE,,10301,2,0,2,"3,300","1,492",1920,1,B3,0,01/09/2026
5,NEW BRIGHTON,02 TWO FAMILY DWELLINGS,1,119,80,,B2,215 CASTLETON AVENUE,,10301,2,0,2,"4,797","2,460",1920,1,B2,0,02/09/2026
5,NEW BRIGHTON,02 TWO FAMILY DWELLINGS,1,119,134,,B2,297 CASTLETON AVENUE,,10301,2,0,2,"3,450","1,792",1950,1,B2,0,11/07/2025
5,NEW BRIGHTON,03 THREE FAMILY DWELLINGS,1,16,30,,C0,87 MONTGOMERY AVENUE,,10301,3,0,3,"2,125","3,120",1925,1,C0,"960,000",01/14/2026
5,NEW BRIGHTON,03 THREE FAMILY DWELLINGS,1,19,33,,C0,296 ST MARKS PLACE,,10301,3,0,3,"3,700","2,625",1910,1,C0,"350,000",05/23/2025
5,NEW BRIGHTON,03 THREE FAMILY DWELLINGS,1,19,35,,C0,298 ST MARKS PLACE,,10301,3,0,3,"3,700","2,480",1910,1,C0,"350,000",07/03/2025
5,NEW BRIGHTON,03 THREE FAMILY DWELLINGS,1,21,119,,C0,5 VINE STREET,,10301,3,0,3,"2,200","1,750",1899,1,C0,0,07/23/2025
5,NEW BRIGHTON,03 THREE FAMILY DWELLINGS,1,28,7,,C0,301 WESTERVELT AVENUE,,10301,3,0,3,"3,000","3,576",1901,1,C0,"805,000",02/18/2026
5,NEW BRIGHTON,03 THREE FAMILY DWELLINGS,1,44,29,,C0,118 HENDRICKS AVENUE,,10301,3,0,3,"2,500","2,248",1920,1,C0,"545,000",01/15/2026
5,NEW BRIGHTON,03 THREE FAMILY DWELLINGS,1,46,29,,C0,73 TAFT AVENUE,,10301,3,0,3,"2,500","1,950",1905,1,C0,0,07/07/2025
5,NEW BRIGHTON,03 THREE FAMILY DWELLINGS,1,48,18,,C0,199 YORK AVENUE,,10301,3,0,3,"2,675","2,112",1905,1,C0,0,04/18/2025
5,NEW BRIGHTON,03 THREE FAMILY DWELLINGS,1,50,108,,C0,87 CRESCENT AVENUE,,10301,3,0,3,"2,880","3,438",1925,1,C0,0,11/20/2025
5,NEW BRIGHTON,03 THREE FAMILY DWELLINGS,1,51,169,,C0,32 WESTERVELT AVENUE,,10301,3,0,3,"5,000","2,277",1910,1,C0,"925,000",05/03/2025
5,NEW BRIGHTON,03 THREE FAMILY DWELLINGS,1,52,51,,C0,65 YORK AVENUE,,10301,3,0,3,"2,450","3,828",1920,1,C0,"999,888",09/26/2025
5,NEW BRIGHTON,03 THREE FAMILY DWELLINGS,1,65,17,,C0,127 LAFAYETTE AVENUE,,10301,3,0,3,"2,500","2,112",1910,1,C0,0,10/14/2025
5,NEW BRIGHTON,03 THREE FAMILY DWELLINGS,1,65,28,,C0,25 HENDERSON AVENUE,,10301,3,0,3,"4,525","3,108",1910,1,C0,0,10/06/2025
5,NEW BRIGHTON,03 THREE FAMILY DWELLINGS,1,65,33,,C0,40 CASSIDY PLACE,,10301,3,0,3,"4,382","3,110",1915,1,C0,"950,000",04/22/2025
5,NEW BRIGHTON,05 TAX CLASS 1 VACANT LAND,1B,3,24,,V0,N/A CARROLL PLACE,,10301,0,0,0,"1,912",0,,1,V0,"90,000",03/02/2026
5,NEW BRIGHTON,05 TAX CLASS 1 VACANT LAND,1B,22,107,,V0,N/A HAMILTON AVENUE,,10301,0,0,0,"5,790",0,,1,V0,"350,000",12/22/2025
5,NEW BRIGHTON,05 TAX CLASS 1 VACANT LAND,1B,22,135,,V0,N/A ST MARKS PLACE,,10301,0,0,0,"3,650",0,,1,V0,"350,000",12/22/2025
5,NEW BRIGHTON,05 TAX CLASS 1 VACANT LAND,1B,22,137,,V0,N/A ST MARKS PLACE,,10301,0,0,0,"3,771",0,,1,V0,"350,000",12/22/2025
5,NEW BRIGHTON,05 TAX CLASS 1 VACANT LAND,1B,22,139,,V0,N/A ST MARKS PLACE,,10301,0,0,0,"3,951",0,,1,V0,"350,000",12/22/2025
5,NEW BRIGHTON,05 TAX CLASS 1 VACANT LAND,1B,22,225,,V0,N/A ST MARKS PLACE,,10301,0,0,0,"9,385",0,,1,V0,"350,000",12/22/2025
5,NEW BRIGHTON,05 TAX CLASS 1 VACANT LAND,1B,49,181,,V0,N/A LAYTON AVENUE,,10301,0,0,0,"3,291",0,,1,V0,"100,000",09/30/2025
5,NEW BRIGHTON,05 TAX CLASS 1 VACANT LAND,1B,52,50,,V0,N/A YORK AVENUE,,10301,0,0,0,"2,465",0,,1,V0,"999,888",09/26/2025
5,NEW BRIGHTON,05 TAX CLASS 1 VACANT LAND,1B,52,53,,V0,N/A YORK AVENUE,,10301,0,0,0,"2,342",0,,1,V0,"55,000",01/08/2026
5,NEW BRIGHTON,05 TAX CLASS 1 VACANT LAND,1B,66,56,,V0,N/A WEST BUCHANAN STREET,,10301,0,0,0,"2,500",0,,1,V0,"520,000",01/20/2026
5,NEW BRIGHTON,05 TAX CLASS 1 VACANT LAND,1B,81,29,,V0,N/A VAN TUYL STREET,,10301,0,0,0,"2,500",0,,1,V0,"300,000",10/07/2025
5,NEW BRIGHTON,05 TAX CLASS 1 VACANT LAND,1B,81,30,,V0,N/A VAN TUYL STREET,,10301,0,0,0,"2,500",0,,1,V0,"300,000",10/07/2025
5,NEW BRIGHTON,05 TAX CLASS 1 VACANT LAND,1B,81,31,,V0,N/A VAN TUYL STREET,,10301,0,0,0,"1,400",0,,1,V0,"300,000",10/07/2025
5,NEW BRIGHTON,05 TAX CLASS 1 VACANT LAND,1B,88,10,,V0,N/A ALDEN PLACE,,10301,0,0,0,"7,000",0,,1,V0,"329,000",01/30/2026
5,NEW BRIGHTON,05 TAX CLASS 1 VACANT LAND,1B,105,4,,V0,276 CORSON AVENUE,,10301,0,0,0,"1,950",0,,1,V0,"325,000",10/06/2025
5,NEW BRIGHTON,06 TAX CLASS 1 - OTHER,1,104,24,,G0,16 ELY STREET,,10301,0,0,0,"2,100",0,1950,1,G0,"755,000",10/28/2025
5,NEW BRIGHTON,07 RENTALS - WALKUP APARTMENTS,2A,14,7,,C3,155 CARROLL PLACE,,10301,4,0,4,"4,080","3,648",1931,2,C3,0,10/28/2025
5,NEW BRIGHTON,07 RENTALS - WALKUP APARTMENTS,2A,38,35,,C2,344 WESTERVELT AVENUE,,10301,5,0,5,"15,500","4,800",1900,2,C2,"1,275,000",08/19/2025
5,NEW BRIGHTON,07 RENTALS - WALKUP APARTMENTS,2A,42,41,,C3,106 WINTER AVENUE,,10301,4,0,4,"4,250","3,400",1910,2,C3,"875,000",12/23/2025
5,NEW BRIGHTON,07 RENTALS - WALKUP APARTMENTS,2A,42,43,,C3,102 WINTER AVENUE,,10301,4,0,4,"4,250","3,400",1910,2,C3,"875,000",12/23/2025
5,NEW BRIGHTON,07 RENTALS - WALKUP APARTMENTS,2A,66,123,,C3,79 LAFAYETTE AVENUE,,10301,4,0,4,"2,750","3,168",1915,2,C3,"790,000",05/30/2025
5,NEW BRIGHTON,10 COOPS - ELEVATOR APARTMENTS,2,3,1,,D4,"350 RICHMOND TERRACE, 1N",,10301,,,,,,1960,2,D4,"285,000",05/05/2025
5,NEW BRIGHTON,10 COOPS - ELEVATOR APARTMENTS,2,3,1,,D4,"350 RICHMOND TERRACE, 4E",,10301,,,,,,1960,2,D4,"282,000",08/20/2025
5,NEW BRIGHTON,10 COOPS - ELEVATOR APARTMENTS,2,3,1,,D4,"350 RICHMOND TERRACE, 7J",,10301,,,,,,1960,2,D4,"245,000",12/18/2025
5,NEW BRIGHTON,10 COOPS - ELEVATOR APARTMENTS,2,18,99,,D4,"50 FORT PL, B2C",,10301,,,,,,1963,2,D4,"280,000",09/26/2025
5,NEW BRIGHTON,10 COOPS - ELEVATOR APARTMENTS,2,18,99,,D4,"50 FORT PLACE, A2-E",,10301,,,,,,1963,2,D4,"387,000",08/18/2025
5,NEW BRIGHTON,10 COOPS - ELEVATOR APARTMENTS,2,18,99,,D4,"50 FORT PLACE, B4E",,10301,,,,,,1963,2,D4,"370,000",07/08/2025
5,NEW BRIGHTON,14 RENTALS - 4-10 UNIT,2A,18,70,,S4,9 CORSON AVENUE,,10301,4,1,5,"3,750","3,600",1899,2,S4,"1,150,000",10/01/2025
5,NEW BRIGHTON,14 RENTALS - 4-10 UNIT,2A,35,12,,S9,473-475 JERSEY STREET,,10301,2,2,4,"5,568","3,800",1920,2,S9,0,07/07/2025
5,NEW BRIGHTON,27 FACTORIES,4,67,58,,F1,166 VAN BUREN STREET,,10301,0,1,1,"7,749","3,600",1900,4,F1,"1,670,000",10/29/2025
5,NEW BRIGHTON,28 COMMERCIAL CONDOS,4,110,1050,,R5,"101 CASTLETON AVENUE, C16",C16,10301,,1,1,,,1930,4,R5,10,10/30/2025
5,NEW BRIGHTON,29 COMMERCIAL GARAGES,4,62,86,,G2,562 RICHMOND TERRACE,,10301,0,1,1,"2,039","1,875",1930,4,G2,"2,600,000",11/20/2025
5,NEW BRIGHTON,29 COMMERCIAL GARAGES,4,62,89,,G2,550 RICHMOND TERRACE,,10301,0,1,1,"10,906","4,000",1930,4,G2,"2,600,000",11/20/2025
5,NEW BRIGHTON,29 COMMERCIAL GARAGES,4,67,111,,G7,690 RICHMOND TERRACE,,10301,0,0,0,"19,176",0,,4,G7,"1,600,000",10/03/2025
5,NEW BRIGHTON,30 WAREHOUSES,4,62,94,,E1,544 RICHMOND TERRACE,,10301,0,1,1,"2,131","1,200",1900,4,E1,"2,600,000",11/20/2025
5,NEW BRIGHTON,31 COMMERCIAL VACANT LAND,4,16,106,,V1,396 ST MARKS PLACE,,10301,0,0,0,"2,070",0,,4,V1,"350,000",06/12/2025
5,NEW BRIGHTON,31 COMMERCIAL VACANT LAND,4,17,116,,V1,130 MONTGOMERY AVENUE,,10301,0,0,0,"2,873",0,,4,V1,"410,000",10/27/2025
5,NEW BRIGHTON,31 COMMERCIAL VACANT LAND,4,67,8,,V1,N/A FILLMORE STREET,,10301,0,0,0,"3,675",0,,4,V1,"182,500",08/11/2025
5,NEW BRIGHTON,33 EDUCATIONAL FACILITIES,4,16,7,,W9,450 ST MARKS PLACE,,10301,0,1,1,"18,100","8,927",1963,4,W9,"4,460,000",12/19/2025
5,NEW BRIGHTON-ST. GEORGE,02 TWO FAMILY DWELLINGS,1,11,53,,B3,57 WALL STREET,,10301,2,0,2,"1,600","1,484",1920,1,B3,0,07/10/2025
5,NEW BRIGHTON-ST. GEORGE,03 THREE FAMILY DWELLINGS,1,11,50,,C0,51 WALL STREET,,10301,3,0,3,"1,600","1,760",1920,1,C0,0,07/10/2025
5,NEW BRIGHTON-ST. GEORGE,10 COOPS - ELEVATOR APARTMENTS,2,1,216,,D0,"10 BAY STREET LANDING, 1A",,10301,,,,,,1984,2,D0,"525,000",02/05/2026
5,NEW BRIGHTON-ST. GEORGE,10 COOPS - ELEVATOR APARTMENTS,2,1,216,,D0,"10 BAY STREET LANDING, 5L",,10301,,,,,,1984,2,D0,"368,000",09/11/2025
5,NEW BRIGHTON-ST. GEORGE,10 COOPS - ELEVATOR APARTMENTS,2,1,216,,D0,"10 BAY STREET LANDING, A8I",,10301,,,,,,1984,2,D0,"520,000",04/27/2025
5,NEW BRIGHTON-ST. GEORGE,10 COOPS - ELEVATOR APARTMENTS,2,1,250,,D4,"46-52 BAY STREET LANDING, Q1H",,10301,,,,,,1985,2,D4,"775,000",01/08/2026
5,NEW BRIGHTON-ST. GEORGE,10 COOPS - ELEVATOR APARTMENTS,2,10,19,,D4,"36 HAMILTON AVE, 6",,10301,,,,,,1963,2,D4,"170,000",01/30/2026
5,NEW BRIGHTON-ST. GEORGE,10 COOPS - ELEVATOR APARTMENTS,2,10,19,,D4,"36 HAMILTON AVENUE, 1C",,10301,,,,,,1963,2,D4,"83,148",10/03/2025
5,NEW BRIGHTON-ST. GEORGE,10 COOPS - ELEVATOR APARTMENTS,2,10,19,,D4,"36 HAMILTON AVENUE, 1M",,10301,,,,,,1963,2,D4,"235,000",10/21/2025
5,NEW BRIGHTON-ST. GEORGE,10 COOPS - ELEVATOR APARTMENTS,2,10,19,,D4,"36 HAMILTON AVENUE, 2L",,10301,,,,,,1963,2,D4,"320,000",02/20/2026
5,NEW BRIGHTON-ST. GEORGE,10 COOPS - ELEVATOR APARTMENTS,2,10,19,,D4,"36 HAMILTON AVENUE, 3D",,10301,,,,,,1963,2,D4,"310,000",07/22/2025
5,NEW BRIGHTON-ST. GEORGE,10 COOPS - ELEVATOR APARTMENTS,2,10,19,,D4,"36 HAMILTON AVENUE, 4S",,10301,,,,,,1963,2,D4,"185,000",02/09/2026
5,NEW BRIGHTON-ST. GEORGE,10 COOPS - ELEVATOR APARTMENTS,2,10,19,,D4,"36 HAMILTON AVENUE, 5B",,10301,,,,,,1963,2,D4,"175,000",04/29/2025
5,NEW BRIGHTON-ST. GEORGE,13 CONDOS - ELEVATOR APARTMENTS,2,1,1035,,R4,"80 BAY STREET LANDING, 4E",4E,10301,1,,1,,,1985,2,R4,0,12/02/2025
5,NEW BRIGHTON-ST. GEORGE,13 CONDOS - ELEVATOR APARTMENTS,2,1,1049,,R4,"80 BAY STREET LANDING, 5D",5D,10301,1,,1,,,1985,2,R4,"615,000",07/15/2025
5,NEW BRIGHTON-ST. GEORGE,13 CONDOS - ELEVATOR APARTMENTS,2,1,1093,,R4,"80 BAY STREET LANDING, 8C",8C,10301,1,,1,,,1985,2,R4,0,09/10/2025
5,NEW BRIGHTON-ST. GEORGE,13 CONDOS - ELEVATOR APARTMENTS,2,1,1098,,R4,"80 BAY STREET LANDING, 8HY",8HY,10301,1,,1,,,1985,2,R4,"645,000",07/01/2025
5,NEW BRIGHTON-ST. GEORGE,13 CONDOS - ELEVATOR APARTMENTS,2,1,1102,,R4,"80 BAY STREET LANDING, 8M",8M,10301,1,,1,,,1985,2,R4,"540,000",06/26/2025
5,NEW BRIGHTON-ST. GEORGE,13 CONDOS - ELEVATOR APARTMENTS,2,1,1208,,R4,"90 BAY STREET LANDING, 2B",2B,10301,1,,1,,,1900,2,R4,0,08/26/2025
5,NEW BRIGHTON-ST. GEORGE,13 CONDOS - ELEVATOR APARTMENTS,2,1,1260,,R4,"90 BAY STREET LANDING, 6B",6B,10301,1,,1,,,1900,2,R4,"920,000",08/08/2025
5,NEW BRIGHTON-ST. GEORGE,13 CONDOS - ELEVATOR APARTMENTS,2,1,1270,,R4,"90 BAY STREET LANDING, 6L",6L,10301,1,,1,,,1900,2,R4,"999,000",10/09/2025
5,NEW BRIGHTON-ST. GEORGE,13 CONDOS - ELEVATOR APARTMENTS,2,1,1272,,R4,"90 BAY STREET LANDING, 7A",7A,10301,1,,1,,,1900,2,R4,"643,500",06/17/2025
5,NEW BRIGHTON-ST. GEORGE,13 CONDOS - ELEVATOR APARTMENTS,2,1,1278,,R4,"90 BAY STREET LANDING, 7G",7G,10301,1,,1,,,1900,2,R4,"414,000",04/02/2025
5,NEW BRIGHTON-ST. GEORGE,13 CONDOS - ELEVATOR APARTMENTS,2,1,1290,,R4,"90 BAY STREET LANDING, 8F",8F,10301,1,,1,,,1900,2,R4,"799,888",06/11/2025
5,NEW BRIGHTON-ST. GEORGE,13 CONDOS - ELEVATOR APARTMENTS,2,1,2012,,R4,"155 BAY STREET, 2L",2L,10301,1,,1,,,2005,2,R4,"520,000",11/18/2025
5,NEW BRIGHTON-ST. GEORGE,13 CONDOS - ELEVATOR APARTMENTS,2,1,2032,,R4,"155 BAY STREET, 4H",4H,10301,1,,1,,,2005,2,R4,"400,000",09/15/2025
5,NEW BRIGHTON-ST. GEORGE,22 STORE BUILDINGS,4,2,15,,K6,55 RICHMOND TERRACE,,10301,0,73,73,"353,627","492,962",2016,4,K6,0,09/30/2025
5,NEW BRIGHTON-ST. GEORGE,22 STORE BUILDINGS,4,8,92,,K7,15 HYATT STREET,,10301,0,1,1,"6,975","11,149",1936,4,K7,"1,471,931",06/24/2025
5,NEW BRIGHTON-ST. GEORGE,31 COMMERCIAL VACANT LAND,4,6,3,,V1,118 CENTRAL AVENUE,,10301,0,0,0,"41,950",0,,4,V1,"11,110,000",11/19/2025
5,NEW DORP,01 ONE FAMILY DWELLINGS,1,3598,15,,A1,24 BANCROFT AVENUE,,10306,1,0,1,"5,000","1,680",1920,1,A1,"825,000",01/15/2026
5,NEW DORP,01 ONE FAMILY DWELLINGS,1,3598,24,,A1,40 BANCROFT AVENUE,,10306,1,0,1,"3,700","1,344",1925,1,A1,0,10/17/2025
5,NEW DORP,01 ONE FAMILY DWELLINGS,1,3598,37,,A2,31 BRYANT AVENUE,,10306,1,0,1,"5,000","1,510",1960,1,A2,"850,000",04/28/2025
5,NEW DORP,01 ONE FAMILY DWELLINGS,1,3605,38,,A2,126 GREELEY AVENUE,,10306,1,0,1,"4,000",960,1970,1,A2,0,05/09/2025
5,NEW DORP,01 ONE FAMILY DWELLINGS,1,3606,37,,A1,122 PRESCOTT AVENUE,,10306,1,0,1,"6,048","1,600",1979,1,A1,"1,059,000",07/29/2025
5,NEW DORP,01 ONE FAMILY DWELLINGS,1,3606,48,,A1,138 PRESCOTT AVENUE,,10306,1,0,1,"4,000",788,1920,1,A1,"390,000",09/29/2025
5,NEW DORP,01 ONE FAMILY DWELLINGS,1,3606,61,,A5,183 EDISON STREET,,10306,1,0,1,"1,200","1,600",1989,1,A5,"670,000",09/02/2025
5,NEW DORP,01 ONE FAMILY DWELLINGS,1,3607,9,,A1,151 BRYANT AVENUE,,10306,1,0,1,"4,000","1,057",1930,1,A1,0,06/18/2025
5,NEW DORP,01 ONE FAMILY DWELLINGS,1,3615,50,,A1,264 GREELEY AVENUE,,10306,1,0,1,"6,720","2,496",1950,1,A1,0,06/17/2025
5,NEW DORP,01 ONE FAMILY DWELLINGS,1,3618,33,,A1,18 ALLISON PLACE,,10306,1,0,1,"4,800","1,848",1920,1,A1,"910,000",05/20/2025
5,NEW DORP,01 ONE FAMILY DWELLINGS,1,3619,4,,A5,15 ALLISON PLACE,,10306,1,0,1,"2,480","1,452",1980,1,A5,"718,000",10/15/2025
5,NEW DORP,01 ONE FAMILY DWELLINGS,1,3620,1,,A1,3 LOCUST AVENUE,,10306,1,0,1,"4,320","1,792",1960,1,A1,"735,000",06/05/2025
5,NEW DORP,01 ONE FAMILY DWELLINGS,1,3620,80,,A2,23 LOCUST AVENUE,,10306,1,0,1,"2,769",960,1930,1,A2,0,09/26/2025
5,NEW DORP,01 ONE FAMILY DWELLINGS,1,3622,26,,A2,84 BRYANT AVENUE,,10306,1,0,1,"6,273",840,1950,1,A2,"760,000",02/18/2026
5,NEW DORP,01 ONE FAMILY DWELLINGS,1,3622,47,,A1,103 OTIS AVENUE,,10306,1,0,1,"6,473","1,488",1925,1,A1,"1,100,000",08/19/2025
5,NEW DORP,01 ONE FAMILY DWELLINGS,1,3624,64,,A1,77 BURBANK AVENUE,,10306,1,0,1,"5,000","2,000",1920,1,A1,"955,000",01/08/2026
5,NEW DORP,01 ONE FAMILY DWELLINGS,1,3629,20,,A1,74 STEELE AVENUE,,10306,1,0,1,"6,000","2,008",1920,1,A1,"758,800",07/09/2025
5,NEW DORP,01 ONE FAMILY DWELLINGS,1,3633,14,,A2,187 LOCUST AVENUE,,10306,1,0,1,"6,000","1,815",1960,1,A2,0,09/30/2025
5,NEW DORP,01 ONE FAMILY DWELLINGS,1,3633,23,,A2,163 LOCUST AVENUE,,10306,1,0,1,"4,000",770,1955,1,A2,0,09/24/2025
5,NEW DORP,01 ONE FAMILY DWELLINGS,1,3633,27,,A2,155 LOCUST AVENUE,,10306,1,0,1,"4,000",720,1960,1,A2,"605,580",11/01/2025
5,NEW DORP,01 ONE FAMILY DWELLINGS,1,3635,62,,A1,158 BURBANK AVENUE,,10306,1,0,1,"3,432","1,522",1940,1,A1,"870,000",11/26/2025
5,NEW DORP,01 ONE FAMILY DWELLINGS,1,3635,65,,A1,164 BURBANK AVENUE,,10306,1,0,1,"4,000","1,376",1940,1,A1,"880,000",12/23/2025
5,NEW DORP,01 ONE FAMILY DWELLINGS,1,3636,6,,A2,75 JACQUES AVENUE,,10306,1,0,1,"4,000",848,1955,1,A2,"715,000",01/16/2026
5,NEW DORP,01 ONE FAMILY DWELLINGS,1,3636,70,,A1,52 BACHE AVENUE,,10306,1,0,1,"8,000","1,729",1970,1,A1,0,01/12/2026
5,NEW DORP,01 ONE FAMILY DWELLINGS,1,3638,43,,A2,196 BRYANT AVE,,10306,1,0,1,"4,000","1,159",1940,1,A2,0,07/03/2025
5,NEW DORP,01 ONE FAMILY DWELLINGS,1,3639,19,,A1,233 LOCUST AVENUE,,10306,1,0,1,"4,000","1,192",1928,1,A1,"660,000",07/02/2025
5,NEW DORP,01 ONE FAMILY DWELLINGS,1,3640,15,,A2,239 BURBANK AVENUE,,10306,1,0,1,"4,000",975,1930,1,A2,"715,000",12/05/2025
5,NEW DORP,01 ONE FAMILY DWELLINGS,1,3641,47,,A0,238 BURBANK AVENUE,,10306,1,0,1,"4,000","1,600",1945,1,A0,"910,000",11/18/2025
5,NEW DORP,01 ONE FAMILY DWELLINGS,1,3642,29,,A2,344 EDISON STREET,,10306,1,0,1,"4,000","1,872",1960,1,A2,1,10/21/2025
5,NEW DORP,01 ONE FAMILY DWELLINGS,1,3643,47,,A2,124 JACQUES AVENUE,,10306,1,0,1,"6,000","1,250",1950,1,A2,1,10/21/2025
5,NEW DORP,01 ONE FAMILY DWELLINGS,1,3646,18,,A0,297 BURBANK AVENUE,,10306,1,0,1,"4,000",935,1950,1,A0,"728,000",07/21/2025
5,NEW DORP,01 ONE FAMILY DWELLINGS,1,3646,41,,A2,294 LOCUST AVENUE,,10306,1,0,1,"4,000","1,300",1955,1,A2,"649,000",05/28/2025
5,NEW DORP,01 ONE FAMILY DWELLINGS,1,3647,32,,A1,260 CLAWSON STREET,,10306,1,0,1,"4,000","1,660",1930,1,A1,"820,000",10/29/2025
5,NEW DORP,01 ONE FAMILY DWELLINGS,1,4031,105,,A5,12B MILL ROAD,,10306,1,0,1,"2,856","1,800",2005,1,A5,"890,000",04/28/2025
5,NEW DORP,01 ONE FAMILY DWELLINGS,1,4033,20,,A1,49 CUBA AVENUE,,10306,1,0,1,"4,040","1,800",1940,1,A1,0,08/05/2025
5,NEW DORP,01 ONE FAMILY DWELLINGS,1,4033,27,,A1,61 CUBA AVENUE,,10306,1,0,1,"4,343","2,000",1960,1,A1,"885,000",07/14/2025
5,NEW DORP,01 ONE FAMILY DWELLINGS,1,4033,104,,A5,34 TITUS AVENUE,,10306,1,0,1,"2,525","1,376",1960,1,A5,"710,000",07/09/2025
5,NEW DORP,01 ONE FAMILY DWELLINGS,1,4033,120,,A5,562 NEW DORP LANE,,10306,1,0,1,"2,044","1,230",1965,1,A5,"700,000",09/15/2025
5,NEW DORP,01 ONE FAMILY DWELLINGS,1,4035,7,,A1,29 WEED AVENUE,,10306,1,0,1,"7,575","1,700",1920,1,A1,"850,000",04/07/2025
5,NEW DORP,01 ONE FAMILY DWELLINGS,1,4035,18,,A1,49 WEED AVENUE,,10306,1,0,1,"5,050","1,800",1935,1,A1,"1,075,000",05/30/2025
5,NEW DORP,01 ONE FAMILY DWELLINGS,1,4035,69,,A5,8 CELTIC PLACE,,10306,1,0,1,"1,894","1,066",1999,1,A5,0,10/27/2025
5,NEW DORP,01 ONE FAMILY DWELLINGS,1,4035,90,,A5,42 CUBA AVENUE,,10306,1,0,1,"2,275","1,680",1989,1,A5,0,05/27/2025
5,NEW DORP,01 ONE FAMILY DWELLINGS,1,4037,68,,A5,145 TITUS AVENUE,,10306,1,0,1,"2,738","1,200",1997,1,A5,0,04/10/2025
5,NEW DORP,01 ONE FAMILY DWELLINGS,1,4040,9,,A2,154 CUBA AVENUE,,10306,1,0,1,"8,383",912,1950,1,A2,"1,010,000",10/29/2025
5,NEW DORP,01 ONE FAMILY DWELLINGS,1,4040,19,,A5,134C CUBA AVENUE,,10306,1,0,1,"2,607","1,280",1994,1,A5,"765,000",04/21/2025
5,NEW DORP,01 ONE FAMILY DWELLINGS,1,4041,33,,A6,67 WINHAM AVENUE,,10306,1,0,1,"2,525","1,200",1925,1,A6,0,06/09/2025
5,NEW DORP,01 ONE FAMILY DWELLINGS,1,4047,38,,A5,102 WEED AVENUE,,10306,1,0,1,"2,525","1,600",1996,1,A5,"700,000",04/07/2025
5,NEW DORP,01 ONE FAMILY DWELLINGS,1,4051,25,,A2,206 MILL RD,,10306,1,0,1,"3,920",988,1960,1,A2,0,11/11/2025
5,NEW DORP,01 ONE FAMILY DWELLINGS,1,4053,20,,A5,226 CUBA AVENUE,,10306,1,0,1,"1,400","1,480",1989,1,A5,0,01/11/2026
5,NEW DORP,01 ONE FAMILY DWELLINGS,1,4054,15,,A2,230 WEED AVE,,10306,1,0,1,"3,000",420,1930,1,A2,"410,000",06/25/2025
5,NEW DORP,01 ONE FAMILY DWELLINGS,1,4054,17,,A5,228 WEED AVENUE,,10306,1,0,1,"3,672","1,600",1989,1,A5,0,06/19/2025
5,NEW DORP,01 ONE FAMILY DWELLINGS,1,4054,18,,A5,226 WEED AVENUE,,10306,1,0,1,"4,450","1,600",1989,1,A5,0,06/19/2025
5,NEW DORP,01 ONE FAMILY DWELLINGS,1,4055,12,,A5,89 ISERNIA AVENUE,,10306,1,0,1,"2,472","1,600",1996,1,A5,"727,500",06/12/2025
5,NEW DORP,01 ONE FAMILY DWELLINGS,1,4055,69,,A1,265 MILTON AVENUE,,10306,1,0,1,"4,059","2,164",1970,1,A1,"814,700",05/28/2025
5,NEW DORP,01 ONE FAMILY DWELLINGS,1,4058,116,,A5,803 TYSENS LANE,,10306,1,0,1,"2,548","1,732",1970,1,A5,0,10/22/2025
5,NEW DORP,01 ONE FAMILY DWELLINGS,1,4058,117,,A5,801 TYSEN LANE,,10306,1,0,1,"2,450","1,732",1970,1,A5,0,10/22/2025
5,NEW DORP,01 ONE FAMILY DWELLINGS,1,4058,234,,A2,716 TYSENS LANE,,10306,1,0,1,"3,906","1,873",1960,1,A2,"870,000",02/27/2026
5,NEW DORP,01 ONE FAMILY DWELLINGS,1,4058,245,,A2,736 TYSENS LANE,,10306,1,0,1,"3,906","1,873",1960,1,A2,"867,500",01/27/2026
5,NEW DORP,01 ONE FAMILY DWELLINGS,1,4058,251,,A2,748 TYSENS LANE,,10306,1,0,1,"3,906","1,873",1960,1,A2,"890,000",10/15/2025
5,NEW DORP,01 ONE FAMILY DWELLINGS,1,4058,308,,A2,69 EVA AVENUE,,10306,1,0,1,"3,999","1,873",1960,1,A2,0,04/21/2025
5,NEW DORP,01 ONE FAMILY DWELLINGS,1,4058,316,,A2,49 EVA AVENUE,,10306,1,0,1,"3,999","1,873",1960,1,A2,"890,000",05/14/2025
5,NEW DORP,01 ONE FAMILY DWELLINGS,1,4058,324,,A2,33 EVA AVENUE,,10306,1,0,1,"3,999","1,873",1965,1,A2,0,06/09/2025
5,NEW DORP,01 ONE FAMILY DWELLINGS,1,4058,369,,A2,74 EVA AVENUE,,10306,1,0,1,"4,611","1,134",1960,1,A2,"746,000",12/10/2025
5,NEW DORP,01 ONE FAMILY DWELLINGS,1,4058,445,,A2,9 ROBERTS DRIVE,,10306,1,0,1,"3,999","2,624",1965,1,A2,0,07/10/2025
5,NEW DORP,01 ONE FAMILY DWELLINGS,1,4058,451,,A2,358 MILL ROAD,,10306,1,0,1,"5,076","1,873",1965,1,A2,0,12/22/2025
5,NEW DORP,01 ONE FAMILY DWELLINGS,1,4058,454,,A5,354 MILL ROAD,,10306,1,0,1,"2,700","1,184",1965,1,A5,0,12/22/2025
5,NEW DORP,01 ONE FAMILY DWELLINGS,1,4191,6,,S1,21 2 STREET,,10306,1,1,2,"2,500","1,960",1980,1,S1,10,06/04/2025
5,NEW DORP,01 ONE FAMILY DWELLINGS,1,4193,8,,A2,67 FIRST STREET,,10306,1,0,1,"5,040","1,078",1955,1,A2,0,01/23/2026
5,NEW DORP,01 ONE FAMILY DWELLINGS,1,4194,7,,A1,61 2 STREET,,10306,1,0,1,"3,750","2,200",2006,1,A1,0,06/25/2025
5,NEW DORP,01 ONE FAMILY DWELLINGS,1,4195,29,,A1,66 2ND STREET,,10306,1,0,1,"4,000","2,259",1945,1,A1,0,08/14/2025
5,NEW DORP,01 ONE FAMILY DWELLINGS,1,4197,39,,A2,94 SECOND STREET,,10306,1,0,1,"7,500",792,1955,1,A2,0,06/06/2025
5,NEW DORP,01 ONE FAMILY DWELLINGS,1,4198,13,,A2,35 4 STREET,,10306,1,0,1,"5,000","1,267",1950,1,A2,"685,000",02/03/2026
5,NEW DORP,01 ONE FAMILY DWELLINGS,1,4215,33,,A9,158 NEW DORP PLAZA,,10306,1,0,1,"2,158","1,440",1980,1,A9,"695,000",04/08/2025
5,NEW DORP,01 ONE FAMILY DWELLINGS,1,4216,6,,A1,101 8TH STREET,,10306,1,0,1,"5,000","1,720",1930,1,A1,"830,000",04/01/2025
5,NEW DORP,01 ONE FAMILY DWELLINGS,1,4216,11,,A1,109 8 STREET,,10306,1,0,1,"5,000","1,680",1950,1,A1,"1,080,000",06/16/2025
5,NEW DORP,01 ONE FAMILY DWELLINGS,1,4218,10,,A2,109 10TH STREET,,10306,1,0,1,"4,000","1,330",1965,1,A2,"830,000",12/23/2025
5,NEW DORP,01 ONE FAMILY DWELLINGS,1,4220,23,,A1,267 ROSE AVENUE,,10306,1,0,1,"8,000","1,088",1925,1,A1,"1,200,000",10/14/2025
5,NEW DORP,01 ONE FAMILY DWELLINGS,1,4223,41,,A2,395 CLAWSON STREET,,10306,1,0,1,"6,000","1,232",1965,1,A2,"935,000",08/12/2025
5,NEW DORP,01 ONE FAMILY DWELLINGS,1,4224,45,,A1,57 STERLING AVENUE,,10306,1,0,1,"4,000","1,408",1945,1,A1,0,02/14/2026
5,NEW DORP,01 ONE FAMILY DWELLINGS,1,4225,22,,A2,32 STERLING AVENUE,,10306,1,0,1,"4,000","1,040",1945,1,A2,"740,000",01/28/2026
5,NEW DORP,01 ONE FAMILY DWELLINGS,1,4225,50,,A2,291 BEACH AVENUE,,10306,1,0,1,"4,500","1,385",1955,1,A2,"525,000",05/29/2025
5,NEW DORP,01 ONE FAMILY DWELLINGS,1,4226,17,,A1,354 ROSE AVENUE,,10306,1,0,1,"6,000","1,896",1950,1,A1,"575,000",09/30/2025
5,NEW DORP,01 ONE FAMILY DWELLINGS,1,4229,181,,A5,51A BEHAN COURT,,10306,1,0,1,"1,875",900,1990,1,A5,0,12/16/2025
5,NEW DORP,01 ONE FAMILY DWELLINGS,1,4229,318,,A5,305D TYSENS LANE,,10306,1,0,1,"1,210","1,480",1997,1,A5,"480,000",06/30/2025
5,NEW DORP,01 ONE FAMILY DWELLINGS,1,4231,79,,A2,71 ALLISON AVENUE,,10306,1,0,1,"6,450","1,020",1945,1,A2,"750,000",08/13/2025
5,NEW DORP,01 ONE FAMILY DWELLINGS,1,4231,82,,A1,65 ALLISON AVENUE,,10306,1,0,1,"6,400","1,632",1945,1,A1,"1,205,000",07/23/2025
5,NEW DORP,01 ONE FAMILY DWELLINGS,1,4231,131,,A1,87 7 STREET,,10306,1,0,1,"4,300","2,313",1960,1,A1,0,10/23/2025
5,NEW DORP,01 ONE FAMILY DWELLINGS,1,4233,13,,A2,82 ALLISON AVENUE,,10306,1,0,1,"5,000","1,040",1955,1,A2,"750,000",10/21/2025
5,NEW DORP,01 ONE FAMILY DWELLINGS,1,4237,22,,A2,36 PRINCETON AVENUE,,10306,1,0,1,"8,000","1,540",1965,1,A2,0,10/16/2025
5,NEW DORP,01 ONE FAMILY DWELLINGS,1,4239,15,,A2,325 TYSENS LANE,,10306,1,0,1,"5,031","1,040",1960,1,A2,"360,000",01/22/2026
5,NEW DORP,01 ONE FAMILY DWELLINGS,1,4239,27,,A5,1666 SOUTH RAILROAD AVENUE,,10306,1,0,1,"2,034","1,360",1975,1,A5,"599,000",04/10/2025
5,NEW DORP,01 ONE FAMILY DWELLINGS,1,4239,45,,A2,36 RENO AVENUE,,10306,1,0,1,"5,040",880,1960,1,A2,0,11/12/2025
5,NEW DORP,01 ONE FAMILY DWELLINGS,1,4242,39,,A2,74 RENO AVENUE,,10306,1,0,1,"6,096","1,884",1960,1,A2,"900,000",05/23/2025
5,NEW DORP,01 ONE FAMILY DWELLINGS,1,4247,43,,A2,88 LINDBERGH AVENUE,,10306,1,0,1,"4,000",952,1950,1,A2,0,10/03/2025
5,NEW DORP,01 ONE FAMILY DWELLINGS,1,4250,65,,A2,129 RENO AVENUE,,10306,1,0,1,"4,600","1,150",1960,1,A2,"855,000",04/08/2025
5,NEW DORP,01 ONE FAMILY DWELLINGS,1,4251,4,,A2,215 CANNON BOULEVARD,,10306,1,0,1,"5,000",912,1965,1,A2,"839,000",12/08/2025
5,NEW DORP,01 ONE FAMILY DWELLINGS,1,4251,10,,A2,205 CANNON BOULEVARD,,10306,1,0,1,"4,000","1,040",1960,1,A2,"760,000",08/18/2025
5,NEW DORP,01 ONE FAMILY DWELLINGS,1,4252,43,,A2,218 CANNON BOULEVARD,,10306,1,0,1,"4,000","1,040",1940,1,A2,"825,000",11/21/2025
5,NEW DORP,01 ONE FAMILY DWELLINGS,1,4253,29,,A2,13 ELLA PLACE,,10306,1,0,1,"6,060","1,842",1965,1,A2,"1,118,000",12/08/2025
5,NEW DORP,01 ONE FAMILY DWELLINGS,1,4256,8,,A1,20 THOMAS PLACE,,10306,1,0,1,"4,800","2,404",1965,1,A1,0,07/30/2025
5,NEW DORP,02 TWO FAMILY DWELLINGS,1,3596,12,,B1,12 GREELEY AVENUE,,10306,2,0,2,"3,900","2,296",1968,1,B1,0,06/18/2025
5,NEW DORP,02 TWO FAMILY DWELLINGS,1,3596,26,,B3,38 GREELEY AVENUE,,10306,2,0,2,"6,000","2,168",1915,1,B3,"1,095,000",06/30/2025
5,NEW DORP,02 TWO FAMILY DWELLINGS,1,3597,44,,B2,23 BANCROFT AVENUE,,10306,2,0,2,"5,000","2,744",1930,1,B2,"1,250,000",09/12/2025
5,NEW DORP,02 TWO FAMILY DWELLINGS,1,3599,54,,B2,71 PRESCOTT AVENUE,,10306,2,0,2,"3,750","2,508",2025,1,B2,"1,303,360",11/26/2025
5,NEW DORP,02 TWO FAMILY DWELLINGS,1,3599,55,,B2,65 PRESCOTT AVENUE,,10306,2,0,2,"3,750","2,508",2025,1,B2,"1,303,360",11/07/2025
5,NEW DORP,02 TWO FAMILY DWELLINGS,1,3601,27,,B2,90 BANCROFT AVENUE,,10306,2,0,2,"6,324","1,320",1940,1,B2,0,12/18/2025
5,NEW DORP,02 TWO FAMILY DWELLINGS,1,3607,40,,B3,124 BANCROFT AVENUE,,10306,2,0,2,"4,000","1,324",1930,1,B3,"700,000",09/08/2025
5,NEW DORP,02 TWO FAMILY DWELLINGS,1,3607,42,,B2,128 BANCROFT AVENUE,,10306,2,0,2,"4,000","1,860",1930,1,B2,"800,000",08/06/2025
5,NEW DORP,02 TWO FAMILY DWELLINGS,1,3616,8,,B3,2309 HYLAN BLVD,,10306,2,0,2,"4,200","1,600",1955,1,B3,"1,080,000",10/17/2025
5,NEW DORP,02 TWO FAMILY DWELLINGS,1,3616,56,,B2,276 PRESCOTT AVENUE,,10306,2,0,2,"4,000","2,404",1955,1,B2,"1,471,371",05/19/2025
5,NEW DORP,02 TWO FAMILY DWELLINGS,1,3620,18,,B2,28 OTIS AVENUE,,10306,2,0,2,"4,569","2,570",2001,1,B2,0,09/30/2025
5,NEW DORP,02 TWO FAMILY DWELLINGS,1,3622,37,,B9,1279 NORTH RAILROAD AVE,,10306,2,0,2,"2,480","2,025",1991,1,B9,"695,000",06/12/2025
5,NEW DORP,02 TWO FAMILY DWELLINGS,1,3623,1,,B3,92 OTIS AVENUE,,10306,2,0,2,"5,050","1,301",1937,1,B3,0,01/22/2026
5,NEW DORP,02 TWO FAMILY DWELLINGS,1,3624,55,,B2,99 BURBANK AVENUE,,10306,2,0,2,"4,947","2,600",1950,1,B2,"738,231",01/13/2026
5,NEW DORP,02 TWO FAMILY DWELLINGS,1,3637,64,,B9,24 JACQUES AVENUE,,10306,2,0,2,"2,782","2,074",1980,1,B9,"888,000",05/05/2025
5,NEW DORP,02 TWO FAMILY DWELLINGS,1,3638,45,,B2,200 BRYANT AVE,,10306,2,0,2,"4,000","2,390",2025,1,B2,"1,476,463",08/20/2025
5,NEW DORP,02 TWO FAMILY DWELLINGS,1,3647,26,,B1,167 BACHE AVENUE,,10306,2,0,2,"4,000","2,800",1970,1,B1,0,05/09/2025
5,NEW DORP,02 TWO FAMILY DWELLINGS,1,3647,47,,B3,306 BURBANK AVENUE,,10306,2,0,2,"4,000","1,565",1935,1,B3,0,09/03/2025
5,NEW DORP,02 TWO FAMILY DWELLINGS,1,3960,108,,B9,216 DARTMOUTH LOOP,,10306,2,0,2,"1,820","1,300",2005,1,B9,10,07/31/2025
5,NEW DORP,02 TWO FAMILY DWELLINGS,1,3960,260,,B9,244 DARTMOUTH LOOP,,10306,2,0,2,"2,990","1,300",2005,1,B9,0,06/18/2025
5,NEW DORP,02 TWO FAMILY DWELLINGS,1,4031,101,,B9,16 MILL ROAD,,10306,2,0,2,"4,921","2,250",1982,1,B9,"1,039,999",09/15/2025
5,NEW DORP,02 TWO FAMILY DWELLINGS,1,4033,10,,B1,25 CUBA AVENUE,,10306,2,0,2,"5,050","2,548",1975,1,B1,0,09/19/2025
5,NEW DORP,02 TWO FAMILY DWELLINGS,1,4037,13,,B2,170 MILL ROAD,,10306,2,0,2,"3,885","2,344",2022,1,B2,"1,200,000",03/30/2026
5,NEW DORP,02 TWO FAMILY DWELLINGS,1,4037,20,,B2,158 MILL ROAD,,10306,2,0,2,"6,660","1,632",1925,1,B2,"425,000",02/04/2026
5,NEW DORP,02 TWO FAMILY DWELLINGS,1,4040,24,,B9,132 CUBA AVENUE,,10306,2,0,2,"2,525","1,226",2002,1,B9,0,07/28/2025
5,NEW DORP,02 TWO FAMILY DWELLINGS,1,4058,165,,B2,109 MANILA AVENUE,,10306,2,0,2,"4,275","2,136",1960,1,B2,"900,000",04/21/2025
5,NEW DORP,02 TWO FAMILY DWELLINGS,1,4192,3,,B2,121 3 STREET,,10306,2,0,2,"3,750","1,960",2006,1,B2,"1,199,999",07/28/2025
5,NEW DORP,02 TWO FAMILY DWELLINGS,1,4194,24,,B2,72 1 STREET,,10306,2,0,2,"5,000","2,705",1920,1,B2,0,06/26/2025
5,NEW DORP,02 TWO FAMILY DWELLINGS,1,4197,13,,B2,213 3RD STREET,,10306,2,0,2,"3,500","2,420",2019,1,B2,0,10/28/2025
5,NEW DORP,02 TWO FAMILY DWELLINGS,1,4198,7,,B2,25 4TH STREET,,10306,2,0,2,"5,000","1,168",1950,1,B2,"915,000",12/30/2025
5,NEW DORP,02 TWO FAMILY DWELLINGS,1,4202,1,,B9,106 ROSE AVENUE,,10306,2,0,2,"5,550","2,070",1965,1,B9,0,12/03/2025
5,NEW DORP,02 TWO FAMILY DWELLINGS,1,4202,42,,B9,102 ROSE AVENUE,,10306,2,0,2,"4,450","2,070",1965,1,B9,0,12/03/2025
5,NEW DORP,02 TWO FAMILY DWELLINGS,1,4210,32,,B3,20 8 STREET,,10306,2,0,2,"7,500","1,799",1940,1,B3,"995,000",12/04/2025
5,NEW DORP,02 TWO FAMILY DWELLINGS,1,4212,14,,B9,75 8 STREET,,10306,2,0,2,"3,550","1,452",1960,1,B9,0,12/03/2025
5,NEW DORP,02 TWO FAMILY DWELLINGS,1,4212,21,,B9,151 ROSS AVENUE,,10306,2,0,2,"3,896","1,886",1925,1,B9,"840,000",06/24/2025
5,NEW DORP,02 TWO FAMILY DWELLINGS,1,4213,34,,B9,60 8TH STREET,,10306,2,0,2,"2,500","1,400",2003,1,B9,"850,000",05/02/2025
5,NEW DORP,02 TWO FAMILY DWELLINGS,1,4214,14,,B2,79 10 STREET,,10306,2,0,2,"8,000","2,008",1910,1,B2,"1,260,000",09/08/2025
5,NEW DORP,02 TWO FAMILY DWELLINGS,1,4220,40,,B3,14 CODDINGTON AVENUE,,10306,2,0,2,"8,000","2,016",1925,1,B3,"1,050,000",05/29/2025
5,NEW DORP,02 TWO FAMILY DWELLINGS,1,4221,13,,B3,113 CODDINGTON AVENUE,,10306,2,0,2,"4,000","1,808",1920,1,B3,0,10/24/2025
5,NEW DORP,02 TWO FAMILY DWELLINGS,1,4222,10,,B2,373 ROSE AVENUE,,10306,2,0,2,"5,000","1,364",1950,1,B2,"765,000",01/30/2026
5,NEW DORP,02 TWO FAMILY DWELLINGS,1,4229,316,,B9,305B TYSENS LANE,,10306,2,0,2,"1,214","1,120",1997,1,B9,"742,800",12/18/2025
5,NEW DORP,02 TWO FAMILY DWELLINGS,1,4249,40,,B2,176 PRINCETON AVE,,10306,2,0,2,"4,000","1,800",1940,1,B2,0,06/05/2025
5,NEW DORP,02 TWO FAMILY DWELLINGS,1,4251,58,,B9,227 CANNON BOULEVARD,,10306,2,0,2,"3,000","1,200",1993,1,B9,"880,000",09/09/2025
5,NEW DORP,03 THREE FAMILY DWELLINGS,1,4211,1,,C0,15 10 STREET,,10306,3,0,3,"7,500","3,800",1940,1,C0,"12,000",09/08/2025
5,NEW DORP,04 TAX CLASS 1 CONDOS,1A,4229,1028,,R3,"53B FRANCINE COURT, 79B",79B,10306,1,,1,,,1988,1,R3,"235,000",05/29/2025
5,NEW DORP,04 TAX CLASS 1 CONDOS,1A,4229,1047,,R3,"52A FRANCINE COURT, 80A",80A,10306,1,,1,,,1988,1,R3,"439,999",02/20/2026
5,NEW DORP,04 TAX CLASS 1 CONDOS,1A,4229,1062,,R3,"32B FRANCINE COURT, 98B",98B,10306,1,,1,,,1988,1,R3,"298,500",07/15/2025
5,NEW DORP,04 TAX CLASS 1 CONDOS,1A,4229,1073,,R3,"20A FRANCINE COURT, 110A",110A,10306,1,,1,,,1988,1,R3,"485,000",11/07/2025
5,NEW DORP,04 TAX CLASS 1 CONDOS,1A,4229,1074,,R3,"20B FRANCINE COURT, 110B",110B,10306,1,,1,,,1988,1,R3,0,05/06/2025
5,NEW DORP,04 TAX CLASS 1 CONDOS,1A,4229,1102,,R3,"6 ARC PLACE, A2",A2,10306,1,,1,,,2008,1,R3,0,08/08/2025
5,NEW DORP,04 TAX CLASS 1 CONDOS,1A,4229,1104,,R3,"6 ARC PLACE, A4",A4,10306,1,,1,,,2008,1,R3,"485,000",09/17/2025
5,NEW DORP,04 TAX CLASS 1 CONDOS,1A,4229,1106,,R3,"6 ARC PLACE, A6",A6,10306,1,,1,,,2008,1,R3,"480,000",04/01/2025
5,NEW DORP,04 TAX CLASS 1 CONDOS,1A,4229,1110,,R3,"6 ARC PLACE, B3",B3,10306,1,,1,,,2008,1,R3,"479,900",05/08/2025
5,NEW DORP,05 TAX CLASS 1 VACANT LAND,1,3638,46,,B2,202 BRYANT AVE,,10306,2,0,2,"4,000",0,2025,1,V0,"1,323,725",07/25/2025
5,NEW DORP,05 TAX CLASS 1 VACANT LAND,1B,3643,38,,V0,104 JACQUES AVENUE,,10306,0,0,0,"7,000",0,,1,V0,"975,000",02/10/2026
5,NEW DORP,06 TAX CLASS 1 - OTHER,1,4194,27,,G0,68 1 STREET,,10306,0,0,0,"2,500",0,1950,1,G0,0,06/26/2025
5,NEW DORP,07 RENTALS - WALKUP APARTMENTS,2,4212,47,,C9,184 ROSE AVENUE,,10306,14,3,17,"18,000","10,000",1976,2,C9,"3,525,000",11/13/2025
5,NEW DORP,21 OFFICE BUILDINGS,4,3612,56,,O7,157 CLAWSON STREET,,10306,0,1,1,"6,900","1,050",1930,4,O7,"959,000",12/30/2025
5,NEW DORP,22 STORE BUILDINGS,4,3637,1,,K7,257 NEW DORP LANE,,10306,0,1,1,"6,000","5,600",1949,4,K7,"3,000,000",06/27/2025
5,NEW DORP,22 STORE BUILDINGS,4,3637,26,,G9,153 NEW DORP LANE,,10306,0,2,2,"3,926","1,480",1947,4,K4,0,06/27/2025
5,NEW DORP,22 STORE BUILDINGS,4,3643,1,,K2,323 NEW DORP LANE,,10306,0,3,3,"3,600","5,350",1956,4,K2,0,10/29/2025
5,NEW DORP,22 STORE BUILDINGS,4,4219,34,,K7,260 NEW DORP LANE,,10306,0,1,1,"18,000",743,1972,4,K7,"1,200,000",06/27/2025
5,NEW DORP,31 COMMERCIAL VACANT LAND,4,3960,350,,V1,N/A 460 NEW DORP LANE,,10306,0,0,0,"134,071",0,,4,V1,"6,650,000",12/26/2025
5,NEW DORP,43 CONDO OFFICE BUILDINGS,4,3643,1003,,RB,"265 NEW DORP LANE, C",C,10306,,1,1,,,2007,4,RB,"3,000,000",09/03/2025
5,NEW DORP,43 CONDO OFFICE BUILDINGS,4,3643,1006,,RB,"267 NEW DORP LANE, C",C,10306,,1,1,,,2007,4,RB,"3,000,000",09/03/2025
5,NEW DORP,43 CONDO OFFICE BUILDINGS,4,4229,1115,,RB,"6 ARC PLACE, C1",C1,10306,,1,1,,,2008,4,RB,"580,000",08/18/2025
5,NEW DORP,44 CONDO PARKING,4,4229,1119,,RP,"6 ARC PLACE, P4",P4,10306,,1,1,,,,4,RP,"580,000",08/18/2025
5,NEW DORP,44 CONDO PARKING,4,4229,1120,,RP,"6 ARC PLACE, P5",P5,10306,,1,1,,,2008,4,RP,"580,000",08/18/2025
5,NEW DORP,44 CONDO PARKING,4,4229,1123,,RP,"6 ARC PLACE, P8",P8,10306,,1,1,,,,4,RP,"479,900",05/08/2025
5,NEW DORP,44 CONDO PARKING,4,4229,1124,,RP,"6 ARC PLACE, P9",P9,10306,,1,1,,,,4,RP,"580,000",08/18/2025
5,NEW DORP,44 CONDO PARKING,4,4229,1125,,RP,"6 ARC PLACE, P10",P10,10306,,1,1,,,,4,RP,"580,000",08/18/2025
5,NEW DORP,44 CONDO PARKING,4,4229,1126,,RP,"6 ARC PLACE, P11",P11,10306,,1,1,,,,4,RP,"580,000",08/18/2025
5,NEW DORP,44 CONDO PARKING,4,4229,1127,,RP,"6 ARC PLACE, P12",P12,10306,,1,1,,,,4,RP,"580,000",08/18/2025
5,NEW DORP,44 CONDO PARKING,4,4229,1128,,RP,"6 ARC PLACE, P13",P13,10306,,1,1,,,,4,RP,"580,000",08/18/2025
5,NEW DORP,44 CONDO PARKING,4,4229,1129,,RP,"6 ARC PLACE, P14",P14,10306,,1,1,,,,4,RP,"580,000",08/18/2025
5,NEW DORP,44 CONDO PARKING,4,4229,1130,,RP,"6 ARC PLACE, P15",P15,10306,,1,1,,,,4,RP,"580,000",08/18/2025
5,NEW DORP,44 CONDO PARKING,4,4229,1132,,RP,"6 ARC PLACE, P17",P17,10306,,1,1,,,,4,RP,"580,000",08/18/2025
5,NEW DORP,44 CONDO PARKING,4,4229,1133,,RP,"6 ARC PLACE, P18",P18,10306,,1,1,,,,4,RP,"580,000",08/18/2025
5,NEW DORP,44 CONDO PARKING,4,4229,1135,,RP,"6 ARC PLACE, P20",P20,10306,,1,1,,,,4,RP,"485,000",09/17/2025
5,NEW DORP,44 CONDO PARKING,4,4229,1136,,RP,"6 ARC PLACE, P21",P21,10306,,1,1,,,,4,RP,"580,000",08/18/2025
5,NEW DORP,44 CONDO PARKING,4,4229,1141,,RP,"6 ARC PLACE, P26",P26,10306,,1,1,,,,4,RP,"479,900",05/08/2025
5,NEW DORP,46 CONDO STORE BUILDINGS,4,3643,1001,,RK,"265 NEW DORP LANE, A",A,10306,,1,1,,,2007,4,RK,"3,000,000",09/03/2025
5,NEW DORP,46 CONDO STORE BUILDINGS,4,3643,1002,,RK,"265 NEW DORP LANE, B",B,10306,,1,1,,,2007,4,RK,"3,000,000",09/03/2025
5,NEW DORP,46 CONDO STORE BUILDINGS,4,3643,1004,,RK,"267 NEW DORP LANE, A",A,10306,,1,1,,,2007,4,RK,"3,000,000",09/03/2025
5,NEW DORP,46 CONDO STORE BUILDINGS,4,3643,1005,,RK,"267 NEW DORP LANE, B",B,10306,,1,1,,,2007,4,RK,"3,000,000",09/03/2025
5,NEW DORP-BEACH,01 ONE FAMILY DWELLINGS,1,4043,75,,A5,70 WINHAM AVENUE,,10306,1,0,1,"1,680","1,930",1989,1,A5,"600,000",06/11/2025
5,NEW DORP-BEACH,01 ONE FAMILY DWELLINGS,1,4043,92,,A1,42 WINHAM AVENUE,,10306,1,0,1,"4,425","1,805",2024,1,A1,0,07/23/2025
5,NEW DORP-BEACH,01 ONE FAMILY DWELLINGS,1,4049,43,,A6,120 WINHAM AVENUE,,10306,1,0,1,"3,425",875,1925,1,A6,"433,000",09/26/2025
5,NEW DORP-BEACH,01 ONE FAMILY DWELLINGS,1,4049,62,,A2,117 MILTON AVENUE,,10306,1,0,1,"4,400","1,100",1965,1,A2,"850,000",08/05/2025
5,NEW DORP-BEACH,01 ONE FAMILY DWELLINGS,1,4049,67,,A5,125 MILTON AVENUE,,10306,1,0,1,"1,469","1,510",1989,1,A5,"565,000",06/25/2025
5,NEW DORP-BEACH,01 ONE FAMILY DWELLINGS,1,4050,33,,A5,132 MILTON AVENUE,,10306,1,0,1,"1,300","1,140",1989,1,A5,"575,000",08/12/2025
5,NEW DORP-BEACH,01 ONE FAMILY DWELLINGS,1,4050,35,,A5,128 MILTON AVENUE,,10306,1,0,1,"1,333","1,140",1990,1,A5,"549,900",08/21/2025
5,NEW DORP-BEACH,01 ONE FAMILY DWELLINGS,1,4057,6,,A5,21 NAVESINK PLACE,,10306,1,0,1,"1,080","1,080",1990,1,A5,"470,000",08/04/2025
5,NEW DORP-BEACH,01 ONE FAMILY DWELLINGS,1,4057,90,,A5,265 FINLEY ROAD,,10306,1,0,1,"1,584","1,080",1980,1,A5,"140,000",02/10/2026
5,NEW DORP-BEACH,01 ONE FAMILY DWELLINGS,1,4063,42,,A5,275 FINLEY AVENUE,,10306,1,0,1,"2,560","1,280",1978,1,A5,0,07/28/2025
5,NEW DORP-BEACH,01 ONE FAMILY DWELLINGS,1,4063,55,,A5,825 TYSENS LANE,,10306,1,0,1,"2,600","1,190",1970,1,A5,"670,000",06/30/2025
5,NEW DORP-BEACH,01 ONE FAMILY DWELLINGS,1,4064,12,,A6,34 FINLEY AVENUE,,10306,1,0,1,"2,600",736,1925,1,A6,"499,000",06/20/2025
5,NEW DORP-BEACH,01 ONE FAMILY DWELLINGS,1,4064,21,,A5,12 FINLEY AVENUE,,10306,1,0,1,"2,000","1,248",2023,1,A5,"778,961",09/26/2025
5,NEW DORP-BEACH,01 ONE FAMILY DWELLINGS,1,4064,22,,A5,N/A FINLEY AVENUE,,10306,1,0,1,"2,000","1,248",2023,1,A5,"778,961",09/02/2025
5,NEW DORP-BEACH,01 ONE FAMILY DWELLINGS,1,4064,38,,A2,13 HETT AVENUE,,10306,1,0,1,"4,000","1,056",1925,1,A2,"540,000",06/20/2025
5,NEW DORP-BEACH,01 ONE FAMILY DWELLINGS,1,4065,55,,A5,45 ROMA AVENUE,,10306,1,0,1,"2,530","1,400",1970,1,A5,"739,000",02/13/2026
5,NEW DORP-BEACH,01 ONE FAMILY DWELLINGS,1,4066,9,,A5,49 MARINE WAY,,10306,1,0,1,"2,375","1,500",1997,1,A5,"675,000",09/11/2025
5,NEW DORP-BEACH,01 ONE FAMILY DWELLINGS,1,4066,16,,A5,82 FINLEY AVENUE,,10306,1,0,1,"2,200","1,900",2003,1,A5,"785,000",10/08/2025
5,NEW DORP-BEACH,01 ONE FAMILY DWELLINGS,1,4067,59,,A5,93 ROMA AVENUE,,10306,1,0,1,"2,500","1,440",1970,1,A5,"775,000",12/01/2025
5,NEW DORP-BEACH,01 ONE FAMILY DWELLINGS,1,4068,62,,A1,121 HETT AVENUE,,10306,1,0,1,"2,000",928,1930,1,A1,"500,000",11/25/2025
5,NEW DORP-BEACH,01 ONE FAMILY DWELLINGS,1,4068,79,,A2,167 HETT AVENUE,,10306,1,0,1,"4,000","1,200",1965,1,A2,0,06/24/2025
5,NEW DORP-BEACH,01 ONE FAMILY DWELLINGS,1,4069,4,,A5,189 EBBITTS STREET,,10306,1,0,1,"2,778","1,500",1998,1,A5,0,06/16/2025
5,NEW DORP-BEACH,01 ONE FAMILY DWELLINGS,1,4069,19,,A2,158 HETT AVENUE,,10306,1,0,1,"4,000","1,040",1960,1,A2,"561,310",10/29/2025
5,NEW DORP-BEACH,01 ONE FAMILY DWELLINGS,1,4070,95,,A5,252 FINLEY AVENUE,,10306,1,0,1,"2,400","2,008",1980,1,A5,0,07/14/2025
5,NEW DORP-BEACH,01 ONE FAMILY DWELLINGS,1,4071,13,,A5,276 HETT AVENUE,,10306,1,0,1,"1,150","1,340",1988,1,A5,"586,800",01/16/2026
5,NEW DORP-BEACH,01 ONE FAMILY DWELLINGS,1,4071,24,,A5,244 HETT AVENUE,,10306,1,0,1,"1,400","1,364",1990,1,A5,"575,000",08/14/2025
5,NEW DORP-BEACH,01 ONE FAMILY DWELLINGS,1,4071,28,,A5,234 HETT AVENUE,,10306,1,0,1,"1,400","1,364",1990,1,A5,0,06/18/2025
5,NEW DORP-BEACH,01 ONE FAMILY DWELLINGS,1,4074,60,,A5,877 TYSENS LANE,,10306,1,0,1,"2,352","2,008",1983,1,A5,"700,000",09/23/2025
5,NEW DORP-BEACH,01 ONE FAMILY DWELLINGS,1,4076,1,,A5,46 ROMA AVE,,10306,1,0,1,"2,629","1,200",2000,1,A5,0,06/18/2025
5,NEW DORP-BEACH,01 ONE FAMILY DWELLINGS,1,4077,21,,A2,60 ROMA AVENUE,,10306,1,0,1,"3,700",828,1960,1,A2,0,10/27/2025
5,NEW DORP-BEACH,01 ONE FAMILY DWELLINGS,1,4078,49,,A1,762 NEW DORP LANE,,10306,1,0,1,"2,400","1,558",1910,1,A1,"815,000",07/23/2025
5,NEW DORP-BEACH,01 ONE FAMILY DWELLINGS,1,4080,14,,A6,43 SEAFOAM STREET,,10306,1,0,1,"2,400",480,1920,1,A6,0,11/10/2025
5,NEW DORP-BEACH,01 ONE FAMILY DWELLINGS,1,4080,24,,A2,23 SEAFOAM STREET,,10306,1,0,1,"3,000","1,516",1925,1,A2,0,08/08/2025
5,NEW DORP-BEACH,01 ONE FAMILY DWELLINGS,1,4080,44,,A1,18 WATERSIDE STREET,,10306,1,0,1,"2,400","1,350",1920,1,A1,0,05/07/2025
5,NEW DORP-BEACH,01 ONE FAMILY DWELLINGS,1,4080,64,,A2,54 WATERSIDE STREET,,10306,1,0,1,"3,600",900,1920,1,A2,"509,000",10/28/2025
5,NEW DORP-BEACH,01 ONE FAMILY DWELLINGS,1,4081,24,,A2,31 WAVECREST STREET,,10306,1,0,1,"2,400",945,1935,1,A2,0,09/16/2025
5,NEW DORP-BEACH,01 ONE FAMILY DWELLINGS,1,4081,40,,A1,2 SEAFOAM STREET,,10306,1,0,1,"2,546","1,055",2017,1,A2,"495,000",11/05/2025
5,NEW DORP-BEACH,01 ONE FAMILY DWELLINGS,1,4081,63,,A6,46 SEAFOAM STREET,,10306,1,0,1,"1,200",524,1930,1,A6,"272,000",05/19/2025
5,NEW DORP-BEACH,01 ONE FAMILY DWELLINGS,1,4082,17,,A1,43 MAPLE TERRACE,,10306,1,0,1,"1,800",888,1920,1,A1,"605,000",12/19/2025
5,NEW DORP-BEACH,01 ONE FAMILY DWELLINGS,1,4083,1,,A1,67 CEDAR GROVE AVENUE,,10306,1,0,1,"1,920","2,022",2018,1,A1,0,05/06/2025
5,NEW DORP-BEACH,01 ONE FAMILY DWELLINGS,1,4083,3,,A1,73 CEDAR GROVE AVENUE,,10306,1,0,1,"1,800","1,617",2021,1,A1,0,05/15/2025
5,NEW DORP-BEACH,01 ONE FAMILY DWELLINGS,1,4083,17,,A1,41 CENTER PLACE,,10306,1,0,1,"2,480","1,550",1920,1,A1,"575,000",09/30/2025
5,NEW DORP-BEACH,01 ONE FAMILY DWELLINGS,1,4083,25,,A6,27 CENTER PLACE,,10306,1,0,1,"1,240",560,1920,1,A6,"334,000",10/15/2025
5,NEW DORP-BEACH,01 ONE FAMILY DWELLINGS,1,4083,26,,A6,23 CENTER PLACE,,10306,1,0,1,"1,860",540,1920,1,A6,0,12/22/2025
5,NEW DORP-BEACH,01 ONE FAMILY DWELLINGS,1,4083,57,,A6,34 MAPLE TER,,10306,1,0,1,"1,240",510,1925,1,A6,10,05/21/2025
5,NEW DORP-BEACH,01 ONE FAMILY DWELLINGS,1,4083,67,,A1,54 MAPLE TERRACE,,10306,1,0,1,"1,860",952,1930,1,A1,0,07/11/2025
5,NEW DORP-BEACH,01 ONE FAMILY DWELLINGS,1,4084,30,,A1,17 TOPPING STREET,,10306,1,0,1,"4,340","1,506",1920,1,A1,0,11/14/2025
5,NEW DORP-BEACH,01 ONE FAMILY DWELLINGS,1,4084,43,,A6,6 CENTER PLACE,,10306,1,0,1,"1,240",680,1920,1,A6,"399,998",06/04/2025
5,NEW DORP-BEACH,01 ONE FAMILY DWELLINGS,1,4084,55,,A6,30 CENTER PLACE,,10306,1,0,1,"1,860",556,1925,1,A6,"414,600",12/18/2025
5,NEW DORP-BEACH,01 ONE FAMILY DWELLINGS,1,4084,70,,A2,58 CENTER PLACE,,10306,1,0,1,"1,860",953,1945,1,A2,"605,000",12/29/2025
5,NEW DORP-BEACH,01 ONE FAMILY DWELLINGS,1,4085,59,,A1,40 TOPPING STREET,,10306,1,0,1,"2,480","1,436",1935,1,A1,"911,000",02/24/2026
5,NEW DORP-BEACH,01 ONE FAMILY DWELLINGS,1,4089,56,,A5,129 CEDAR GROVE COURT,,10306,1,0,1,"2,800","1,600",1982,1,A5,0,10/22/2025
5,NEW DORP-BEACH,01 ONE FAMILY DWELLINGS,1,4091,16,,A6,35 MILBANK ROAD,,10306,1,0,1,"1,200",420,1930,1,A6,"311,550",09/10/2025
5,NEW DORP-BEACH,01 ONE FAMILY DWELLINGS,1,4092,2,,A6,175 CEDAR GROVE AVENUE,,10306,1,0,1,"2,380",896,1925,1,A6,0,07/22/2025
5,NEW DORP-BEACH,01 ONE FAMILY DWELLINGS,1,4092,4,,A1,177 CEDAR GROVE AVENUE,,10306,1,0,1,"2,352",896,1925,1,A1,"535,000",10/01/2025
5,NEW DORP-BEACH,01 ONE FAMILY DWELLINGS,1,4092,11,,A2,49 NEUTRAL AVENUE,,10306,1,0,1,"2,400","1,088",1935,1,A2,0,06/24/2025
5,NEW DORP-BEACH,01 ONE FAMILY DWELLINGS,1,4092,24,,A2,27 NEUTRAL AVENUE,,10306,1,0,1,"1,320",504,1920,1,A2,"250,000",05/07/2025
5,NEW DORP-BEACH,01 ONE FAMILY DWELLINGS,1,4092,52,,A2,12 MILBANK ROAD,,10306,1,0,1,"3,600",792,1920,1,A2,"515,000",09/05/2025
5,NEW DORP-BEACH,01 ONE FAMILY DWELLINGS,1,4092,64,,A1,38 MILBANK ROAD,,10306,1,0,1,"1,800",899,1910,1,A1,"482,500",07/15/2025
5,NEW DORP-BEACH,01 ONE FAMILY DWELLINGS,1,4093,1,,A1,N/A NEUTRAL AVENUE,,10306,1,0,1,"2,050","2,240",2024,1,A1,"610,950",02/12/2026
5,NEW DORP-BEACH,01 ONE FAMILY DWELLINGS,1,4130,339,,A5,16 BARRY CT,,10306,1,0,1,"2,577","1,300",1996,1,A5,0,06/02/2025
5,NEW DORP-BEACH,01 ONE FAMILY DWELLINGS,1,4130,414,,A5,365 MILTON AVENUE,,10306,1,0,1,"2,600","1,152",1970,1,A5,0,11/14/2025
5,NEW DORP-BEACH,01 ONE FAMILY DWELLINGS,1,4130,443,,A5,26 ROBERTS DRIVE,,10306,1,0,1,"2,349","1,184",1960,1,A5,"760,000",12/19/2025
5,NEW DORP-BEACH,01 ONE FAMILY DWELLINGS,1,4130,451,,A5,16 ROBERTS DRIVE,,10306,1,0,1,"2,976","1,184",1965,1,A5,0,06/17/2025
5,NEW DORP-BEACH,01 ONE FAMILY DWELLINGS,1,4130,511,,A5,357 MILTON AVENUE,,10306,1,0,1,"2,500","1,050",1970,1,A5,"590,000",11/24/2025
5,NEW DORP-BEACH,01 ONE FAMILY DWELLINGS,1,4130,528,,A5,798 TYSENS LANE,,10306,1,0,1,"2,442","1,050",1965,1,A5,"710,000",05/16/2025
5,NEW DORP-BEACH,01 ONE FAMILY DWELLINGS,1,4130,633,,A5,860 TYSENS LANE,,10306,1,0,1,"2,400","1,930",1986,1,A5,"825,000",10/21/2025
5,NEW DORP-BEACH,01 ONE FAMILY DWELLINGS,1,4130,647,,A5,872 TYSENS LANE,,10306,1,0,1,"2,400","1,811",1984,1,A5,"746,000",03/04/2026
5,NEW DORP-BEACH,01 ONE FAMILY DWELLINGS,1,4131,45,,A5,30 PELICAN CIRCLE,,10306,1,0,1,"1,323","1,825",1997,1,A5,0,08/14/2025
5,NEW DORP-BEACH,02 TWO FAMILY DWELLINGS,1,4065,53,,B3,37 ROMA AVENUE,,10306,2,0,2,"5,000","1,600",1940,1,B3,0,08/25/2025
5,NEW DORP-BEACH,02 TWO FAMILY DWELLINGS,1,4068,54,,B9,109 HETT AVENUE,,10306,2,0,2,"2,970","2,200",1935,1,B9,0,04/23/2025
5,NEW DORP-BEACH,02 TWO FAMILY DWELLINGS,1,4069,78,,B2,167 ROMA AVENUE,,10306,2,0,2,"4,000","2,396",2025,1,B2,"1,170,988",01/08/2026
5,NEW DORP-BEACH,02 TWO FAMILY DWELLINGS,1,4070,93,,B9,256 FINLEY AVENUE,,10306,2,0,2,"3,100","2,100",1986,1,B9,0,10/13/2025
5,NEW DORP-BEACH,02 TWO FAMILY DWELLINGS,1,4070,106,,B9,232 FINLEY AVENUE,,10306,2,0,2,"3,100","2,100",1980,1,B9,"877,000",01/27/2026
5,NEW DORP-BEACH,02 TWO FAMILY DWELLINGS,1,4070,170,,B9,253 HETT AVENUE,,10306,2,0,2,"3,100","2,100",1989,1,B9,"800,000",10/01/2025
5,NEW DORP-BEACH,02 TWO FAMILY DWELLINGS,1,4074,29,,B9,300 HETT AVENUE,,10306,2,0,2,"3,850","2,100",1986,1,B9,"900,000",11/21/2025
5,NEW DORP-BEACH,02 TWO FAMILY DWELLINGS,1,4082,10,,B2,N/A MAPLE TERRACE,,10306,2,0,2,"3,132","3,182",2024,1,B9,"1,205,608",10/20/2025
5,NEW DORP-BEACH,02 TWO FAMILY DWELLINGS,1,4084,24,,B2,29 TOPPING STREET,,10306,2,0,2,"4,960","2,216",1945,1,B2,0,06/01/2025
5,NEW DORP-BEACH,02 TWO FAMILY DWELLINGS,1,4088,19,,B3,154 ROMA AVENUE,,10306,2,0,2,"5,022","1,500",1935,1,B3,"640,000",04/01/2025
5,NEW DORP-BEACH,02 TWO FAMILY DWELLINGS,1,4131,26,,B9,68 PELICAN CIRCLE,,10306,2,0,2,"1,986","2,275",1997,1,B9,0,09/11/2025
5,NEW DORP-BEACH,03 THREE FAMILY DWELLINGS,1,4043,101,,C0,18 WINHAM AVENUE,,10306,3,0,3,"8,140","2,400",1940,1,C0,"1,320,000",03/17/2026
5,NEW DORP-BEACH,03 THREE FAMILY DWELLINGS,1,4069,50,,C0,113 ROMA AVENUE,,10306,3,0,3,"4,000","1,100",1935,1,C0,0,06/09/2025
5,NEW DORP-BEACH,05 TAX CLASS 1 VACANT LAND,1B,4084,41,,V0,N/A CENTER PLACE,,10306,0,0,0,"1,240",0,,1,V0,"399,998",06/04/2025
5,NEW DORP-BEACH,05 TAX CLASS 1 VACANT LAND,1B,4084,42,,V0,N/A CENTER PLACE,,10306,0,0,0,"1,240",0,,1,V0,"399,998",06/04/2025
5,NEW DORP-BEACH,05 TAX CLASS 1 VACANT LAND,1B,4092,50,,V0,N/A MILBANK ROAD,,10306,0,0,0,"1,200",0,,1,V0,"515,000",09/05/2025
5,NEW DORP-BEACH,06 TAX CLASS 1 - OTHER,1,4078,25,,G0,25 NEPTUNE STREET,,10306,1,0,1,"1,200",0,1925,1,G0,"815,000",07/23/2025
5,NEW DORP-BEACH,14 RENTALS - 4-10 UNIT,2A,4043,72,,S3,74 WINHAM AVENUE,,10306,3,1,4,"4,524","2,650",1960,2,S3,"750,000",06/10/2025
5,NEW DORP-BEACH,29 COMMERCIAL GARAGES,4,4043,113,,G2,628 NEW DORP LANE,,10306,0,1,1,"4,055","2,000",1932,4,G2,"830,000",06/03/2025
5,NEW DORP-HEIGHTS,01 ONE FAMILY DWELLINGS,1,939,120,,A2,25 BOYLE STREET,,10306,1,0,1,"43,523","1,674",1901,1,A2,0,04/22/2025
5,NEW DORP-HEIGHTS,01 ONE FAMILY DWELLINGS,1,939,120,,A2,25 BOYLE STREET,,10306,1,0,1,"43,523","1,674",1901,1,A2,0,12/15/2025
5,NEW DORP-HEIGHTS,01 ONE FAMILY DWELLINGS,1,939,143,,A1,7 NIGHTINGALE STREET,,10306,1,0,1,"7,625","2,412",1960,1,A1,0,07/16/2025
5,NEW DORP-HEIGHTS,01 ONE FAMILY DWELLINGS,1,939,143,,A1,7 NIGHTINGALE STREET,,10306,1,0,1,"7,625","2,412",1960,1,A1,0,12/11/2025
5,NEW DORP-HEIGHTS,01 ONE FAMILY DWELLINGS,1,939,192,,A1,176 GELDNER AVENUE,,10306,1,0,1,"8,000","1,020",1955,1,A1,"875,000",05/12/2025
5,NEW DORP-HEIGHTS,01 ONE FAMILY DWELLINGS,1,939,205,,A1,152 GELDNER AVENUE,,10306,1,0,1,"4,500","2,037",1960,1,A1,0,02/13/2026
5,NEW DORP-HEIGHTS,01 ONE FAMILY DWELLINGS,1,942,110,,A5,6 ALTAMONT STREET,,10306,1,0,1,"1,914","1,600",1993,1,A5,"655,000",06/06/2025
5,NEW DORP-HEIGHTS,01 ONE FAMILY DWELLINGS,1,942,116,,A1,2341 RICHMOND ROAD,,10306,1,0,1,"3,440","1,488",1920,1,A1,"659,000",07/15/2025
5,NEW DORP-HEIGHTS,01 ONE FAMILY DWELLINGS,1,944,26,,A1,123 GELDNER AVENUE,,10306,1,0,1,"4,455","2,260",2016,1,A1,0,12/11/2025
5,NEW DORP-HEIGHTS,01 ONE FAMILY DWELLINGS,1,945,69,,A5,10 SYDNEY PLACE,,10306,1,0,1,"4,000","1,340",1920,1,A5,0,09/23/2025
5,NEW DORP-HEIGHTS,01 ONE FAMILY DWELLINGS,1,947,35,,A1,12 ST STEPHENS PLACE,,10306,1,0,1,"4,105","2,232",1970,1,A1,0,06/10/2025
5,NEW DORP-HEIGHTS,01 ONE FAMILY DWELLINGS,1,949,23,,A0,39 SUMMIT AVENUE,,10306,1,0,1,"6,250","1,216",1930,1,A0,"855,000",09/15/2025
5,NEW DORP-HEIGHTS,01 ONE FAMILY DWELLINGS,1,950,56,,A1,75 ROCKLAND AVENUE,,10306,1,0,1,"7,371","1,856",1856,1,A1,"460,000",10/16/2025
5,NEW DORP-HEIGHTS,01 ONE FAMILY DWELLINGS,1,950,150,,A1,40 DIMARCO PLACE,,10306,1,0,1,"4,681","2,286",2015,1,A1,"1,200,000",09/15/2025
5,NEW DORP-HEIGHTS,01 ONE FAMILY DWELLINGS,1,950,190,,A1,47 MILBURN STREET,,10306,1,0,1,"4,901","2,494",,1,A1,"1,118,039",11/19/2025
5,NEW DORP-HEIGHTS,01 ONE FAMILY DWELLINGS,1,950,195,,A1,N/A MILBURN STREET,,10306,1,0,1,"4,901","2,494",2025,1,A1,"1,272,813",10/15/2025
5,NEW DORP-HEIGHTS,01 ONE FAMILY DWELLINGS,1,950,211,,A1,60 ENFIELD PLACE,,10306,1,0,1,"4,910","2,494",2022,1,A1,"1,255,502",09/17/2025
5,NEW DORP-HEIGHTS,01 ONE FAMILY DWELLINGS,1,950,275,,A1,63 ENFIELD PLACE,,10306,1,0,1,"4,417","2,165",2015,1,A1,"1,285,000",07/01/2025
5,NEW DORP-HEIGHTS,01 ONE FAMILY DWELLINGS,1,952,128,,A2,152 NEVADA AVE,,10306,1,0,1,"11,070","1,340",1920,1,A2,"924,000",09/10/2025
5,NEW DORP-HEIGHTS,01 ONE FAMILY DWELLINGS,1,952,152,,A3,100 NEVADA AVENUE,,10306,1,0,1,"15,200","5,055",1999,1,A3,0,06/06/2025
5,NEW DORP-HEIGHTS,01 ONE FAMILY DWELLINGS,1,952,271,,A1,187 NEVADA AVENUE,,10306,1,0,1,"9,750","1,288",1930,1,A1,0,02/10/2026
5,NEW DORP-HEIGHTS,01 ONE FAMILY DWELLINGS,1,4302,41,,A1,35 GRACE ROAD,,10306,1,0,1,"8,050","1,584",1930,1,A1,0,05/08/2025
5,NEW DORP-HEIGHTS,01 ONE FAMILY DWELLINGS,1,4302,53,,A1,3096 RICHMOND ROAD,,10306,1,0,1,"4,875","1,056",1920,1,A1,"577,500",07/10/2025
5,NEW DORP-HEIGHTS,01 ONE FAMILY DWELLINGS,1,4305,12,,A1,55 DOROTHEA PLACE,,10306,1,0,1,"4,200","2,132",1965,1,A1,"785,000",09/30/2025
5,NEW DORP-HEIGHTS,01 ONE FAMILY DWELLINGS,1,4305,30,,A1,14 HOLLY PLACE,,10306,1,0,1,"5,000","2,719",1930,1,A1,"838,900",05/29/2025
5,NEW DORP-HEIGHTS,01 ONE FAMILY DWELLINGS,1,4305,38,,A1,65 OAKLEY PLACE,,10306,1,0,1,"3,800","2,132",1965,1,A1,0,07/30/2025
5,NEW DORP-HEIGHTS,01 ONE FAMILY DWELLINGS,1,4308,37,,A1,67 DALE AVENUE,,10306,1,0,1,"5,000","2,019",1925,1,A1,"640,000",07/24/2025
5,NEW DORP-HEIGHTS,01 ONE FAMILY DWELLINGS,1,4308,58,,A1,109 DALE AVENUE,,10306,1,0,1,"4,550","1,400",1925,1,A1,"610,000",06/27/2025
5,NEW DORP-HEIGHTS,01 ONE FAMILY DWELLINGS,1,4309,4,,A2,17 BISHOP STREET,,10306,1,0,1,"5,000","1,542",1945,1,A2,0,01/20/2026
5,NEW DORP-HEIGHTS,01 ONE FAMILY DWELLINGS,1,4309,68,,A1,96 DALE AVENUE,,10306,1,0,1,"5,000","1,120",1925,1,A1,"785,000",10/14/2025
5,NEW DORP-HEIGHTS,01 ONE FAMILY DWELLINGS,1,4310,16,,A5,69 EBONY STREET,,10306,1,0,1,"2,248","1,024",1980,1,A5,0,12/04/2025
5,NEW DORP-HEIGHTS,01 ONE FAMILY DWELLINGS,1,4313,29,,A5,56 DALTON AVE,,10306,1,0,1,"2,000","1,672",1988,1,A5,0,08/11/2025
5,NEW DORP-HEIGHTS,01 ONE FAMILY DWELLINGS,1,4316,41,,A5,140 DALTON AVENUE,,10306,1,0,1,"2,700","1,216",1960,1,A5,0,10/09/2025
5,NEW DORP-HEIGHTS,01 ONE FAMILY DWELLINGS,1,4316,67,,A5,123 CRANFORD AVENUE,,10306,1,0,1,"2,700","1,216",1965,1,A5,"650,000",05/28/2025
5,NEW DORP-HEIGHTS,01 ONE FAMILY DWELLINGS,1,4316,73,,A5,107 CRANFORD AVENUE,,10306,1,0,1,"2,400","1,280",1960,1,A5,0,05/28/2025
5,NEW DORP-HEIGHTS,01 ONE FAMILY DWELLINGS,1,4316,92,,A5,69 CRANFORD AVENUE,,10306,1,0,1,"2,350","1,200",1970,1,A5,0,08/04/2025
5,NEW DORP-HEIGHTS,01 ONE FAMILY DWELLINGS,1,4338,32,,A5,32 MOBILE AVENUE,,10306,1,0,1,"2,692","1,360",1965,1,A5,"690,000",12/16/2025
5,NEW DORP-HEIGHTS,01 ONE FAMILY DWELLINGS,1,4340,10,,A5,81 BELFAST AVENUE,,10306,1,0,1,"2,450","1,176",1960,1,A5,"680,000",05/28/2025
5,NEW DORP-HEIGHTS,01 ONE FAMILY DWELLINGS,1,4340,12,,A5,87 BELFAST AVENUE,,10306,1,0,1,"2,442","1,176",1960,1,A5,"640,000",09/30/2025
5,NEW DORP-HEIGHTS,01 ONE FAMILY DWELLINGS,1,4340,64,,A5,102 BISHOP STREET,,10306,1,0,1,"3,495","1,176",1965,1,A5,0,05/02/2025
5,NEW DORP-HEIGHTS,01 ONE FAMILY DWELLINGS,1,4342,10,,A5,79 VINCENT AVENUE,,10306,1,0,1,"2,625","1,360",1960,1,A5,0,10/14/2025
5,NEW DORP-HEIGHTS,01 ONE FAMILY DWELLINGS,1,4342,12,,A5,83 VINCENT AVENUE,,10306,1,0,1,"2,625","1,360",1960,1,A5,"745,000",07/24/2025
5,NEW DORP-HEIGHTS,01 ONE FAMILY DWELLINGS,1,4342,14,,A5,87 VINCENT AVENUE,,10306,1,0,1,"2,625","1,360",1960,1,A5,"789,000",11/24/2025
5,NEW DORP-HEIGHTS,01 ONE FAMILY DWELLINGS,1,4343,23,,A2,103 MOBILE AVE,,10306,1,0,1,"4,000","1,000",1965,1,A2,"750,000",01/15/2026
5,NEW DORP-HEIGHTS,01 ONE FAMILY DWELLINGS,1,4343,27,,A5,113 MOBILE AVENUE,,10306,1,0,1,"2,600","1,190",1960,1,A5,0,11/18/2025
5,NEW DORP-HEIGHTS,01 ONE FAMILY DWELLINGS,1,4343,38,,A5,118 VINCENT AVENUE,,10306,1,0,1,"2,360","1,536",1975,1,A5,"680,000",06/09/2025
5,NEW DORP-HEIGHTS,01 ONE FAMILY DWELLINGS,1,4343,44,,A5,106 VINCENT AVENUE,,10306,1,0,1,"2,000","2,736",1975,1,A5,"630,000",08/20/2025
5,NEW DORP-HEIGHTS,01 ONE FAMILY DWELLINGS,1,4343,51,,A2,88 VINCENT AVENUE,,10306,1,0,1,"4,000","1,104",1960,1,A2,0,01/05/2026
5,NEW DORP-HEIGHTS,01 ONE FAMILY DWELLINGS,1,4344,57,,A5,72 MOBILE AVENUE,,10306,1,0,1,"2,500","1,360",1960,1,A5,"510,000",04/03/2025
5,NEW DORP-HEIGHTS,01 ONE FAMILY DWELLINGS,1,4349,56,,A5,106 EAST BROADWAY,,10306,1,0,1,"3,920","1,600",1965,1,A5,0,05/15/2025
5,NEW DORP-HEIGHTS,01 ONE FAMILY DWELLINGS,1,4358,21,,A5,208 TYSENS LANE,,10306,1,0,1,"2,780","1,152",1960,1,A5,"625,000",09/10/2025
5,NEW DORP-HEIGHTS,01 ONE FAMILY DWELLINGS,1,4358,30,,A5,22 WILEY PLACE,,10306,1,0,1,"3,100","1,960",1965,1,A5,0,06/10/2025
5,NEW DORP-HEIGHTS,01 ONE FAMILY DWELLINGS,1,4358,40,,A5,39 PARK STREET,,10306,1,0,1,"2,400","1,386",1975,1,A5,0,05/30/2025
5,NEW DORP-HEIGHTS,01 ONE FAMILY DWELLINGS,1,4359,72,,A5,91 PARK STREET,,10306,1,0,1,"2,470","1,156",1960,1,A5,0,04/11/2025
5,NEW DORP-HEIGHTS,01 ONE FAMILY DWELLINGS,1,4362,82,,A5,126 TYSENS LANE,,10306,1,0,1,"2,781","1,296",1965,1,A5,"678,500",02/18/2026
5,NEW DORP-HEIGHTS,01 ONE FAMILY DWELLINGS,1,4370,58,,S1,2889 AMBOY ROAD,,10306,1,1,2,"5,310","2,010",1965,1,S1,0,05/09/2025
5,NEW DORP-HEIGHTS,01 ONE FAMILY DWELLINGS,1,4370,58,,S1,2889 AMBOY ROAD,,10306,1,1,2,"5,310","2,010",1965,1,S1,"998,000",12/22/2025
5,NEW DORP-HEIGHTS,01 ONE FAMILY DWELLINGS,1,4371,42,,A1,30 WOLVERINE STREET,,10306,1,0,1,"4,000","1,680",1950,1,A1,"920,000",11/04/2025
5,NEW DORP-HEIGHTS,02 TWO FAMILY DWELLINGS,1,950,52,,B2,69 ROCKLAND AVENUE,,10306,2,0,2,"7,140","2,020",1920,1,B2,"845,000",12/19/2025
5,NEW DORP-HEIGHTS,02 TWO FAMILY DWELLINGS,1,4302,87,,B2,3034 RICHMOND ROAD,,10306,2,0,2,"4,473","2,650",2024,1,B2,"1,527,375",05/27/2025
5,NEW DORP-HEIGHTS,02 TWO FAMILY DWELLINGS,1,4336,11,,B2,11 VINCENT AVENUE,,10306,2,0,2,"4,000","2,300",1960,1,B2,"1,354,273",01/14/2026
5,NEW DORP-HEIGHTS,02 TWO FAMILY DWELLINGS,1,4340,83,,B9,62B BISHOP STREET,,10306,2,0,2,"2,700","1,500",2004,1,B9,0,12/18/2025
5,NEW DORP-HEIGHTS,02 TWO FAMILY DWELLINGS,1,4361,11,,B3,27 EAST BROADWAY,,10306,2,0,2,"2,805","1,920",1965,1,B3,0,06/06/2025
5,NEW DORP-HEIGHTS,02 TWO FAMILY DWELLINGS,1,4369,36,,B2,18 BARBARA STREET,,10306,2,0,2,"8,262","2,392",1965,1,B2,1,07/17/2025
5,NEW DORP-HEIGHTS,02 TWO FAMILY DWELLINGS,1,4371,32,,B3,56 WOLVERINE STREET,,10306,2,0,2,"6,192","1,120",1960,1,B3,"825,000",09/04/2025
5,NEW DORP-HEIGHTS,02 TWO FAMILY DWELLINGS,1,4371,82,,B2,39 THOMAS STREET,,10306,2,0,2,"4,256","1,824",1960,1,B2,"1,122,000",12/10/2025
5,NEW DORP-HEIGHTS,02 TWO FAMILY DWELLINGS,1,4394,12,,B2,47 CEDARVIEW AVENUE,,10306,2,0,2,"4,500","3,074",1960,1,B2,"999,000",08/21/2025
5,NEW DORP-HEIGHTS,02 TWO FAMILY DWELLINGS,1,4394,53,,B2,44 THOMAS STREET,,10306,2,0,2,"4,500","2,338",1960,1,B2,"1,250,000",01/02/2026
5,NEW DORP-HEIGHTS,05 TAX CLASS 1 VACANT LAND,1B,947,31,,V0,N/A ST STEPHENS PLACE,,10314,0,0,0,"2,500",0,,1,V0,0,06/10/2025
5,NEW DORP-HEIGHTS,05 TAX CLASS 1 VACANT LAND,1B,948,114,,V0,N/A GELDNER AVENUE,,10306,0,0,0,"10,000",0,,1,V0,"960,000",01/23/2026
5,NEW DORP-HEIGHTS,05 TAX CLASS 1 VACANT LAND,1B,952,153,,V0,N/A NEVADA AVENUE,,10306,0,0,0,"10,000",0,,1,V0,0,06/06/2025
5,NEW SPRINGVILLE,01 ONE FAMILY DWELLINGS,1,1992,78,,A5,106 LOVELL AVENUE,,10314,1,0,1,"1,975","1,720",2008,1,A5,0,08/16/2025
5,NEW SPRINGVILLE,01 ONE FAMILY DWELLINGS,1,2000,83,,A5,18 SWEETGUM LANE,,10314,1,0,1,"2,038","1,925",2014,1,A5,"829,000",06/04/2025
5,NEW SPRINGVILLE,01 ONE FAMILY DWELLINGS,1,2000,84,,A5,20 SWEETGUM LANE,,10314,1,0,1,"2,038","1,925",2014,1,A5,"816,000",03/04/2026
5,NEW SPRINGVILLE,01 ONE FAMILY DWELLINGS,1,2000,104,,A5,86 SWEETGUM LANE,,10314,1,0,1,"3,520","1,550",2013,1,A5,"286,000",12/17/2025
5,NEW SPRINGVILLE,01 ONE FAMILY DWELLINGS,1,2000,126,,A5,35 MONARCH COURT,,10314,1,0,1,"2,196","1,550",2014,1,A5,"789,250",10/30/2025
5,NEW SPRINGVILLE,01 ONE FAMILY DWELLINGS,1,2005,81,,A5,2 SLAYTON AVE,,10314,1,0,1,"3,810","2,420",1988,1,A5,0,11/12/2025
5,NEW SPRINGVILLE,01 ONE FAMILY DWELLINGS,1,2015,136,,A1,470 ASHWORTH AVENUE,,10314,1,0,1,"4,000","1,542",1970,1,A1,"1,130,000",10/09/2025
5,NEW SPRINGVILLE,01 ONE FAMILY DWELLINGS,1,2015,154,,A5,48 AMY LANE,,10314,1,0,1,"2,750","1,600",2000,1,A5,"775,000",06/26/2025
5,NEW SPRINGVILLE,01 ONE FAMILY DWELLINGS,1,2015,161,,A5,28 AMY LANE,,10314,1,0,1,"2,850","1,600",2000,1,A5,0,12/30/2025
5,NEW SPRINGVILLE,01 ONE FAMILY DWELLINGS,1,2015,209,,A5,125 GLENN ROAD,,10314,1,0,1,"2,430","1,800",1987,1,A5,0,09/19/2025
5,NEW SPRINGVILLE,01 ONE FAMILY DWELLINGS,1,2015,212,,A5,119 GLENN ROAD,,10314,1,0,1,"2,430","1,800",1987,1,A5,"680,000",08/21/2025
5,NEW SPRINGVILLE,01 ONE FAMILY DWELLINGS,1,2015,219,,A5,39 SLAYTON AVENUE,,10314,1,0,1,"1,836","1,944",1988,1,A5,0,07/30/2025
5,NEW SPRINGVILLE,01 ONE FAMILY DWELLINGS,1,2015,223,,A5,31 SLAYTON AVENUE,,10314,1,0,1,"1,836","1,944",1988,1,A5,0,05/12/2025
5,NEW SPRINGVILLE,01 ONE FAMILY DWELLINGS,1,2015,255,,A5,44 CARPENTER AVENUE,,10314,1,0,1,"3,441","1,300",1970,1,A5,0,07/30/2025
5,NEW SPRINGVILLE,01 ONE FAMILY DWELLINGS,1,2100,505,,A5,2054 RICHMOND AVENUE,,10314,1,0,1,"2,230","1,430",1997,1,A5,"725,000",02/18/2026
5,NEW SPRINGVILLE,01 ONE FAMILY DWELLINGS,1,2100,521,,A5,93 FREEDOM AVENUE,,10314,1,0,1,"2,016","1,430",1995,1,A5,0,09/03/2025
5,NEW SPRINGVILLE,01 ONE FAMILY DWELLINGS,1,2102,17,,A5,177 FREEDOM AVENUE,,10314,1,0,1,"1,350","1,140",1985,1,A5,"390,000",04/10/2025
5,NEW SPRINGVILLE,01 ONE FAMILY DWELLINGS,1,2102,17,,A5,177 FREEDOM AVENUE,,10314,1,0,1,"1,350","1,140",1985,1,A5,"600,000",09/03/2025
5,NEW SPRINGVILLE,01 ONE FAMILY DWELLINGS,1,2102,29,,A5,155 FREEDOM AVENUE,,10314,1,0,1,"2,625","1,548",1985,1,A5,"570,000",12/04/2025
5,NEW SPRINGVILLE,01 ONE FAMILY DWELLINGS,1,2102,30,,A5,153 FREEDOM AVENUE,,10314,1,0,1,"2,100","1,548",1985,1,A5,10,11/24/2025
5,NEW SPRINGVILLE,01 ONE FAMILY DWELLINGS,1,2102,32,,A5,149 FREEDOM AVENUE,,10314,1,0,1,"2,200","1,548",1985,1,A5,"735,000",08/27/2025
5,NEW SPRINGVILLE,01 ONE FAMILY DWELLINGS,1,2102,36,,A5,135 FREEDOM AVENUE,,10314,1,0,1,"1,330","1,548",1985,1,A5,"725,000",02/27/2026
5,NEW SPRINGVILLE,01 ONE FAMILY DWELLINGS,1,2102,39,,A5,141 FREEDOM AVENUE,,10314,1,0,1,"1,575","1,508",1985,1,A5,"667,000",06/02/2025
5,NEW SPRINGVILLE,01 ONE FAMILY DWELLINGS,1,2102,139,,A1,10 DRAPER PLACE,,10314,1,0,1,"4,730","2,291",1975,1,A1,"907,000",08/11/2025
5,NEW SPRINGVILLE,01 ONE FAMILY DWELLINGS,1,2107,4,,A5,7 BLEEKER PLACE,,10314,1,0,1,"2,464","1,296",1970,1,A5,0,04/24/2025
5,NEW SPRINGVILLE,01 ONE FAMILY DWELLINGS,1,2107,50,,A5,18 SIGNS ROAD,,10314,1,0,1,"2,349","1,500",1970,1,A5,"664,000",12/29/2025
5,NEW SPRINGVILLE,01 ONE FAMILY DWELLINGS,1,2110,14,,A5,907 TRAVIS AVENUE,,10314,1,0,1,"2,625","1,428",1980,1,A5,"750,000",11/14/2025
5,NEW SPRINGVILLE,01 ONE FAMILY DWELLINGS,1,2110,43,,A5,74 SLEEPY HOLLOW ROAD,,10314,1,0,1,"2,330","1,400",1980,1,A5,"665,000",06/23/2025
5,NEW SPRINGVILLE,01 ONE FAMILY DWELLINGS,1,2110,50,,A5,60 SLEEPY HOLLOW RD,,10314,1,0,1,"2,592","1,400",2004,1,A5,0,10/20/2025
5,NEW SPRINGVILLE,01 ONE FAMILY DWELLINGS,1,2110,162,,A1,49 PARK DRIVE NORTH,,10314,1,0,1,"4,500","2,476",1965,1,A1,"950,000",08/25/2025
5,NEW SPRINGVILLE,01 ONE FAMILY DWELLINGS,1,2110,196,,A1,20 TODDY AVENUE,,10314,1,0,1,"5,000","2,476",1965,1,A1,"925,000",10/14/2025
5,NEW SPRINGVILLE,01 ONE FAMILY DWELLINGS,1,2110,216,,A1,72 TODDY AVENUE,,10314,1,0,1,"4,500","2,476",1965,1,A1,"830,000",11/20/2025
5,NEW SPRINGVILLE,01 ONE FAMILY DWELLINGS,1,2110,251,,A1,29 CARREAU AVENUE,,10314,1,0,1,"4,500","2,476",1965,1,A1,"800,000",09/30/2025
5,NEW SPRINGVILLE,01 ONE FAMILY DWELLINGS,1,2111,104,,A1,4 GARY PLACE,,10314,1,0,1,"4,450","2,092",1965,1,A1,"995,000",02/03/2026
5,NEW SPRINGVILLE,01 ONE FAMILY DWELLINGS,1,2111,116,,A1,28 GARY PLACE,,10314,1,0,1,"4,361","2,178",1965,1,A1,0,09/11/2025
5,NEW SPRINGVILLE,01 ONE FAMILY DWELLINGS,1,2111,118,,A1,32 GARY PLACE,,10314,1,0,1,"4,361","2,178",1965,1,A1,0,06/03/2025
5,NEW SPRINGVILLE,01 ONE FAMILY DWELLINGS,1,2111,158,,A5,128 GARY PLACE,,10314,1,0,1,"2,242","1,162",1976,1,A5,0,08/15/2025
5,NEW SPRINGVILLE,01 ONE FAMILY DWELLINGS,1,2113,16,,A1,117 GARY PLACE,,10314,1,0,1,"4,320","2,248",1965,1,A1,"835,000",11/17/2025
5,NEW SPRINGVILLE,01 ONE FAMILY DWELLINGS,1,2113,39,,A5,79 GARY PLACE,,10314,1,0,1,"3,232","1,882",1965,1,A5,0,12/29/2025
5,NEW SPRINGVILLE,01 ONE FAMILY DWELLINGS,1,2115,27,,A5,55 BOWLING GREEN PLACE,,10314,1,0,1,"2,760","1,590",1970,1,A5,0,05/15/2025
5,NEW SPRINGVILLE,01 ONE FAMILY DWELLINGS,1,2115,118,,A5,53 PLYMOUTH ROAD,,10314,1,0,1,"2,900","1,560",1970,1,A5,"780,000",04/23/2025
5,NEW SPRINGVILLE,01 ONE FAMILY DWELLINGS,1,2116,9,,A3,45 SLEEPY HOLLOW ROAD,,10314,1,0,1,"10,826","3,796",1975,1,A3,"1,525,000",06/09/2025
5,NEW SPRINGVILLE,01 ONE FAMILY DWELLINGS,1,2116,56,,A5,44 BOWLING GREEN,,10314,1,0,1,"2,750","1,400",1975,1,A5,0,11/11/2025
5,NEW SPRINGVILLE,01 ONE FAMILY DWELLINGS,1,2116,59,,A5,38 BOWLING GREEN PLACE,,10314,1,0,1,"2,772","1,400",1975,1,A5,"758,000",11/04/2025
5,NEW SPRINGVILLE,01 ONE FAMILY DWELLINGS,1,2116,61,,A5,34 BOWLING GREEN PLACE,,10314,1,0,1,"3,048","1,400",1975,1,A5,0,09/30/2025
5,NEW SPRINGVILLE,01 ONE FAMILY DWELLINGS,1,2118,58,,A5,185 PARK DRIVE NORTH,,10314,1,0,1,"2,300","1,246",1975,1,A5,0,09/23/2025
5,NEW SPRINGVILLE,01 ONE FAMILY DWELLINGS,1,2118,87,,A5,22 MULBERRY AVENUE,,10314,1,0,1,"2,200","1,232",1970,1,A5,0,05/10/2025
5,NEW SPRINGVILLE,01 ONE FAMILY DWELLINGS,1,2118,115,,A5,70 MULBERRY AVENUE,,10314,1,0,1,"2,400","1,246",1980,1,A5,"663,000",08/07/2025
5,NEW SPRINGVILLE,01 ONE FAMILY DWELLINGS,1,2118,126,,A5,90 MULBERRY AVENUE,,10314,1,0,1,"2,400","1,246",1980,1,A5,"210,000",10/27/2025
5,NEW SPRINGVILLE,01 ONE FAMILY DWELLINGS,1,2361,62,,A5,170 STEINWAY AVENUE,,10314,1,0,1,"2,575","2,429",1984,1,A5,"890,000",05/22/2025
5,NEW SPRINGVILLE,01 ONE FAMILY DWELLINGS,1,2368,14,,A5,664 TRAVIS AVENUE,,10314,1,0,1,"2,475","2,590",1985,1,A5,"935,000",08/18/2025
5,NEW SPRINGVILLE,01 ONE FAMILY DWELLINGS,1,2368,18,,A5,656 TRAVIS AVENUE,,10314,1,0,1,"2,475","2,390",1985,1,A5,0,10/29/2025
5,NEW SPRINGVILLE,01 ONE FAMILY DWELLINGS,1,2368,39,,A5,614 TRAVIS AVENUE,,10314,1,0,1,"2,525","2,390",1985,1,A5,0,08/15/2025
5,NEW SPRINGVILLE,01 ONE FAMILY DWELLINGS,1,2368,42,,A5,606 TRAVIS AVENUE,,10314,1,0,1,"2,525","2,390",1983,1,A5,"860,000",09/30/2025
5,NEW SPRINGVILLE,01 ONE FAMILY DWELLINGS,1,2368,54,,A5,574 TRAVIS AVENUE,,10314,1,0,1,"2,657","2,390",1985,1,A5,"720,000",10/17/2025
5,NEW SPRINGVILLE,01 ONE FAMILY DWELLINGS,1,2368,56,,A5,570 TRAVIS AVENUE,,10314,1,0,1,"2,652","2,390",1985,1,A5,"868,000",02/02/2026
5,NEW SPRINGVILLE,01 ONE FAMILY DWELLINGS,1,2369,36,,A1,110 NEHRING AVENUE,,10314,1,0,1,"3,458","2,114",1970,1,A1,"869,000",06/10/2025
5,NEW SPRINGVILLE,01 ONE FAMILY DWELLINGS,1,2369,110,,A5,107 DENKER PLACE,,10314,1,0,1,"2,450","1,410",1981,1,A5,"595,000",07/28/2025
5,NEW SPRINGVILLE,01 ONE FAMILY DWELLINGS,1,2369,139,,A5,599 KLONDIKE AVENUE,,10314,1,0,1,"5,280","2,200",1970,1,A5,0,11/18/2025
5,NEW SPRINGVILLE,01 ONE FAMILY DWELLINGS,1,2370,227,,A5,36 BOGOTA STREET,,10314,1,0,1,"3,204","1,772",2012,1,A5,"948,000",11/12/2025
5,NEW SPRINGVILLE,01 ONE FAMILY DWELLINGS,1,2370,235,,A5,27 LEWISTON STREET,,10314,1,0,1,"2,996","1,772",2012,1,A5,0,10/22/2025
5,NEW SPRINGVILLE,01 ONE FAMILY DWELLINGS,1,2370,363,,A5,73 BOGOTA STREET,,10314,1,0,1,"2,548","1,600",1980,1,A5,0,03/05/2026
5,NEW SPRINGVILLE,01 ONE FAMILY DWELLINGS,1,2370,376,,A5,43 BOGOTA STREET,,10314,1,0,1,"2,850","1,160",1993,1,A5,"640,000",12/11/2025
5,NEW SPRINGVILLE,01 ONE FAMILY DWELLINGS,1,2371,157,,A5,55 BEARD STREET,,10314,1,0,1,"3,013","1,960",1982,1,A5,0,06/06/2025
5,NEW SPRINGVILLE,01 ONE FAMILY DWELLINGS,1,2371,194,,A5,42 LEWISTON STREET,,10314,1,0,1,"3,500","1,160",1993,1,A5,0,08/06/2025
5,NEW SPRINGVILLE,01 ONE FAMILY DWELLINGS,1,2372,42,,A5,32 KELLY BOULEVARD,,10314,1,0,1,"2,500","1,400",1993,1,A5,"780,000",09/10/2025
5,NEW SPRINGVILLE,01 ONE FAMILY DWELLINGS,1,2372,91,,A1,107 MCVEIGH AVENUE,,10314,1,0,1,"4,742","3,647",1980,1,A1,0,01/03/2026
5,NEW SPRINGVILLE,01 ONE FAMILY DWELLINGS,1,2372,128,,A5,333 TRAVIS AVENUE,,10314,1,0,1,"2,400","1,560",1980,1,A5,"670,000",10/08/2025
5,NEW SPRINGVILLE,01 ONE FAMILY DWELLINGS,1,2372,132,,A5,343 TRAVIS AVENUE,,10314,1,0,1,"2,400","1,271",1980,1,A5,"750,000",01/21/2026
5,NEW SPRINGVILLE,01 ONE FAMILY DWELLINGS,1,2372,199,,A5,112 DENKER PLACE,,10314,1,0,1,"2,328","1,560",1980,1,A5,0,08/11/2025
5,NEW SPRINGVILLE,01 ONE FAMILY DWELLINGS,1,2372,248,,A5,186 MONAHAN AVENUE,,10314,1,0,1,"1,476","1,600",1988,1,A5,"560,000",01/30/2026
5,NEW SPRINGVILLE,01 ONE FAMILY DWELLINGS,1,2372,271,,A5,37 TERI COURT,,10314,1,0,1,"1,344","2,000",1987,1,A5,0,11/20/2025
5,NEW SPRINGVILLE,01 ONE FAMILY DWELLINGS,1,2373,6,,A5,26 EVANS ST,,10314,1,0,1,"2,400","1,410",1980,1,A5,0,01/05/2026
5,NEW SPRINGVILLE,01 ONE FAMILY DWELLINGS,1,2373,85,,A5,36 EVANS STREET,,10314,1,0,1,"2,700","1,536",1980,1,A5,0,12/19/2025
5,NEW SPRINGVILLE,01 ONE FAMILY DWELLINGS,1,2373,93,,A5,22 BRAISTED AVENUE,,10314,1,0,1,"2,442","2,080",1980,1,A5,"855,000",11/07/2025
5,NEW SPRINGVILLE,01 ONE FAMILY DWELLINGS,1,2374,27,,A5,53 EVANS STREET,,10314,1,0,1,"2,600","1,874",1980,1,A5,"680,000",09/04/2025
5,NEW SPRINGVILLE,01 ONE FAMILY DWELLINGS,1,2374,85,,A5,64 BEARD STREET,,10314,1,0,1,"2,600","1,500",1980,1,A5,10,08/01/2025
5,NEW SPRINGVILLE,01 ONE FAMILY DWELLINGS,1,2375,34,,A5,962 ROCKLAND AVENUE,,10314,1,0,1,"2,370","1,426",2022,1,A5,"890,000",09/30/2025
5,NEW SPRINGVILLE,01 ONE FAMILY DWELLINGS,1,2375,119,,A5,63 MONAHAN AVENUE,,10314,1,0,1,"2,430","2,280",1996,1,A5,"770,000",10/28/2025
5,NEW SPRINGVILLE,01 ONE FAMILY DWELLINGS,1,2375,150,,A5,143 MONAHAN AVENUE,,10314,1,0,1,"2,200","1,440",1994,1,A5,"661,863",01/28/2026
5,NEW SPRINGVILLE,01 ONE FAMILY DWELLINGS,1,2375,156,,A5,11 KELLY BOULEVARD,,10314,1,0,1,"2,200","1,300",1993,1,A5,0,04/04/2025
5,NEW SPRINGVILLE,01 ONE FAMILY DWELLINGS,1,2376,38,,A5,127 KEATING PLACE,,10314,1,0,1,"2,625","2,049",1984,1,A5,"760,000",11/12/2025
5,NEW SPRINGVILLE,01 ONE FAMILY DWELLINGS,1,2376,72,,A5,1112 ROCKLAND AVENUE,,10314,1,0,1,"2,580","3,080",1984,1,A5,0,04/14/2025
5,NEW SPRINGVILLE,01 ONE FAMILY DWELLINGS,1,2376,141,,A5,293 MONAHAN AVENUE,,10314,1,0,1,"2,752","2,074",1980,1,A5,0,11/25/2025
5,NEW SPRINGVILLE,01 ONE FAMILY DWELLINGS,1,2377,20,,A5,179 BRAISTED AVENUE,,10314,1,0,1,"2,200","1,624",1980,1,A5,0,09/16/2025
5,NEW SPRINGVILLE,01 ONE FAMILY DWELLINGS,1,2377,24,,A5,191 BRAISTED AVENUE,,10314,1,0,1,"2,200","1,624",1980,1,A5,0,06/26/2025
5,NEW SPRINGVILLE,01 ONE FAMILY DWELLINGS,1,2378,58,,A5,204 BRAISTED AVENUE,,10314,1,0,1,"2,400","1,344",1980,1,A5,0,07/02/2025
5,NEW SPRINGVILLE,01 ONE FAMILY DWELLINGS,1,2379,14,,A5,395 TRAVIS AVENUE,,10314,1,0,1,"2,280","1,376",1975,1,A5,"150,000",05/05/2025
5,NEW SPRINGVILLE,01 ONE FAMILY DWELLINGS,1,2379,26,,A5,419 TRAVIS AVENUE,,10314,1,0,1,"2,280","1,376",1975,1,A5,"725,000",07/14/2025
5,NEW SPRINGVILLE,01 ONE FAMILY DWELLINGS,1,2379,69,,A5,184 MC VEIGH AVENUE,,10314,1,0,1,"2,266","1,440",1975,1,A5,0,05/16/2025
5,NEW SPRINGVILLE,01 ONE FAMILY DWELLINGS,1,2379,81,,A5,154 MCVEIGH AVE,,10314,1,0,1,"2,272","1,056",1975,1,A5,0,09/30/2025
5,NEW SPRINGVILLE,01 ONE FAMILY DWELLINGS,1,2381,32,,A1,798 KLONDIKE AVENUE,,10314,1,0,1,"4,200","2,016",1970,1,A1,1,09/29/2025
5,NEW SPRINGVILLE,01 ONE FAMILY DWELLINGS,1,2381,49,,A1,766 KLONDIKE AVENUE,,10314,1,0,1,"4,300","2,080",1975,1,A1,"895,000",01/30/2026
5,NEW SPRINGVILLE,01 ONE FAMILY DWELLINGS,1,2381,106,,A5,118 RADFORD STREET,,10314,1,0,1,"1,600","1,140",1995,1,A5,"695,000",07/14/2025
5,NEW SPRINGVILLE,01 ONE FAMILY DWELLINGS,1,2383,31,,A5,59 SHILOH STREET,,10314,1,0,1,"2,950","1,140",1995,1,A5,0,04/23/2025
5,NEW SPRINGVILLE,01 ONE FAMILY DWELLINGS,1,2383,169,,A5,43 STEPHEN LOOP,,10314,1,0,1,"5,593","2,180",1996,1,A5,0,01/07/2026
5,NEW SPRINGVILLE,01 ONE FAMILY DWELLINGS,1,2384,12,,A5,211 MERRYMOUNT STREET,,10314,1,0,1,"3,040","1,360",1970,1,A5,0,05/02/2025
5,NEW SPRINGVILLE,01 ONE FAMILY DWELLINGS,1,2384,28,,A1,173 MERRYMOUNT STREET,,10314,1,0,1,"4,180","2,264",1970,1,A1,"715,000",08/06/2025
5,NEW SPRINGVILLE,01 ONE FAMILY DWELLINGS,1,2386,1,,S1,323 MERRYMOUNT STREET,,10314,1,1,2,"5,700","2,640",1994,1,S1,"780,000",12/11/2025
5,NEW SPRINGVILLE,01 ONE FAMILY DWELLINGS,1,2386,57,,A5,138 VASSAR STREET,,10314,1,0,1,"2,470","2,248",1982,1,A5,0,12/29/2025
5,NEW SPRINGVILLE,01 ONE FAMILY DWELLINGS,1,2387,21,,A5,147 VASSAR STREET,,10314,1,0,1,"2,442","2,087",1985,1,A5,"830,000",06/17/2025
5,NEW SPRINGVILLE,01 ONE FAMILY DWELLINGS,1,2389,121,,A5,262 TRAVIS AVENUE,,10314,1,0,1,"3,105","1,362",1980,1,A5,"680,000",06/09/2025
5,NEW SPRINGVILLE,01 ONE FAMILY DWELLINGS,1,2389,132,,A5,180 TRAVIS AVENUE,,10314,1,0,1,"3,105","1,362",1980,1,A5,"780,000",07/14/2025
5,NEW SPRINGVILLE,01 ONE FAMILY DWELLINGS,1,2390,369,,A5,56 TRAVIS AVENUE,,10314,1,0,1,"3,335","1,768",1980,1,A5,0,05/29/2025
5,NEW SPRINGVILLE,01 ONE FAMILY DWELLINGS,1,2392,131,,A5,412 KLONDIKE AVENUE,,10314,1,0,1,"3,060","2,200",1981,1,A5,0,11/12/2025
5,NEW SPRINGVILLE,01 ONE FAMILY DWELLINGS,1,2392,214,,A5,444 KLONDIKE AVENUE,,10314,1,0,1,"1,428","1,312",1989,1,A5,0,10/20/2025
5,NEW SPRINGVILLE,01 ONE FAMILY DWELLINGS,1,2394,17,,A1,53 FRASER STREET,,10314,1,0,1,"4,000","2,180",1970,1,A1,0,07/11/2025
5,NEW SPRINGVILLE,01 ONE FAMILY DWELLINGS,1,2394,58,,A5,134 KELLY BOULEVARD,,10314,1,0,1,"2,600","1,800",1970,1,A5,"700,000",07/30/2025
5,NEW SPRINGVILLE,01 ONE FAMILY DWELLINGS,1,2396,45,,A1,20 COPLEY STREET,,10314,1,0,1,"4,000","2,240",1970,1,A1,"840,000",07/31/2025
5,NEW SPRINGVILLE,01 ONE FAMILY DWELLINGS,1,2396,47,,A1,16 COPLEY STREET,,10314,1,0,1,"4,000","2,252",1970,1,A1,0,01/08/2026
5,NEW SPRINGVILLE,01 ONE FAMILY DWELLINGS,1,2397,195,,A5,22 VILLA NOVA STREET,,10314,1,0,1,"3,774","1,302",1987,1,A5,"630,000",09/26/2025
5,NEW SPRINGVILLE,01 ONE FAMILY DWELLINGS,1,2397,220,,A5,303 RICHMOND HILL ROAD,,10314,1,0,1,"2,196","1,404",1987,1,A5,0,01/16/2026
5,NEW SPRINGVILLE,01 ONE FAMILY DWELLINGS,1,2397,346,,A5,75 VILLA NOVA STREET,,10314,1,0,1,"2,465","2,360",1983,1,A5,"680,000",12/03/2025
5,NEW SPRINGVILLE,01 ONE FAMILY DWELLINGS,1,2398,80,,S1,195 BRIDGETOWN STREET,,10314,1,1,2,"6,100","2,900",1975,1,S1,"700,000",09/15/2025
5,NEW SPRINGVILLE,01 ONE FAMILY DWELLINGS,1,2402,63,,A5,362 NOME AVENUE,,10314,1,0,1,"2,600","2,441",1985,1,A5,"850,000",04/03/2025
5,NEW SPRINGVILLE,01 ONE FAMILY DWELLINGS,1,2402,69,,A5,352 NOME AVENUE,,10314,1,0,1,"2,600","2,441",1985,1,A5,0,05/27/2025
5,NEW SPRINGVILLE,01 ONE FAMILY DWELLINGS,1,2402,121,,A5,119 RICHMOND HILL ROAD,,10314,1,0,1,"1,200","1,159",1992,1,A5,"360,570",07/31/2025
5,NEW SPRINGVILLE,01 ONE FAMILY DWELLINGS,1,2402,168,,A5,20 COUNTRY DRIVE SOUTH,,10314,1,0,1,640,"1,159",1992,1,A5,"550,000",10/10/2025
5,NEW SPRINGVILLE,01 ONE FAMILY DWELLINGS,1,2410,206,,A5,31 NORTHPORT LANE,,10314,1,0,1,"2,927","1,000",1987,1,A5,"490,000",05/19/2025
5,NEW SPRINGVILLE,01 ONE FAMILY DWELLINGS,1,2410,229,,A5,14 NORTHPORT LANE,,10314,1,0,1,"1,246","1,000",1987,1,A5,0,04/07/2025
5,NEW SPRINGVILLE,01 ONE FAMILY DWELLINGS,1,2410,234,,A5,20 WESTPORT LANE,,10314,1,0,1,"1,368","1,096",1992,1,A5,"550,000",06/05/2025
5,NEW SPRINGVILLE,01 ONE FAMILY DWELLINGS,1,2410,239,,A5,30 WESTPORT LANE,,10314,1,0,1,"1,363","1,096",1992,1,A5,"600,000",11/25/2025
5,NEW SPRINGVILLE,01 ONE FAMILY DWELLINGS,1,2410,245,,A5,42 WESTPORT LANE,,10314,1,0,1,"1,357","1,096",1992,1,A5,"620,000",01/26/2026
5,NEW SPRINGVILLE,01 ONE FAMILY DWELLINGS,1,2445,10,,A5,27 LOTT LANE,,10314,1,0,1,"2,400","1,824",1996,1,A5,0,10/23/2025
5,NEW SPRINGVILLE,02 TWO FAMILY DWELLINGS,1,2015,200,,B2,143 GLENN ROAD,,10314,2,0,2,"5,200","2,657",1970,1,B2,0,06/16/2025
5,NEW SPRINGVILLE,02 TWO FAMILY DWELLINGS,1,2015,241,,B2,47 CARPENTER AVENUE,,10314,2,0,2,"4,346","2,324",1970,1,B2,"870,000",10/14/2025
5,NEW SPRINGVILLE,02 TWO FAMILY DWELLINGS,1,2015,477,,B2,100 CARPENTER AVENUE,,10314,2,0,2,"3,762","2,322",1970,1,B2,"995,000",12/04/2025
5,NEW SPRINGVILLE,02 TWO FAMILY DWELLINGS,1,2015,491,,B2,72 CARPENTER AVENUE,,10314,2,0,2,"4,250","1,648",1975,1,B2,"815,000",06/20/2025
5,NEW SPRINGVILLE,02 TWO FAMILY DWELLINGS,1,2015,499,,B2,58 CARPENTER AVENUE,,10314,2,0,2,"11,111","2,554",1980,1,B2,"1,200,000",06/13/2025
5,NEW SPRINGVILLE,02 TWO FAMILY DWELLINGS,1,2015,547,,B2,19 GRISSOM AVENUE,,10314,2,0,2,"4,368","2,322",1970,1,B2,0,05/12/2025
5,NEW SPRINGVILLE,02 TWO FAMILY DWELLINGS,1,2018,32,,B9,17 ORBIT LANE,,10314,2,0,2,"2,460","2,500",2001,1,B9,"939,000",02/20/2026
5,NEW SPRINGVILLE,02 TWO FAMILY DWELLINGS,1,2101,16,,B2,207 FREEDOM AVENUE,,10314,2,0,2,"4,000","2,352",1970,1,B2,"1,150,000",06/03/2025
5,NEW SPRINGVILLE,02 TWO FAMILY DWELLINGS,1,2101,26,,B2,16 KNAPP STREET,,10314,2,0,2,"4,315","2,352",1970,1,B2,"950,000",12/01/2025
5,NEW SPRINGVILLE,02 TWO FAMILY DWELLINGS,1,2101,38,,B2,48 DRAPER PLACE,,10314,2,0,2,"4,494","2,352",1970,1,B2,"1,175,000",09/30/2025
5,NEW SPRINGVILLE,02 TWO FAMILY DWELLINGS,1,2102,3,,B2,11 KNAPP STREET,,10314,2,0,2,"5,280","2,472",1970,1,B2,0,10/10/2025
5,NEW SPRINGVILLE,02 TWO FAMILY DWELLINGS,1,2106,9,,B2,19 AMSTERDAM PLACE,,10314,2,0,2,"4,400","2,338",1970,1,B2,"700,000",06/11/2025
5,NEW SPRINGVILLE,02 TWO FAMILY DWELLINGS,1,2112,22,,B2,29 MULBERRY CIRCLE,,10314,2,0,2,"4,305","2,870",1975,1,B2,0,10/17/2025
5,NEW SPRINGVILLE,02 TWO FAMILY DWELLINGS,1,2112,42,,B2,107 MULBERRY CIRCLE,,10314,2,0,2,"4,797","2,990",1975,1,B2,0,04/10/2025
5,NEW SPRINGVILLE,02 TWO FAMILY DWELLINGS,1,2113,1,,B2,43 RIVINGTON AVENUE,,10314,2,0,2,"4,575","2,276",1975,1,B2,"1,160,000",06/16/2025
5,NEW SPRINGVILLE,02 TWO FAMILY DWELLINGS,1,2113,11,,B2,123 GARY PLACE,,10314,2,0,2,"4,860","2,276",1975,1,B2,0,01/06/2026
5,NEW SPRINGVILLE,02 TWO FAMILY DWELLINGS,1,2113,115,,B9,36 FREEDOM AVE,,10314,2,0,2,"3,713","1,882",1965,1,B9,0,08/26/2025
5,NEW SPRINGVILLE,02 TWO FAMILY DWELLINGS,1,2113,122,,B2,48 FREEDOM AVENUE,,10314,2,0,2,"5,151","2,248",1965,1,B2,0,04/08/2025
5,NEW SPRINGVILLE,02 TWO FAMILY DWELLINGS,1,2114,46,,B2,93 ROCKVILLE AVENUE,,10314,2,0,2,"4,652","2,270",1965,1,B2,"499,000",04/23/2025
5,NEW SPRINGVILLE,02 TWO FAMILY DWELLINGS,1,2114,56,,B2,73 ROCKVILLE AVENUE,,10314,2,0,2,"5,556","2,270",1965,1,B2,0,11/25/2025
5,NEW SPRINGVILLE,02 TWO FAMILY DWELLINGS,1,2114,118,,B2,88 RIVINGTON AVENUE,,10314,2,0,2,"4,500","2,156",1965,1,B2,"995,000",05/07/2025
5,NEW SPRINGVILLE,02 TWO FAMILY DWELLINGS,1,2115,11,,B9,29 BOWLING GREEN PLACE,,10314,2,0,2,"3,840","1,947",1980,1,B9,"835,000",05/12/2025
5,NEW SPRINGVILLE,02 TWO FAMILY DWELLINGS,1,2115,32,,B2,67 BOWLING GREEN,,10314,2,0,2,"4,800","2,520",1970,1,B2,0,10/22/2025
5,NEW SPRINGVILLE,02 TWO FAMILY DWELLINGS,1,2115,147,,B2,8 ROCKVILLE AVENUE,,10314,2,0,2,"4,000","2,544",1970,1,B2,"1,230,000",10/24/2025
5,NEW SPRINGVILLE,02 TWO FAMILY DWELLINGS,1,2116,15,,B9,57 SLEEPY HOLLOW ROAD,,10314,2,0,2,"3,300","2,375",1998,1,B9,"990,000",01/28/2026
5,NEW SPRINGVILLE,02 TWO FAMILY DWELLINGS,1,2118,120,,B9,80 MULBERRY AVENUE,,10314,2,0,2,"2,400","2,155",1980,1,B9,"845,000",10/14/2025
5,NEW SPRINGVILLE,02 TWO FAMILY DWELLINGS,1,2362,18,,B2,139 STEINWAY AVENUE,,10314,2,0,2,"4,560","2,176",1970,1,B2,0,06/17/2025
5,NEW SPRINGVILLE,02 TWO FAMILY DWELLINGS,1,2362,52,,B2,20 GADSEN PLACE,,10314,2,0,2,"4,960","2,176",1970,1,B2,0,05/15/2025
5,NEW SPRINGVILLE,02 TWO FAMILY DWELLINGS,1,2362,72,,B2,655 TRAVIS AVENUE,,10314,2,0,2,"4,557","2,799",1984,1,B2,10,04/02/2025
5,NEW SPRINGVILLE,02 TWO FAMILY DWELLINGS,1,2366,52,,B2,1172 ROCKLAND AVENUE,,10314,2,0,2,"4,123","2,492",1970,1,B2,0,05/01/2025
5,NEW SPRINGVILLE,02 TWO FAMILY DWELLINGS,1,2366,71,,B2,126 KEATING PLACE,,10314,2,0,2,"5,726","2,492",1970,1,B2,0,08/12/2025
5,NEW SPRINGVILLE,02 TWO FAMILY DWELLINGS,1,2369,149,,B2,619 KLONDIKE AVENUE,,10314,2,0,2,"5,544","2,600",1974,1,B2,"1,250,000",10/20/2025
5,NEW SPRINGVILLE,02 TWO FAMILY DWELLINGS,1,2370,44,,B2,15 MONAHAN AVENUE,,10314,2,0,2,"4,600","2,050",2004,1,B2,"980,000",05/20/2025
5,NEW SPRINGVILLE,02 TWO FAMILY DWELLINGS,1,2370,51,,B2,29 MONAHAN AVENUE,,10314,2,0,2,"4,600","2,050",2004,1,B2,0,11/05/2025
5,NEW SPRINGVILLE,02 TWO FAMILY DWELLINGS,1,2370,210,,B2,26 MONAHAN AVENUE,,10314,2,0,2,"4,830","2,150",2004,1,B2,0,12/29/2025
5,NEW SPRINGVILLE,02 TWO FAMILY DWELLINGS,1,2370,232,,B2,11 BOGOTA STREET,,10314,2,0,2,"4,560","2,168",2004,1,B2,"1,400,000",07/22/2025
5,NEW SPRINGVILLE,02 TWO FAMILY DWELLINGS,1,2372,89,,B2,101 MC VEIGH AVENUE,,10314,2,0,2,"4,733","2,960",1980,1,B2,"997,000",01/05/2026
5,NEW SPRINGVILLE,02 TWO FAMILY DWELLINGS,1,2372,118,,B2,96 BRAISTED AVENUE,,10314,2,0,2,"4,733","2,938",1980,1,B2,"988,000",04/29/2025
5,NEW SPRINGVILLE,02 TWO FAMILY DWELLINGS,1,2373,212,,B9,315 TRAVIS AVENUE,,10314,2,0,2,"2,593","1,600",1980,1,B9,"777,000",07/18/2025
5,NEW SPRINGVILLE,02 TWO FAMILY DWELLINGS,1,2376,110,,B2,17 DENKER PLACE,,10314,2,0,2,"4,200","2,488",1980,1,B2,0,07/07/2025
5,NEW SPRINGVILLE,02 TWO FAMILY DWELLINGS,1,2377,82,,B9,222 MONAHAN AVENUE,,10314,2,0,2,"2,500","1,960",1980,1,B9,"860,000",10/20/2025
5,NEW SPRINGVILLE,02 TWO FAMILY DWELLINGS,1,2378,23,,B9,185 MCVEIGH AVENUE,,10314,2,0,2,"2,400","1,352",1980,1,B9,0,10/20/2025
5,NEW SPRINGVILLE,02 TWO FAMILY DWELLINGS,1,2381,92,,B2,88 RADFORD STREET,,10314,2,0,2,"4,900","2,600",1970,1,B2,"1,250,000",11/05/2025
5,NEW SPRINGVILLE,02 TWO FAMILY DWELLINGS,1,2382,103,,B2,94 SHILOH STREET,,10314,2,0,2,"4,200","2,420",1970,1,B2,0,04/04/2025
5,NEW SPRINGVILLE,02 TWO FAMILY DWELLINGS,1,2383,96,,B2,224 MERRYMOUNT STREET,,10314,2,0,2,"4,204","2,184",1970,1,B2,0,04/08/2025
5,NEW SPRINGVILLE,02 TWO FAMILY DWELLINGS,1,2383,156,,B2,14 ELIE COURT,,10314,2,0,2,"5,864","2,012",1975,1,B2,0,09/09/2025
5,NEW SPRINGVILLE,02 TWO FAMILY DWELLINGS,1,2384,52,,B2,10 VASSAR STREET,,10314,2,0,2,"4,180","2,156",1970,1,B2,10,08/01/2025
5,NEW SPRINGVILLE,02 TWO FAMILY DWELLINGS,1,2385,111,,B2,36 PURDUE COURT,,10314,2,0,2,"3,900","2,040",1965,1,B2,10,12/29/2025
5,NEW SPRINGVILLE,02 TWO FAMILY DWELLINGS,1,2387,42,,B9,288 NOME AVENUE,,10314,2,0,2,"2,450","1,384",1981,1,B9,"770,000",06/09/2025
5,NEW SPRINGVILLE,02 TWO FAMILY DWELLINGS,1,2388,10,,B9,67 PURDUE STREET,,10314,2,0,2,"2,200","1,778",1982,1,B9,"758,800",07/16/2025
5,NEW SPRINGVILLE,02 TWO FAMILY DWELLINGS,1,2388,73,,B2,102 ROCKNE STREET,,10314,2,0,2,"2,600","2,392",1982,1,B2,"930,000",06/24/2025
5,NEW SPRINGVILLE,02 TWO FAMILY DWELLINGS,1,2389,26,,B9,459 KLONDIKE AVENUE,,10314,2,0,2,"4,248","2,136",1980,1,B9,"968,000",04/07/2025
5,NEW SPRINGVILLE,02 TWO FAMILY DWELLINGS,1,2389,29,,B9,465 KLONDIKE AVENUE,,10314,2,0,2,"4,198","2,136",1980,1,B9,0,05/27/2025
5,NEW SPRINGVILLE,02 TWO FAMILY DWELLINGS,1,2389,35,,B2,477 KLONDIKE AVENUE,,10314,2,0,2,"5,875","2,368",1980,1,B2,"875,000",05/05/2025
5,NEW SPRINGVILLE,02 TWO FAMILY DWELLINGS,1,2389,50,,B1,507 KLONDIKE AVENUE,,10314,2,0,2,"5,280","3,012",1980,1,B1,"1,250,000",12/16/2025
5,NEW SPRINGVILLE,02 TWO FAMILY DWELLINGS,1,2389,54,,B1,517 KLONDIKE AVENUE,,10314,2,0,2,"5,280","3,000",1980,1,B1,0,04/01/2025
5,NEW SPRINGVILLE,02 TWO FAMILY DWELLINGS,1,2389,180,,B9,110 LEWISTON STREET,,10314,2,0,2,"2,525","2,564",1980,1,B9,"743,323",06/18/2025
5,NEW SPRINGVILLE,02 TWO FAMILY DWELLINGS,1,2390,511,,B9,191 LEWISTON STREET,,10314,2,0,2,"3,200","2,024",1975,1,B9,"903,000",06/24/2025
5,NEW SPRINGVILLE,02 TWO FAMILY DWELLINGS,1,2390,615,,B9,90 SHALE STREET,,10314,2,0,2,"3,100","2,024",1975,1,B9,"905,000",06/09/2025
5,NEW SPRINGVILLE,02 TWO FAMILY DWELLINGS,1,2392,62,,B2,23 BANGOR STREET,,10314,2,0,2,"4,200","3,088",1970,1,B2,"1,100,000",12/03/2025
5,NEW SPRINGVILLE,02 TWO FAMILY DWELLINGS,1,2392,70,,B2,39 BANGOR STREET,,10314,2,0,2,"4,200","3,088",1970,1,B2,"1,038,000",06/30/2025
5,NEW SPRINGVILLE,02 TWO FAMILY DWELLINGS,1,2392,149,,B9,7 FURNESS PLACE,,10314,2,0,2,"2,652","2,326",1981,1,B9,0,06/18/2025
5,NEW SPRINGVILLE,02 TWO FAMILY DWELLINGS,1,2392,176,,B9,55 FURNESS PLACE,,10314,2,0,2,"3,060","2,164",1981,1,B9,"990,000",09/29/2025
5,NEW SPRINGVILLE,02 TWO FAMILY DWELLINGS,1,2393,26,,B2,147 KELLY BOULEVARD,,10314,2,0,2,"4,200","2,038",1970,1,B2,0,02/24/2026
5,NEW SPRINGVILLE,02 TWO FAMILY DWELLINGS,1,2393,52,,B2,10 BRIDGETOWN STREET,,10314,2,0,2,"4,200","2,452",1976,1,B2,0,09/25/2025
5,NEW SPRINGVILLE,02 TWO FAMILY DWELLINGS,1,2393,100,,B2,67 BRIDGETOWN,,10314,2,0,2,"4,100","2,508",1975,1,B2,"1,130,000",08/11/2025
5,NEW SPRINGVILLE,02 TWO FAMILY DWELLINGS,1,2393,107,,B2,72 BANGOR STREET,,10314,2,0,2,"4,018","2,284",1975,1,B2,"980,000",04/28/2025
5,NEW SPRINGVILLE,02 TWO FAMILY DWELLINGS,1,2393,131,,B2,24 BANGOR STREET,,10314,2,0,2,"4,200","2,532",1975,1,B2,"1,100,000",09/23/2025
5,NEW SPRINGVILLE,02 TWO FAMILY DWELLINGS,1,2393,141,,B2,4 BANGOR STREET,,10314,2,0,2,"4,830","2,532",1975,1,B2,"1,225,000",01/15/2026
5,NEW SPRINGVILLE,02 TWO FAMILY DWELLINGS,1,2393,174,,B2,20 ADAM COURT,,10314,2,0,2,"2,457","2,832",1975,1,B2,0,07/17/2025
5,NEW SPRINGVILLE,02 TWO FAMILY DWELLINGS,1,2393,203,,B2,8 TURF COURT,,10314,2,0,2,"3,813","2,936",1975,1,B2,0,10/03/2025
5,NEW SPRINGVILLE,02 TWO FAMILY DWELLINGS,1,2394,5,,B2,81 FRASER STREET,,10314,2,0,2,"4,000","2,712",1970,1,B2,"995,000",11/20/2025
5,NEW SPRINGVILLE,02 TWO FAMILY DWELLINGS,1,2394,78,,B2,178 KELLY BOULEVARD,,10314,2,0,2,"4,200","2,380",1970,1,B2,0,07/08/2025
5,NEW SPRINGVILLE,02 TWO FAMILY DWELLINGS,1,2396,9,,B2,96 COPLEY STREET,,10314,2,0,2,"4,200","2,080",1970,1,B2,"1,030,000",07/01/2025
5,NEW SPRINGVILLE,02 TWO FAMILY DWELLINGS,1,2396,19,,B2,72 COPLEY STREET,,10314,2,0,2,"4,200","2,205",1970,1,B2,0,08/15/2025
5,NEW SPRINGVILLE,02 TWO FAMILY DWELLINGS,1,2396,25,,B2,60 COPLEY STREET,,10314,2,0,2,"4,200","2,205",1970,1,B2,"915,000",12/17/2025
5,NEW SPRINGVILLE,02 TWO FAMILY DWELLINGS,1,2396,62,,B2,37 BOWDOIN STREET,,10314,2,0,2,"4,100","2,528",1970,1,B2,0,06/03/2025
5,NEW SPRINGVILLE,02 TWO FAMILY DWELLINGS,1,2396,82,,B2,73 BOWDOIN STREET,,10314,2,0,2,"4,000","2,488",1970,1,B2,"650,000",10/27/2025
5,NEW SPRINGVILLE,02 TWO FAMILY DWELLINGS,1,2396,215,,B2,20 LUNDI COURT,,10314,2,0,2,"7,700","3,922",1970,1,B2,"1,450,000",04/24/2025
5,NEW SPRINGVILLE,02 TWO FAMILY DWELLINGS,1,2397,25,,B2,3 BRUNSWICK STREET,,10314,2,0,2,"5,500","2,600",1970,1,B2,"970,000",06/30/2025
5,NEW SPRINGVILLE,02 TWO FAMILY DWELLINGS,1,2397,206,,B2,32 BRUNSWICK STREET,,10314,2,0,2,"4,100","2,800",1975,1,B2,"970,000",05/22/2025
5,NEW SPRINGVILLE,02 TWO FAMILY DWELLINGS,1,2398,27,,B2,219 KELLY BOULEVARD,,10314,2,0,2,"4,200","1,928",1975,1,B2,"250,000",04/18/2025
5,NEW SPRINGVILLE,02 TWO FAMILY DWELLINGS,1,2398,82,,B2,191 BRIDGETOWN STREET,,10314,2,0,2,"4,200","1,964",1975,1,B2,0,10/22/2025
5,NEW SPRINGVILLE,02 TWO FAMILY DWELLINGS,1,2398,121,,B2,12 TURF ROAD,,10314,2,0,2,"4,100","2,916",1975,1,B2,0,05/28/2025
5,NEW SPRINGVILLE,02 TWO FAMILY DWELLINGS,1,2450,84,,B9,56 ESSEX DRIVE,,10314,2,0,2,"3,490","1,908",1997,1,B9,"725,000",05/22/2025
5,NEW SPRINGVILLE,02 TWO FAMILY DWELLINGS,1,2451,18,,B9,15 CHESTERFIELD LANE,,10314,2,0,2,"2,175","1,530",2001,1,B9,"870,000",07/16/2025
5,NEW SPRINGVILLE,02 TWO FAMILY DWELLINGS,1,2451,41,,B9,9 DANIELLA COURT,,10314,2,0,2,"2,262","2,050",2000,1,B9,"890,000",06/16/2025
5,NEW SPRINGVILLE,02 TWO FAMILY DWELLINGS,1,2451,51,,B9,24 DANIELLA COURT,,10314,2,0,2,"3,464","2,050",2000,1,B9,"950,000",05/16/2025
5,NEW SPRINGVILLE,02 TWO FAMILY DWELLINGS,1,2451,68,,B9,28 MARISA COURT,,10314,2,0,2,"2,175","2,400",2000,1,B9,"940,000",07/16/2025
5,NEW SPRINGVILLE,02 TWO FAMILY DWELLINGS,1,2451,120,,B9,29 MARISA COURT,,10314,2,0,2,"2,220","2,100",2000,1,B9,"863,000",12/30/2025
5,NEW SPRINGVILLE,02 TWO FAMILY DWELLINGS,1,2451,124,,B9,17 MARISA COURT,,10314,2,0,2,"2,269","2,500",2000,1,B9,0,05/22/2025
5,NEW SPRINGVILLE,02 TWO FAMILY DWELLINGS,1,2451,127,,B9,9 MARISA COURT,,10314,2,0,2,"2,269","2,500",2000,1,B9,"360,000",05/30/2025
5,NEW SPRINGVILLE,02 TWO FAMILY DWELLINGS,1,2451,131,,B9,12 MARISA COURT,,10314,2,0,2,"2,352","2,500",2000,1,B9,0,05/22/2025
5,NEW SPRINGVILLE,02 TWO FAMILY DWELLINGS,1,2451,134,,B9,4 MARISA COURT,,10314,2,0,2,"2,100","2,100",2000,1,B9,"880,000",02/24/2026
5,NEW SPRINGVILLE,02 TWO FAMILY DWELLINGS,1,2452,82,,B9,27 GALVASTON LOOP,,10314,2,0,2,"1,680","2,160",1997,1,B9,"640,000",11/13/2025
5,NEW SPRINGVILLE,03 THREE FAMILY DWELLINGS,1,2397,166,,C0,121 ROCKNE STREET,,10314,3,0,3,"2,500","2,269",1984,1,C0,"680,000",06/10/2025
5,NEW SPRINGVILLE,03 THREE FAMILY DWELLINGS,1,2401,156,,C0,51 RACAL COURT,,10314,3,0,3,"2,244","3,430",1982,1,C0,"999,900",06/12/2025
5,NEW SPRINGVILLE,04 TAX CLASS 1 CONDOS,1A,1992,1049,,R3,64A LOVELL AVENUE,,10314,1,,1,,,1986,1,R3,0,08/14/2025
5,NEW SPRINGVILLE,04 TAX CLASS 1 CONDOS,1A,1992,1064,,R3,44 LOVELL AVENUE,,10314,1,,1,,,1986,1,R3,"580,000",07/01/2025
5,NEW SPRINGVILLE,04 TAX CLASS 1 CONDOS,1A,1992,1214,,R3,"43 GINA COURT, 280",280,10314,1,,1,,,1987,1,R3,0,10/07/2025
5,NEW SPRINGVILLE,04 TAX CLASS 1 CONDOS,1A,1992,1220,,R3,"57 GINA COURT, 286",286,10314,1,,1,,,1987,1,R3,"575,000",06/18/2025
5,NEW SPRINGVILLE,04 TAX CLASS 1 CONDOS,1A,1992,1223,,R3,"69 GINA COURT, 289",289,10314,1,,1,,,1987,1,R3,"590,000",11/05/2025
5,NEW SPRINGVILLE,04 TAX CLASS 1 CONDOS,1A,1992,1225,,R3,"73 GINA CT, 291",291,10314,1,,1,,,1987,1,R3,"590,000",06/25/2025
5,NEW SPRINGVILLE,04 TAX CLASS 1 CONDOS,1A,1992,1227,,R3,"66 GINA COURT, 293",293,10314,1,,1,,,1987,1,R3,"569,000",11/13/2025
5,NEW SPRINGVILLE,04 TAX CLASS 1 CONDOS,1A,1992,1242,,R3,"32 GINA COURT, 308",308,10314,1,,1,,,1987,1,R3,0,11/24/2025
5,NEW SPRINGVILLE,04 TAX CLASS 1 CONDOS,1A,1993,1013,,R3,78A MC DIVITT AVENUE,,10314,1,,1,,,1987,1,R3,"450,000",07/09/2025
5,NEW SPRINGVILLE,04 TAX CLASS 1 CONDOS,1A,1993,1027,,R3,975 ROCKLAND AVENUE,,10314,1,,1,,,1987,1,R3,"565,000",05/08/2025
5,NEW SPRINGVILLE,04 TAX CLASS 1 CONDOS,1A,1993,1046,,R3,1021 ROCKLAND AVENUE,,10314,1,,1,,,1987,1,R3,"590,000",08/21/2025
5,NEW SPRINGVILLE,04 TAX CLASS 1 CONDOS,1A,1994,1007,,R3,"11A LOVELL AVENUE, 169",169,10314,1,,1,,,1986,1,R3,"556,000",07/29/2025
5,NEW SPRINGVILLE,04 TAX CLASS 1 CONDOS,1A,1994,1017,,R3,"33A LOVELL AVENUE, 179",179,10314,1,,1,,,1986,1,R3,"615,000",05/06/2025
5,NEW SPRINGVILLE,04 TAX CLASS 1 CONDOS,1A,1994,1058,,R3,"252A ASHWORTH AVENUE, 220",220,10314,1,,1,,,1986,1,R3,"480,000",10/28/2025
5,NEW SPRINGVILLE,04 TAX CLASS 1 CONDOS,1A,2000,1004,,R3,"11A SHIRRA AVENUE, 240",240,10314,1,,1,,,1987,1,R3,"615,000",11/10/2025
5,NEW SPRINGVILLE,04 TAX CLASS 1 CONDOS,1A,2000,1013,,R3,"29 SHIRRA AVENUE, 249",249,10314,1,,1,,,1987,1,R3,"585,000",02/06/2026
5,NEW SPRINGVILLE,04 TAX CLASS 1 CONDOS,1A,2015,1022,,R3,14 GRISSOM AVENUE,,10314,1,,1,,,1986,1,R3,"610,000",12/11/2025
5,NEW SPRINGVILLE,04 TAX CLASS 1 CONDOS,1A,2015,1023,,R3,12 GRISSOM AVENUE,,10314,1,,1,,,1986,1,R3,"555,000",02/11/2026
5,NEW SPRINGVILLE,04 TAX CLASS 1 CONDOS,1A,2015,1051,,R3,11 COOPER TERRACE,,10314,1,,1,,,1986,1,R3,"515,000",12/10/2025
5,NEW SPRINGVILLE,04 TAX CLASS 1 CONDOS,1A,2380,2010,,R3,22 STRATFORD COURT,,10314,1,,1,,,1987,1,R3,0,05/14/2025
5,NEW SPRINGVILLE,04 TAX CLASS 1 CONDOS,1A,2380,2036,,R3,80 COUNTRY DRIVE NORTH,,10314,1,,1,,,1987,1,R3,"550,000",02/20/2026
5,NEW SPRINGVILLE,04 TAX CLASS 1 CONDOS,1A,2390,1008,,R3,"1446 FOREST HILL ROAD, 2",2,10314,1,,1,,,1983,1,R3,"559,000",09/24/2025
5,NEW SPRINGVILLE,04 TAX CLASS 1 CONDOS,1A,2390,1013,,R3,"1452 FOREST HILL ROAD, 1",1,10314,1,,1,,,1983,1,R3,0,11/03/2025
5,NEW SPRINGVILLE,04 TAX CLASS 1 CONDOS,1A,2390,1018,,R3,"1452 FOREST HILL ROAD, 6",6,10314,1,,1,,,1983,1,R3,0,05/12/2025
5,NEW SPRINGVILLE,04 TAX CLASS 1 CONDOS,1A,2401,1006,,R3,"24 RACAL COURT, BG",BG,10314,1,,1,,,1985,1,R3,0,04/03/2025
5,NEW SPRINGVILLE,04 TAX CLASS 1 CONDOS,1A,2401,1007,,R3,"28 RACAL COURT, AG",AG,10314,1,,1,,,1985,1,R3,"300,000",08/04/2025
5,NEW SPRINGVILLE,04 TAX CLASS 1 CONDOS,1A,2401,1016,,R3,"3 LAMPED LOOP, AG",AG,10314,1,,1,,,1985,1,R3,"440,000",05/23/2025
5,NEW SPRINGVILLE,04 TAX CLASS 1 CONDOS,1A,2401,1035,,R3,"8 RACAL COURT, B1",B1,10314,1,,1,,,1985,1,R3,0,09/08/2025
5,NEW SPRINGVILLE,04 TAX CLASS 1 CONDOS,1A,2401,1051,,R3,"24 RACAL COURT, B1",B1,10314,1,,1,,,1985,1,R3,0,04/03/2025
5,NEW SPRINGVILLE,04 TAX CLASS 1 CONDOS,1A,2401,1054,,R3,"24 RACAL COURT, RR",RR,10314,1,,1,,,1985,1,R3,0,04/03/2025
5,NEW SPRINGVILLE,04 TAX CLASS 1 CONDOS,1A,2401,1056,,R3,"28 RACAL COURT, A2",A2,10314,1,,1,,,1985,1,R3,"300,000",08/04/2025
5,NEW SPRINGVILLE,04 TAX CLASS 1 CONDOS,1A,2401,1091,,R3,"3 LAMPED LOOP, A1",A1,10314,1,,1,,,1985,1,R3,0,10/10/2025
5,NEW SPRINGVILLE,04 TAX CLASS 1 CONDOS,1A,2401,1092,,R3,"3 LAMPED LOOP, A2",A2,10314,1,,1,,,1985,1,R3,"440,000",05/23/2025
5,NEW SPRINGVILLE,04 TAX CLASS 1 CONDOS,1A,2401,1094,,R3,"3 LAMPED LOOP, ARR",ARR,10314,1,,1,,,1985,1,R3,"440,000",05/23/2025
5,NEW SPRINGVILLE,04 TAX CLASS 1 CONDOS,1A,2401,1101,,R3,"11 LAMPED LOOP, A3",A3,10314,1,,1,,,1985,1,R3,0,10/17/2025
5,NEW SPRINGVILLE,04 TAX CLASS 1 CONDOS,1A,2401,1206,,R3,156 RICHMOND HILL ROAD,,10314,1,,1,,,1986,1,R3,0,10/28/2025
5,NEW SPRINGVILLE,04 TAX CLASS 1 CONDOS,1A,2401,1218,,R3,170A RICHMOND HILL ROAD,,10314,1,,1,,,1986,1,R3,0,10/22/2025
5,NEW SPRINGVILLE,04 TAX CLASS 1 CONDOS,1A,2401,1273,,R3,60 LAMPED LOOP,,10314,1,,1,,,1986,1,R3,"420,000",01/22/2026
5,NEW SPRINGVILLE,04 TAX CLASS 1 CONDOS,1A,2401,1275,,R3,64 LAMPED LOOP,,10314,1,,1,,,1986,1,R3,0,10/01/2025
5,NEW SPRINGVILLE,04 TAX CLASS 1 CONDOS,1A,2401,1275,,R3,64 LAMPED LOOP,,10314,1,,1,,,1986,1,R3,"355,000",05/27/2025
5,NEW SPRINGVILLE,04 TAX CLASS 1 CONDOS,1A,2401,1276,,R3,64A LAMPED LOOP,,10314,1,,1,,,1986,1,R3,"500,000",05/30/2025
5,NEW SPRINGVILLE,04 TAX CLASS 1 CONDOS,1A,2401,1279,,R3,72 LAMPED LOOP,,10314,1,,1,,,1986,1,R3,"365,000",06/26/2025
5,NEW SPRINGVILLE,04 TAX CLASS 1 CONDOS,1A,2401,1290,,R3,96 LAMPED LOOP,,10314,1,,1,,,1986,1,R3,"520,000",08/26/2025
5,NEW SPRINGVILLE,04 TAX CLASS 1 CONDOS,1A,2401,1316,,R3,"197-A LAMPED LOOP, 36",36,10314,1,,1,,,1988,1,R3,0,12/16/2025
5,NEW SPRINGVILLE,04 TAX CLASS 1 CONDOS,1A,2401,1347,,R3,"34 DAFFODIL LANE, 67",67,10314,1,,1,,,1988,1,R3,"354,640",10/30/2025
5,NEW SPRINGVILLE,04 TAX CLASS 1 CONDOS,1A,2401,1350,,R3,"38A DAFFODIL LANE, 70",70,10314,1,,1,,,1988,1,R3,0,05/28/2025
5,NEW SPRINGVILLE,04 TAX CLASS 1 CONDOS,1A,2401,1365,,R3,"132 LAMPED LOOP, 85",85,10314,1,,1,,,1988,1,R3,0,08/09/2025
5,NEW SPRINGVILLE,04 TAX CLASS 1 CONDOS,1A,2402,1023,,R3,"64 COUNTRY DRIVE NORTH, 64",64,10314,1,,1,,,1988,1,R3,0,12/04/2025
5,NEW SPRINGVILLE,04 TAX CLASS 1 CONDOS,1A,2402,1037,,R3,"65A COUNTRY DRIVE NORTH, 65A",65A,10314,1,,1,,,1988,1,R3,"375,000",01/29/2026
5,NEW SPRINGVILLE,04 TAX CLASS 1 CONDOS,1A,2402,1040,,R3,"63 COUNTRY DRIVE NORTH, 63",63,10314,1,,1,,,1988,1,R3,"338,888",09/12/2025
5,NEW SPRINGVILLE,04 TAX CLASS 1 CONDOS,1A,2402,1042,,R3,"61 COUNTRY DRIVE NORTH, 61",61,10314,1,,1,,,1988,1,R3,"575,000",09/26/2025
5,NEW SPRINGVILLE,04 TAX CLASS 1 CONDOS,1A,2402,1121,,R3,"40A COUNTRY DRIVE NORTH, 21",21,10314,1,,1,,,1990,1,R3,"545,000",07/02/2025
5,NEW SPRINGVILLE,04 TAX CLASS 1 CONDOS,1A,2402,1128,,R3,"34 COUNTRY DRIVE NORTH, 28",28,10314,1,,1,,,1990,1,R3,"525,000",10/09/2025
5,NEW SPRINGVILLE,04 TAX CLASS 1 CONDOS,1A,2402,1129,,R3,"32A COUNTRY DRIVE NORTH, 29",29,10314,1,,1,,,1990,1,R3,0,01/23/2026
5,NEW SPRINGVILLE,04 TAX CLASS 1 CONDOS,1A,2402,1138,,R3,"42 COUNTRY DRIVE EAST, 38",38,10314,1,,1,,,1990,1,R3,"538,000",08/05/2025
5,NEW SPRINGVILLE,04 TAX CLASS 1 CONDOS,1A,2402,1146,,R3,"34 COUNTRY DRIVE EAST, 46",46,10314,1,,1,,,1990,1,R3,"525,000",06/17/2025
5,NEW SPRINGVILLE,04 TAX CLASS 1 CONDOS,1A,2402,1171,,R3,45A COUNTRY DRIVE EAST,,10314,1,,1,,,1990,1,R3,"496,860",01/20/2026
5,NEW SPRINGVILLE,04 TAX CLASS 1 CONDOS,1A,2402,1182,,R3,"35 COUNTRY DRIVE EAST, 82",82,10314,1,,1,,,1990,1,R3,"623,000",08/04/2025
5,NEW SPRINGVILLE,04 TAX CLASS 1 CONDOS,1A,2410,1010,,R3,"80A SATURN LANE, 80A",80A,10314,1,,1,,,1990,1,R3,"477,500",08/27/2025
5,NEW SPRINGVILLE,04 TAX CLASS 1 CONDOS,1A,2410,1025,,R3,"56 SATURN LANE, 56",56,10314,1,,1,,,1990,1,R3,"488,888",01/29/2026
5,NEW SPRINGVILLE,04 TAX CLASS 1 CONDOS,1A,2410,1026,,R3,"56A SATURN LANE, 56A",56A,10314,1,,1,,,1990,1,R3,0,12/30/2025
5,NEW SPRINGVILLE,04 TAX CLASS 1 CONDOS,1A,2410,1029,,R3,"52 SATURN LANE, 52",52,10314,1,,1,,,1990,1,R3,"495,000",07/23/2025
5,NEW SPRINGVILLE,04 TAX CLASS 1 CONDOS,1A,2410,1037,,R3,"40 SATURN LANE, 40",40,10314,1,,1,,,1990,1,R3,"482,500",06/13/2025
5,NEW SPRINGVILLE,04 TAX CLASS 1 CONDOS,1A,2410,1047,,R3,"30 SATURN LANE, 30",30,10314,1,,1,,,1990,1,R3,"475,000",09/11/2025
5,NEW SPRINGVILLE,04 TAX CLASS 1 CONDOS,1A,2410,1049,,R3,"20 SATURN LANE, 20",20,10314,1,,1,,,1990,1,R3,0,08/08/2025
5,NEW SPRINGVILLE,04 TAX CLASS 1 CONDOS,1A,2410,1070,,R3,"49A SATURN LANE, 49A",49A,10314,1,,1,,,1990,1,R3,"485,000",10/14/2025
5,NEW SPRINGVILLE,04 TAX CLASS 1 CONDOS,1A,2410,1073,,R3,"53 SATURN LANE, 53",53,10314,1,,1,,,1990,1,R3,"480,000",02/06/2026
5,NEW SPRINGVILLE,04 TAX CLASS 1 CONDOS,1A,2410,1081,,R3,"63 SATURN LANE, 63",63,10314,1,,1,,,1990,1,R3,0,07/28/2025
5,NEW SPRINGVILLE,04 TAX CLASS 1 CONDOS,1A,2450,1061,,R3,"18 KATHY PLACE, 3A",3A,10314,1,,1,,,1975,1,R3,0,08/01/2025
5,NEW SPRINGVILLE,04 TAX CLASS 1 CONDOS,1A,2450,1096,,R3,"15 KATHY PLACE, 3A",3A,10314,1,,1,,,1975,1,R3,"445,000",09/15/2025
5,NEW SPRINGVILLE,04 TAX CLASS 1 CONDOS,1A,2450,1103,,R3,"11 KATHY PLACE, 3A",3A,10314,1,,1,,,1975,1,R3,"500,000",07/25/2025
5,NEW SPRINGVILLE,04 TAX CLASS 1 CONDOS,1A,2450,1104,,R3,"7 KATHY PLACE, 1A",1A,10314,1,,1,,,1975,1,R3,"490,000",08/28/2025
5,NEW SPRINGVILLE,04 TAX CLASS 1 CONDOS,1A,2450,1112,,R3,"44 WINDHAM LOOP, 3A",3A,10314,1,,1,,,1975,1,R3,0,08/26/2025
5,NEW SPRINGVILLE,04 TAX CLASS 1 CONDOS,1A,2450,1112,,R3,"44 WINDHAM LOOP, 3A",3A,10314,1,,1,,,1975,1,R3,"465,000",11/03/2025
5,NEW SPRINGVILLE,04 TAX CLASS 1 CONDOS,1A,2450,1122,,R3,"52 WINDHAM LOOP, 2A",2A,10314,1,,1,,,1975,1,R3,"500,000",07/17/2025
5,NEW SPRINGVILLE,04 TAX CLASS 1 CONDOS,1A,2450,1227,,R3,153 WINDHAM LOOP,,10314,1,,1,,,1981,1,R3,0,01/27/2026
5,NEW SPRINGVILLE,04 TAX CLASS 1 CONDOS,1A,2450,1250,,R3,40 AMY COURT,,10314,1,,1,,,1981,1,R3,"605,000",07/02/2025
5,NEW SPRINGVILLE,04 TAX CLASS 1 CONDOS,1A,2450,1256,,R3,98 WINDHAM LOOP,,10314,1,,1,,,1981,1,R3,0,05/13/2025
5,NEW SPRINGVILLE,04 TAX CLASS 1 CONDOS,1A,2450,1272,,R3,194 WINDHAM LOOP,,10314,1,,1,,,1981,1,R3,"629,000",05/16/2025
5,NEW SPRINGVILLE,04 TAX CLASS 1 CONDOS,1A,2450,1302,,R3,602 RICHMOND HILL ROAD,,10314,1,,1,,,1981,1,R3,0,12/22/2025
5,NEW SPRINGVILLE,04 TAX CLASS 1 CONDOS,1A,2450,1333,,R3,516 GOLF VIEW COURT,,10314,1,,1,,,1981,1,R3,"545,000",10/17/2025
5,NEW SPRINGVILLE,04 TAX CLASS 1 CONDOS,1A,2450,1341,,R3,542 GOLF VIEW COURT,,10314,1,,1,,,1981,1,R3,"672,000",10/31/2025
5,NEW SPRINGVILLE,04 TAX CLASS 1 CONDOS,1A,2450,1358,,R3,1696 FOREST HILL ROAD,,10314,1,,1,,,1981,1,R3,0,12/18/2025
5,NEW SPRINGVILLE,04 TAX CLASS 1 CONDOS,1A,2450,1371,,R3,1728 FOREST HILL RD,,10314,1,,1,,,1982,1,R3,"480,000",09/17/2025
5,NEW SPRINGVILLE,04 TAX CLASS 1 CONDOS,1A,2450,1373,,R3,1732 FOREST HILL ROAD,,10314,1,,1,,,1982,1,R3,"370,000",09/12/2025
5,NEW SPRINGVILLE,04 TAX CLASS 1 CONDOS,1A,2450,1385,,R3,"578 GOLFVIEW COURT, 59",,10314,1,,1,,,1982,1,R3,"1,000",12/11/2025
5,NEW SPRINGVILLE,04 TAX CLASS 1 CONDOS,1A,2450,1514,,R3,"22 ELMWOOD PARK DRIVE, A",A,10314,1,,1,,,1979,1,R3,"435,000",02/11/2026
5,NEW SPRINGVILLE,04 TAX CLASS 1 CONDOS,1A,2450,1541,,R3,49 DEVON LOOP,,10314,1,,1,,,1979,1,R3,"332,500",08/21/2025
5,NEW SPRINGVILLE,04 TAX CLASS 1 CONDOS,1A,2450,1543,,R3,47 DEVON LOOP,,10314,1,,1,,,1979,1,R3,0,10/07/2025
5,NEW SPRINGVILLE,04 TAX CLASS 1 CONDOS,1A,2450,1597,,R3,127 DEVON LOOP,,10314,1,,1,,,1979,1,R3,"356,775",08/28/2025
5,NEW SPRINGVILLE,04 TAX CLASS 1 CONDOS,1A,2450,1823,,R3,160 DEVON LOOP,,10314,1,,1,,,1985,1,R3,"330,000",05/12/2025
5,NEW SPRINGVILLE,04 TAX CLASS 1 CONDOS,1A,2450,1827,,R3,"170 DEVON LOOP, 2",2,10314,1,,1,,,1985,1,R3,"368,000",08/13/2025
5,NEW SPRINGVILLE,04 TAX CLASS 1 CONDOS,1A,2450,1828,,R3,"170 DEVON LOOP, 3",3,10314,1,,1,,,1985,1,R3,"480,000",09/17/2025
5,NEW SPRINGVILLE,04 TAX CLASS 1 CONDOS,1A,2450,1851,,R3,"19 DONNA COURT, 2",2,10314,1,,1,,,1985,1,R3,0,02/18/2026
5,NEW SPRINGVILLE,04 TAX CLASS 1 CONDOS,1A,2450,1888,,R3,"40 DONNA COURT, 3",3,10314,1,,1,,,1985,1,R3,"370,000",04/18/2025
5,NEW SPRINGVILLE,04 TAX CLASS 1 CONDOS,1A,2450,3020,,R3,34 RUMSON ROAD,,10314,1,,1,,,1978,1,R3,0,08/01/2025
5,NEW SPRINGVILLE,04 TAX CLASS 1 CONDOS,1A,2450,3039,,R3,61 RUMSON ROAD,,10314,1,,1,,,1978,1,R3,0,04/28/2025
5,NEW SPRINGVILLE,04 TAX CLASS 1 CONDOS,1A,2450,3051,,R3,16 RUMSON ROAD,,10314,1,,1,,,1978,1,R3,"540,000",07/29/2025
5,NEW SPRINGVILLE,04 TAX CLASS 1 CONDOS,1A,2450,3057,,R3,4 RUMSON ROAD,,10314,1,,1,,,1978,1,R3,"475,000",10/01/2025
5,NEW SPRINGVILLE,04 TAX CLASS 1 CONDOS,1A,2450,3094,,R3,1800 FOREST HILL ROAD,,10314,1,,1,,,1978,1,R3,0,08/19/2025
5,NEW SPRINGVILLE,04 TAX CLASS 1 CONDOS,1A,2450,3122,,R3,"1780 FOREST HILL ROAD, 122",122,10314,1,,1,,,1978,1,R3,"515,000",09/04/2025
5,NEW SPRINGVILLE,04 TAX CLASS 1 CONDOS,1A,2450,3137,,R3,"61 STONE LANE, 137",137,10314,1,,1,,,1978,1,R3,"490,000",11/14/2025
5,NEW SPRINGVILLE,04 TAX CLASS 1 CONDOS,1A,2450,3188,,R3,1772 FOREST HILL ROAD,,10314,1,,1,,,1978,1,R3,"65,000",04/16/2025
5,NEW SPRINGVILLE,04 TAX CLASS 1 CONDOS,1A,2450,3196,,R3,1756 FOREST HILL ROAD,,10314,1,,1,,,1978,1,R3,0,07/16/2025
5,NEW SPRINGVILLE,04 TAX CLASS 1 CONDOS,1A,2450,3203,,R3,149 PIERPONT PLACE,,10314,1,,1,,,1978,1,R3,"475,000",08/22/2025
5,NEW SPRINGVILLE,04 TAX CLASS 1 CONDOS,1A,2450,3218,,R3,121 PIERPONT PLACE,,10314,1,,1,,,1978,1,R3,0,08/19/2025
5,NEW SPRINGVILLE,04 TAX CLASS 1 CONDOS,1A,2450,3236,,R3,111 PIERPONT PLACE,,10314,1,,1,,,1981,1,R3,"550,000",05/29/2025
5,NEW SPRINGVILLE,04 TAX CLASS 1 CONDOS,1A,2450,3245,,R3,80 BELMAR DRIVE WEST,,10314,1,,1,,,1981,1,R3,"575,000",10/24/2025
5,NEW SPRINGVILLE,04 TAX CLASS 1 CONDOS,1A,2450,3270,,R3,54 PIERPONT PLACE,,10314,1,,1,,,1981,1,R3,"569,000",11/04/2025
5,NEW SPRINGVILLE,04 TAX CLASS 1 CONDOS,1A,2450,3311,,R3,67 PIERPONT PLACE,,10314,1,,1,,,1981,1,R3,"315,000",08/12/2025
5,NEW SPRINGVILLE,04 TAX CLASS 1 CONDOS,1A,2450,3311,,R3,"67 PIERPONT PLACE, 311E",,10314,1,,1,,,1981,1,R3,"589,000",01/29/2026
5,NEW SPRINGVILLE,04 TAX CLASS 1 CONDOS,1A,2450,3326,,R3,53 PIERPONT PLACE,,10314,1,,1,,,1981,1,R3,"480,000",07/16/2025
5,NEW SPRINGVILLE,04 TAX CLASS 1 CONDOS,1A,2450,3349,,R3,22 PIERPONT PLACE,,10314,1,,1,,,1981,1,R3,"525,000",01/30/2026
5,NEW SPRINGVILLE,04 TAX CLASS 1 CONDOS,1A,2450,3351,,R3,26 PIERPONT PLACE,,10314,1,,1,,,1981,1,R3,0,05/05/2025
5,NEW SPRINGVILLE,04 TAX CLASS 1 CONDOS,1A,2450,3378,,R3,2 BELMAR DRIVE EAST,,10314,1,,1,,,1981,1,R3,"490,000",05/23/2025
5,NEW SPRINGVILLE,04 TAX CLASS 1 CONDOS,1A,2450,3378,,R3,2 BELMAR DRIVE EAST,,10314,1,,1,,,1981,1,R3,"580,000",12/23/2025
5,NEW SPRINGVILLE,04 TAX CLASS 1 CONDOS,1A,2450,4002,,R3,471 WINDHAM LOOP,,10314,1,,1,,,1979,1,R3,0,09/17/2025
5,NEW SPRINGVILLE,04 TAX CLASS 1 CONDOS,1A,2450,4003,,R3,463 WINDHAM LOOP,,10314,1,,1,,,1979,1,R3,0,10/13/2025
5,NEW SPRINGVILLE,04 TAX CLASS 1 CONDOS,1A,2450,4023,,R3,363 WINDHAM LOOP,,10314,1,,1,,,1979,1,R3,0,10/17/2025
5,NEW SPRINGVILLE,04 TAX CLASS 1 CONDOS,1A,2450,4029,,R3,458 WINDHAM LOOP,,10314,1,,1,,,1979,1,R3,"410,000",07/02/2025
5,NEW SPRINGVILLE,04 TAX CLASS 1 CONDOS,1A,2450,4029,,R3,458 WINDHAM LOOP,,10314,1,,1,,,1979,1,R3,"575,000",01/08/2026
5,NEW SPRINGVILLE,04 TAX CLASS 1 CONDOS,1A,2450,5054,,R3,"85 ELMWOOD PARK DRIVE, 22",22,10314,1,,1,,,1985,1,R3,"450,000",08/25/2025
5,NEW SPRINGVILLE,04 TAX CLASS 1 CONDOS,1A,2450,5311,,R3,"23 GREGORY LANE, 111",111,10314,1,,1,,,1988,1,R3,0,12/11/2025
5,NEW SPRINGVILLE,04 TAX CLASS 1 CONDOS,1A,2450,5332,,R3,"16 ARIELLE LANE, 132",132,10314,1,,1,,,1988,1,R3,"475,000",06/11/2025
5,NEW SPRINGVILLE,04 TAX CLASS 1 CONDOS,1A,2450,5336,,R3,"24 ARIELLE LANE, 136",136,10314,1,,1,,,1988,1,R3,"370,000",10/28/2025
5,NEW SPRINGVILLE,04 TAX CLASS 1 CONDOS,1A,2450,5357,,R3,21 CANON DRIVE,,10314,1,,1,,,1988,1,R3,0,12/08/2025
5,NEW SPRINGVILLE,04 TAX CLASS 1 CONDOS,1A,2450,5359,,R3,"17 CANON DRIVE, 159",159,10314,1,,1,,,1988,1,R3,0,09/30/2025
5,NEW SPRINGVILLE,05 TAX CLASS 1 VACANT LAND,1B,2118,200,,V0,N/A MULBERRY AVENUE,,10314,0,0,0,696,0,,1,V0,"4,000",06/09/2025
5,NEW SPRINGVILLE,12 CONDOS - WALKUP APARTMENTS,2,2360,1011,,R2,"1286 ROCKLAND AVENUE, 1G",1G,10314,1,,1,,,1973,2,R2,"399,499",08/20/2025
5,NEW SPRINGVILLE,12 CONDOS - WALKUP APARTMENTS,2,2360,1023,,R2,"1288 ROCKLAND AVENUE, 2C",2C,10314,1,,1,,,1973,2,R2,"305,000",09/29/2025
5,NEW SPRINGVILLE,12 CONDOS - WALKUP APARTMENTS,2,2360,1025,,R2,"1290 ROCKLAND AVENUE, 1E",1E,10314,1,,1,,,1973,2,R2,"325,000",02/27/2026
5,NEW SPRINGVILLE,12 CONDOS - WALKUP APARTMENTS,2,2360,1044,,R2,"1294 ROCKLAND AVENUE, 1D",1D,10314,1,,1,,,1973,2,R2,"342,000",10/29/2025
5,NEW SPRINGVILLE,12 CONDOS - WALKUP APARTMENTS,2,2360,1053,,R2,"1296 ROCKLAND AVENUE, 2E",2E,10314,1,,1,,,1973,2,R2,0,10/01/2025
5,NEW SPRINGVILLE,12 CONDOS - WALKUP APARTMENTS,2,2360,1070,,R2,"1300 ROCKLAND AVENUE, 2B",2B,10314,1,,1,,,1973,2,R2,"355,000",04/17/2025
5,NEW SPRINGVILLE,12 CONDOS - WALKUP APARTMENTS,2,2360,1071,,R2,"1300 ROCKLAND AVENUE, 2C",2C,10314,1,,1,,,1973,2,R2,"359,000",09/17/2025
5,NEW SPRINGVILLE,12 CONDOS - WALKUP APARTMENTS,2,2363,1012,,R2,"11 GADSEN PLACE, 1H",1H,10314,1,,1,,,1974,2,R2,"117,019",10/13/2025
5,NEW SPRINGVILLE,12 CONDOS - WALKUP APARTMENTS,2,2363,1019,,R2,"15 GADSEN PLACE, 1C",1C,10314,1,,1,,,1974,2,R2,0,05/12/2025
5,NEW SPRINGVILLE,12 CONDOS - WALKUP APARTMENTS,2,2363,1026,,R2,"17 GADSEN PLACE, 1F",1F,10314,1,,1,,,1974,2,R2,"340,000",12/09/2025
5,NEW SPRINGVILLE,12 CONDOS - WALKUP APARTMENTS,2,2363,1028,,R2,"17 GADSEN PLACE, 1H",1H,10314,1,,1,,,1974,2,R2,"235,000",02/03/2026
5,NEW SPRINGVILLE,12 CONDOS - WALKUP APARTMENTS,2,2363,1039,,R2,"19 GADSEN PLACE, 2G",2G,10314,1,,1,,,1974,2,R2,"350,000",12/04/2025
5,NEW SPRINGVILLE,12 CONDOS - WALKUP APARTMENTS,2,2363,1041,,R2,"21 GADSEN PLACE, 1A",1A,10314,1,,1,,,1974,2,R2,0,12/03/2025
5,NEW SPRINGVILLE,12 CONDOS - WALKUP APARTMENTS,2,2363,1070,,R2,"27 GADSEN PLACE, 2H",2H,10314,1,,1,,,1974,2,R2,"402,500",08/04/2025
5,NEW SPRINGVILLE,12 CONDOS - WALKUP APARTMENTS,2,2363,1081,,R2,"31 GADSEN PLACE, 1G",1G,10314,1,,1,,,1974,2,R2,0,10/01/2025
5,NEW SPRINGVILLE,13 CONDOS - ELEVATOR APARTMENTS,2,2400,1073,,R4,"80 RICHMOND HILL, 5E",5E,10314,1,,1,,,1988,2,R4,0,12/18/2025
5,NEW SPRINGVILLE,13 CONDOS - ELEVATOR APARTMENTS,2,2450,1614,,R4,"2 ELMWOOD PARK DRIVE, 114",114,10314,1,,1,,,1983,2,R4,"250,000",08/11/2025
5,NEW SPRINGVILLE,13 CONDOS - ELEVATOR APARTMENTS,2,2450,1636,,R4,"2 ELMWOOD PARK DRIVE, 209",209,10314,1,,1,,,1983,2,R4,0,08/13/2025
5,NEW SPRINGVILLE,13 CONDOS - ELEVATOR APARTMENTS,2,2450,1637,,R4,"2 ELMWOOD PARK DRIVE, 210",210,10314,1,,1,,,1983,2,R4,0,11/03/2025
5,NEW SPRINGVILLE,13 CONDOS - ELEVATOR APARTMENTS,2,2450,1650,,R4,"2 ELMWOOD PARK DRIVE, 223",223,10314,1,,1,,,1983,2,R4,0,01/07/2026
5,NEW SPRINGVILLE,13 CONDOS - ELEVATOR APARTMENTS,2,2450,1689,,R4,"2 ELMWOOD PARK DRIVE, 404",404,10314,1,,1,,,1983,2,R4,"325,000",05/19/2025
5,NEW SPRINGVILLE,13 CONDOS - ELEVATOR APARTMENTS,2,2450,1689,,R4,"2 ELMWOOD PARK DRIVE, 404",404,10314,1,,1,,,1983,2,R4,"389,900",12/09/2025
5,NEW SPRINGVILLE,13 CONDOS - ELEVATOR APARTMENTS,2,2450,1697,,R4,"2 ELMWOOD PARK DRIVE, 412",412,10314,1,,1,,,1983,2,R4,"350,000",04/15/2025
5,NEW SPRINGVILLE,13 CONDOS - ELEVATOR APARTMENTS,2,2450,1715,,R4,"2 ELMWOOD PARK DRIVE, 501",501,10314,1,,1,,,1983,2,R4,"370,000",04/04/2025
5,NEW SPRINGVILLE,13 CONDOS - ELEVATOR APARTMENTS,2,2450,1753,,R4,"2 ELMWOOD PARK DRIVE, 610",610,10314,1,,1,,,1983,2,R4,"364,500",11/26/2025
5,NEW SPRINGVILLE,13 CONDOS - ELEVATOR APARTMENTS,2,2450,1758,,R4,"2 ELMWOOD PARK DRIVE, 615",615,10314,1,,1,,,1983,2,R4,"375,000",10/08/2025
5,NEW SPRINGVILLE,13 CONDOS - ELEVATOR APARTMENTS,2,2450,1768,,R4,"2 ELMWOOD PARK DRIVE, 708",708,10314,1,,1,,,1983,2,R4,0,10/01/2025
5,NEW SPRINGVILLE,13 CONDOS - ELEVATOR APARTMENTS,2,2450,1772,,R4,"2 ELMWOOD PARK DRIVE, 712",712,10314,1,,1,,,1983,2,R4,"368,000",09/25/2025
5,NEW SPRINGVILLE,13 CONDOS - ELEVATOR APARTMENTS,2,2450,2006,,R4,"5 WINDHAM LOOP, 1G",1G,10314,1,,1,,,1979,2,R4,"362,000",10/10/2025
5,NEW SPRINGVILLE,13 CONDOS - ELEVATOR APARTMENTS,2,2450,2020,,R4,"11 WINDHAM LOOP, 1II",1II,10314,1,,1,,,1979,2,R4,"370,000",04/24/2025
5,NEW SPRINGVILLE,13 CONDOS - ELEVATOR APARTMENTS,2,2450,2025,,R4,"11 WINDHAM LOOP, 1NN",1NN,10314,1,,1,,,1979,2,R4,"370,000",05/08/2025
5,NEW SPRINGVILLE,13 CONDOS - ELEVATOR APARTMENTS,2,2450,2025,,R4,"11 WINDHAM LOOP, 1NN",1NN,10314,1,,1,,,1979,2,R4,"380,000",03/12/2026
5,NEW SPRINGVILLE,13 CONDOS - ELEVATOR APARTMENTS,2,2450,2040,,R4,"11 WINDHAM LOOP, 2CC",2CC,10314,1,,1,,,1979,2,R4,"380,000",12/18/2025
5,NEW SPRINGVILLE,13 CONDOS - ELEVATOR APARTMENTS,2,2450,2047,,R4,"11 WINDHAM LOOP, 2JJ",2JJ,10314,1,,1,,,1979,2,R4,"375,000",09/18/2025
5,NEW SPRINGVILLE,13 CONDOS - ELEVATOR APARTMENTS,2,2450,2048,,R4,"11 WINDHAM LOOP, 2KK",2KK,10314,1,,1,,,1979,2,R4,0,08/15/2025
5,NEW SPRINGVILLE,13 CONDOS - ELEVATOR APARTMENTS,2,2450,2062,,R4,"5 WINDHAM LOOP, 3K",3K,10314,1,,1,,,1979,2,R4,"390,000",11/21/2025
5,NEW SPRINGVILLE,13 CONDOS - ELEVATOR APARTMENTS,2,2450,2073,,R4,"11 WINDHAM LOOP, 3HH",3HH,10314,1,,1,,,1979,2,R4,"370,000",05/30/2025
5,NEW SPRINGVILLE,13 CONDOS - ELEVATOR APARTMENTS,2,2450,2074,,R4,"11 WINDHAM LOOP, 3II",3II,10314,1,,1,,,1979,2,R4,"405,000",01/21/2026
5,NEW SPRINGVILLE,13 CONDOS - ELEVATOR APARTMENTS,2,2450,2102,,R4,"11 WINDHAM LOOP, 4II",4II,10314,1,,1,,,1979,2,R4,10,07/17/2025
5,NEW SPRINGVILLE,13 CONDOS - ELEVATOR APARTMENTS,2,2450,2116,,R4,"5 WINDHAM LOOP, 5I",5I,10314,1,,1,,,1979,2,R4,0,10/07/2025
5,NEW SPRINGVILLE,13 CONDOS - ELEVATOR APARTMENTS,2,2450,2132,,R4,"11 WINDHAM LOOP, 5KK",5KK,10314,1,,1,,,1979,2,R4,"340,000",07/31/2025
5,NEW SPRINGVILLE,13 CONDOS - ELEVATOR APARTMENTS,2,2450,2161,,R4,"5 WINDHAM LOOP, 7L",7L,10314,1,,1,,,1979,2,R4,"319,999",07/14/2025
5,NEW SPRINGVILLE,13 CONDOS - ELEVATOR APARTMENTS,2,2451,2012,,R4,"75 ESSEX DRIVE, 2D",2D,10314,1,,1,,,1988,2,R4,"390,000",11/20/2025
5,NEW SPRINGVILLE,13 CONDOS - ELEVATOR APARTMENTS,2,2451,3001,,R4,"40 WELLINGTON COURT, 1A",1A,10314,1,,1,,,1988,2,R4,"535,000",11/06/2025
5,NEW SPRINGVILLE,13 CONDOS - ELEVATOR APARTMENTS,2,2451,3012,,R4,"40 WELLINGTON COURT, 2D",2D,10314,1,,1,,,1988,2,R4,0,11/19/2025
5,NEW SPRINGVILLE,13 CONDOS - ELEVATOR APARTMENTS,2,2451,4023,,R4,"120 WELLINGTON COURT, 3H",3H,10314,1,,1,,,1988,2,R4,0,01/14/2026
5,NEW SPRINGVILLE,13 CONDOS - ELEVATOR APARTMENTS,2,2451,4023,,R4,"120 WELLINGTON COURT, 3H",3H,10314,1,,1,,,1988,2,R4,"530,000",08/26/2025
5,NEW SPRINGVILLE,13 CONDOS - ELEVATOR APARTMENTS,2,2452,1009,,R4,"41 WELLINGTON COURT, 1I",1I,10314,1,,1,,,1987,2,R4,"430,000",12/08/2025
5,NEW SPRINGVILLE,13 CONDOS - ELEVATOR APARTMENTS,2,2452,1023,,R4,"41 WELLINGTON COURT, 3E",3E,10314,1,,1,,,1987,2,R4,"465,000",09/24/2025
5,NEW SPRINGVILLE,13 CONDOS - ELEVATOR APARTMENTS,2,2452,1033,,R4,"41 WELLINGTON COURT, 4B",4B,10314,1,,1,,,1987,2,R4,0,05/23/2025
5,NEW SPRINGVILLE,13 CONDOS - ELEVATOR APARTMENTS,2,2452,1036,,R4,"41 WELLINGTON COURT, 4E",4E,10314,1,,1,,,1987,2,R4,"435,000",05/30/2025
5,NEW SPRINGVILLE,13 CONDOS - ELEVATOR APARTMENTS,2,2452,1117,,R4,"121 WELLINGTON COURT, 2A",2A,10314,1,,1,,,1987,2,R4,"295,000",09/23/2025
5,NEW SPRINGVILLE,13 CONDOS - ELEVATOR APARTMENTS,2,2452,2045,,R4,"171 WELLINGTON COURT, 1H",1H,10314,1,,1,,,1988,2,R4,"370,000",11/21/2025
5,NEW SPRINGVILLE,13 CONDOS - ELEVATOR APARTMENTS,2,2452,2060,,R4,"171 WELLINGTON COURT, 3E",3E,10314,1,,1,,,1988,2,R4,"350,000",11/21/2025
5,OAKWOOD,01 ONE FAMILY DWELLINGS,1,4262,23,,A5,52 FARRELL COURT,,10306,1,0,1,"2,097","1,016",1996,1,A5,"642,000",12/05/2025
5,OAKWOOD,01 ONE FAMILY DWELLINGS,1,4265,28,,A1,61 GUYON AVENUE,,10306,1,0,1,"4,132","1,232",1930,1,A1,0,07/09/2025
5,OAKWOOD,01 ONE FAMILY DWELLINGS,1,4265,52,,A5,86 CEDARVIEW AVENUE,,10306,1,0,1,"2,000","1,480",1994,1,A5,"730,000",10/16/2025
5,OAKWOOD,01 ONE FAMILY DWELLINGS,1,4267,1,,A2,351 8 STREET,,10306,1,0,1,"3,640","1,008",1955,1,A2,"740,000",11/10/2025
5,OAKWOOD,01 ONE FAMILY DWELLINGS,1,4268,19,,A2,5 PETER AVENUE,,10306,1,0,1,"4,800","1,008",1960,1,A2,0,09/16/2025
5,OAKWOOD,01 ONE FAMILY DWELLINGS,1,4269,50,,A5,9 PENN AVENUE,,10306,1,0,1,"2,500","1,080",1965,1,A5,"640,000",07/31/2025
5,OAKWOOD,01 ONE FAMILY DWELLINGS,1,4270,6,,A2,374 TYSENS LANE,,10306,1,0,1,"4,200","1,196",1965,1,A2,"810,000",07/22/2025
5,OAKWOOD,01 ONE FAMILY DWELLINGS,1,4270,36,,A2,77 PENN AVENUE,,10306,1,0,1,"4,200","1,144",1960,1,A2,"747,500",12/18/2025
5,OAKWOOD,01 ONE FAMILY DWELLINGS,1,4271,40,,A2,69 PETER AVENUE,,10306,1,0,1,"4,900","1,196",1960,1,A2,0,05/07/2025
5,OAKWOOD,01 ONE FAMILY DWELLINGS,1,4274,31,,A1,207 OAK AVENUE,,10306,1,0,1,"7,800","1,600",1960,1,A1,"925,000",12/12/2025
5,OAKWOOD,01 ONE FAMILY DWELLINGS,1,4278,17,,A2,205 PENN AVENUE,,10306,1,0,1,"4,000","1,040",1963,1,A2,"675,000",01/22/2026
5,OAKWOOD,01 ONE FAMILY DWELLINGS,1,4286,36,,A1,23 ACORN STREET,,10306,1,0,1,"5,300","1,176",1955,1,A1,"885,000",10/06/2025
5,OAKWOOD,01 ONE FAMILY DWELLINGS,1,4287,29,,A2,2 ACORN STREET,,10306,1,0,1,"5,162",480,1945,1,A2,"465,000",06/12/2025
5,OAKWOOD,01 ONE FAMILY DWELLINGS,1,4287,44,,A1,25 TARRING STREET,,10306,1,0,1,"6,750","3,540",1955,1,A1,"1,190,000",06/16/2025
5,OAKWOOD,01 ONE FAMILY DWELLINGS,1,4287,45,,A2,31 TARRING STREET,,10306,1,0,1,"7,575",552,1950,1,A2,0,11/17/2025
5,OAKWOOD,01 ONE FAMILY DWELLINGS,1,4290,9,,A1,171 ISABELLA AVENUE,,10306,1,0,1,"5,689","2,498",1945,1,A1,0,09/18/2025
5,OAKWOOD,01 ONE FAMILY DWELLINGS,1,4294,1,,A1,429 FLINT STREET,,10306,1,0,1,"3,500","1,770",1965,1,A1,0,01/22/2026
5,OAKWOOD,01 ONE FAMILY DWELLINGS,1,4295,39,,A2,443 FLINT STREET,,10306,1,0,1,"2,500",826,1925,1,A2,"200,000",08/21/2025
5,OAKWOOD,01 ONE FAMILY DWELLINGS,1,4295,40,,A1,447 FLINT STREET,,10306,1,0,1,"4,125","1,854",2001,1,A1,0,05/09/2025
5,OAKWOOD,01 ONE FAMILY DWELLINGS,1,4297,26,,A1,745 CLAWSON STREET,,10306,1,0,1,"9,700","1,120",1965,1,A1,"999,000",01/30/2026
5,OAKWOOD,01 ONE FAMILY DWELLINGS,1,4300,1,,A1,303 ISABELLA AVENUE,,10306,1,0,1,"4,250","2,096",1970,1,A1,0,10/08/2025
5,OAKWOOD,01 ONE FAMILY DWELLINGS,1,4301,16,,A1,450 PENDALE STREET,,10306,1,0,1,"4,000","1,800",1996,1,A1,"1,125,000",09/23/2025
5,OAKWOOD,01 ONE FAMILY DWELLINGS,1,4656,1,,A5,70 WINDEMERE AVENUE,,10306,1,0,1,"3,700","1,368",1965,1,A5,0,11/13/2025
5,OAKWOOD,01 ONE FAMILY DWELLINGS,1,4656,54,,A5,1915 NORTH RAILROAD AVENUE,,10306,1,0,1,"3,564","1,440",1975,1,A5,0,09/10/2025
5,OAKWOOD,01 ONE FAMILY DWELLINGS,1,4657,81,,A5,1956 NORTH RAILROAD AVE,,10306,1,0,1,"2,376","1,312",1975,1,A5,"685,000",06/24/2025
5,OAKWOOD,01 ONE FAMILY DWELLINGS,1,4657,167,,A5,1971 SOUTH RAILROAD AVE,,10306,1,0,1,"1,360","1,232",1990,1,A5,0,08/01/2025
5,OAKWOOD,01 ONE FAMILY DWELLINGS,1,4658,54,,A1,23 CHAMPLAIN AVENUE,,10306,1,0,1,"6,000","2,932",1955,1,A1,0,10/26/2025
5,OAKWOOD,01 ONE FAMILY DWELLINGS,1,4659,26,,A1,139 ADELAIDE AVENUE,,10306,1,0,1,"5,146","2,804",2008,1,A1,"1,389,000",06/23/2025
5,OAKWOOD,01 ONE FAMILY DWELLINGS,1,4660,12,,A2,91 LEEDS STREET,,10306,1,0,1,"5,000","1,215",1940,1,A2,"550,000",12/17/2025
5,OAKWOOD,01 ONE FAMILY DWELLINGS,1,4662,16,,A1,99 ELMIRA STREET,,10306,1,0,1,"3,742","1,456",1960,1,A1,"855,000",08/29/2025
5,OAKWOOD,01 ONE FAMILY DWELLINGS,1,4662,23,,A1,113 ELMIRA STREET,,10306,1,0,1,"2,700","1,800",1992,1,A1,0,12/19/2025
5,OAKWOOD,01 ONE FAMILY DWELLINGS,1,4663,28,,A1,231 ADELAIDE AVENUE,,10306,1,0,1,"4,400","1,632",1960,1,A1,"910,000",10/16/2025
5,OAKWOOD,01 ONE FAMILY DWELLINGS,1,4663,34,,A2,106 ELMIRA STREET,,10306,1,0,1,"4,000","1,056",1961,1,A2,0,04/08/2025
5,OAKWOOD,01 ONE FAMILY DWELLINGS,1,4667,15,,A2,3017 HYLAN BOULEVARD,,10306,1,0,1,"4,950","1,320",1986,1,A2,0,06/12/2025
5,OAKWOOD,01 ONE FAMILY DWELLINGS,1,4667,15,,A2,3017 HYLAN BOULEVARD,,10306,1,0,1,"4,950","1,320",1986,1,A2,0,01/12/2026
5,OAKWOOD,01 ONE FAMILY DWELLINGS,1,4667,21,,A2,3033 HYLAN BOULEVARD,,10306,1,0,1,"6,572","1,950",1950,1,A2,"700,000",05/20/2025
5,OAKWOOD,01 ONE FAMILY DWELLINGS,1,4672,23,,A5,47 BROOK AVENUE,,10306,1,0,1,"1,442","1,344",1994,1,A5,0,01/15/2026
5,OAKWOOD,01 ONE FAMILY DWELLINGS,1,4696,68,,A2,2032 NORTH RAILROAD AVENUE,,10306,1,0,1,"4,000",888,1960,1,A2,0,05/27/2025
5,OAKWOOD,01 ONE FAMILY DWELLINGS,1,4700,8,,A2,107 MONTREAL AVENUE,,10306,1,0,1,"6,000","1,208",1920,1,A2,"849,000",09/25/2025
5,OAKWOOD,01 ONE FAMILY DWELLINGS,1,4708,9,,A2,155 FAIRBANKS AVENUE,,10306,1,0,1,"4,500","1,911",1960,1,A2,0,05/19/2025
5,OAKWOOD,01 ONE FAMILY DWELLINGS,1,4708,52,,A2,224 MONTREAL AVENUE,,10306,1,0,1,"7,000","1,072",1955,1,A2,0,05/12/2025
5,OAKWOOD,01 ONE FAMILY DWELLINGS,1,4708,59,,A2,238 MONTREAL AVENUE,,10306,1,0,1,"6,000","1,072",1955,1,A2,"775,000",12/19/2025
5,OAKWOOD,01 ONE FAMILY DWELLINGS,1,4708,61,,A1,244 MONTREAL AVENUE,,10306,1,0,1,"6,000","3,400",1955,1,A1,0,10/01/2025
5,OAKWOOD,01 ONE FAMILY DWELLINGS,1,4711,27,,A1,189 CURRIE AVENUE,,10306,1,0,1,"5,320","1,568",1945,1,A1,0,04/08/2025
5,OAKWOOD,01 ONE FAMILY DWELLINGS,1,4713,19,,A2,227 FAIRBANKS AVENUE,,10306,1,0,1,"4,400","1,020",1965,1,A2,0,09/02/2025
5,OAKWOOD,01 ONE FAMILY DWELLINGS,1,4715,78,,A1,136 CHAMPLAIN AVENUE,,10306,1,0,1,"4,000","2,008",1970,1,A1,"800,000",06/17/2025
5,OAKWOOD,02 TWO FAMILY DWELLINGS,1,4264,17,,B1,131 CEDARVIEW AVE,,10306,2,0,2,"4,000","2,160",1975,1,B1,0,11/21/2025
5,OAKWOOD,02 TWO FAMILY DWELLINGS,1,4264,17,,B1,131 CEDARVIEW AVENUE,,10306,2,0,2,"4,000","2,160",1975,1,B1,0,08/05/2025
5,OAKWOOD,02 TWO FAMILY DWELLINGS,1,4268,36,,B2,20 PENN AVENUE,,10306,2,0,2,"4,300","1,984",1960,1,B2,"930,000",07/25/2025
5,OAKWOOD,02 TWO FAMILY DWELLINGS,1,4269,6,,B2,37 PENN AVENUE,,10306,2,0,2,"4,500","1,796",1955,1,B2,0,04/04/2025
5,OAKWOOD,02 TWO FAMILY DWELLINGS,1,4278,52,,B2,526 TYSENS LANE,,10306,2,0,2,"4,000","2,093",1965,1,B2,"300,000",09/24/2025
5,OAKWOOD,02 TWO FAMILY DWELLINGS,1,4655,12,,B2,32 GUYON AVENUE,,10306,2,0,2,"5,200","2,225",1955,1,B2,0,09/15/2025
5,OAKWOOD,02 TWO FAMILY DWELLINGS,1,4658,31,,B2,99 ACORN STREET,,10306,2,0,2,"6,750","1,304",1955,1,B2,"970,000",10/16/2025
5,OAKWOOD,05 TAX CLASS 1 VACANT LAND,1B,4658,57,,V0,17 CHAMPLAIN AVENUE,,10306,0,0,0,"8,400",0,,1,V0,"730,000",12/12/2025
5,OAKWOOD,07 RENTALS - WALKUP APARTMENTS,2A,4657,41,,C3,1915 SOUTH RAILROAD AVE,,10306,4,0,4,"7,100","3,456",1965,2,C3,"1,300,000",06/16/2025
5,OAKWOOD,32 HOSPITAL AND HEALTH FACILITIES,4,4301,31,,I5,2971 HYLAN BOULEVARD,,10306,2,1,3,"5,000","4,500",1990,4,I5,"1,530,000",10/30/2025
5,OAKWOOD-BEACH,01 ONE FAMILY DWELLINGS,1,4007,31,,A2,477 OAK AVENUE,,10306,1,0,1,"8,900","1,248",1960,1,A2,0,02/21/2026
5,OAKWOOD-BEACH,01 ONE FAMILY DWELLINGS,1,4007,80,,A2,626 TYSENS LANE,,10306,1,0,1,"3,822","1,008",1960,1,A2,0,11/18/2025
5,OAKWOOD-BEACH,01 ONE FAMILY DWELLINGS,1,4007,124,,A2,349 MILL ROAD,,10306,1,0,1,"5,080",960,1960,1,A2,"650,000",02/25/2026
5,OAKWOOD-BEACH,01 ONE FAMILY DWELLINGS,1,4015,14,,S1,2936 HYLAN BLVD,,10306,1,1,2,"2,596","2,692",1997,1,S1,"990,000",09/05/2025
5,OAKWOOD-BEACH,01 ONE FAMILY DWELLINGS,1,4016,8,,A2,315 ISABELLA AVENUE,,10306,1,0,1,"5,500",920,1960,1,A2,0,09/29/2025
5,OAKWOOD-BEACH,01 ONE FAMILY DWELLINGS,1,4017,1,,A1,525 FALCON AVENUE,,10306,1,0,1,"4,506","3,285",2008,1,A1,"1,160,000",07/31/2025
5,OAKWOOD-BEACH,01 ONE FAMILY DWELLINGS,1,4021,20,,A2,504 FALCON AVENUE,,10306,1,0,1,"5,200",947,1950,1,A2,"739,000",01/29/2026
5,OAKWOOD-BEACH,01 ONE FAMILY DWELLINGS,1,4023,32,,A5,407 RIGA STREET,,10306,1,0,1,"1,400","1,200",2003,1,A5,"680,000",12/17/2025
5,OAKWOOD-BEACH,01 ONE FAMILY DWELLINGS,1,4025,5,,A5,453 MILL ROAD,,10306,1,0,1,"3,230","1,104",1975,1,A5,"775,000",12/30/2025
5,OAKWOOD-BEACH,01 ONE FAMILY DWELLINGS,1,4027,12,,A5,454 LYNN STREET,,10306,1,0,1,"2,500","1,040",1970,1,A5,0,06/16/2025
5,OAKWOOD-BEACH,01 ONE FAMILY DWELLINGS,1,4028,17,,A1,442 AMHERST AVENUE,,10306,1,0,1,"5,000","2,064",1935,1,A1,0,06/24/2025
5,OAKWOOD-BEACH,01 ONE FAMILY DWELLINGS,1,4673,16,,A5,491 MEDINA STREET,,10306,1,0,1,"1,400","1,816",1996,1,A5,0,07/07/2025
5,OAKWOOD-BEACH,01 ONE FAMILY DWELLINGS,1,4673,17,,A5,493 MEDINA STREET,,10306,1,0,1,"1,400","1,816",1996,1,A5,0,02/05/2026
5,OAKWOOD-BEACH,01 ONE FAMILY DWELLINGS,1,4673,21,,A5,499 MEDINA STREET,,10306,1,0,1,"1,400","1,816",1996,1,A5,"710,000",01/28/2026
5,OAKWOOD-BEACH,01 ONE FAMILY DWELLINGS,1,4674,5,,A5,491 TARRYTOWN AVENUE,,10306,1,0,1,"6,500","1,120",1996,1,A5,"630,000",12/02/2025
5,OAKWOOD-BEACH,01 ONE FAMILY DWELLINGS,1,4679,41,,A5,480 RIGA STREET,,10306,1,0,1,"2,448","1,350",2001,1,A5,"763,000",05/14/2025
5,OAKWOOD-BEACH,01 ONE FAMILY DWELLINGS,1,4679,42,,A5,476 RIGA STREET,,10306,1,0,1,"2,142","1,260",2001,1,A5,"765,000",08/04/2025
5,OAKWOOD-BEACH,01 ONE FAMILY DWELLINGS,1,4681,8,,A5,376 ADELAIDE AVENUE,,10306,1,0,1,"2,400","1,870",1989,1,A5,"760,000",08/25/2025
5,OAKWOOD-BEACH,01 ONE FAMILY DWELLINGS,1,4682,11,,A5,521 AMHERST AVENUE,,10306,1,0,1,"2,500","1,216",1975,1,A5,0,06/20/2025
5,OAKWOOD-BEACH,01 ONE FAMILY DWELLINGS,1,4683,3,,A2,402 ADELAIDE AVENUE,,10306,1,0,1,"4,000","1,092",1960,1,A2,"667,000",11/12/2025
5,OAKWOOD-BEACH,01 ONE FAMILY DWELLINGS,1,4684,6,,A2,545 MILL ROAD,,10306,1,0,1,"3,720","2,000",1966,1,A2,0,05/14/2025
5,OAKWOOD-BEACH,01 ONE FAMILY DWELLINGS,1,4718,10,,A2,269 CHESTERTON AVENUE,,10306,1,0,1,"4,000","1,000",1960,1,A2,"835,000",11/19/2025
5,OAKWOOD-BEACH,01 ONE FAMILY DWELLINGS,1,4718,38,,A2,276 FAIRBANKS AVENUE,,10306,1,0,1,"4,000","1,000",1960,1,A2,"700,000",12/19/2025
5,OAKWOOD-BEACH,01 ONE FAMILY DWELLINGS,1,4718,64,,A2,293 CHESTERTON AVENUE,,10306,1,0,1,"3,900",960,1960,1,A2,"755,000",07/01/2025
5,OAKWOOD-BEACH,01 ONE FAMILY DWELLINGS,1,4722,54,,A5,326 CHESTERTON AVENUE,,10306,1,0,1,"2,520","1,296",1960,1,A5,"678,000",10/20/2025
5,OAKWOOD-BEACH,01 ONE FAMILY DWELLINGS,1,4722,61,,A5,344 CHESTERTON AVENUE,,10306,1,0,1,"2,544","1,296",1960,1,A5,0,01/13/2026
5,OAKWOOD-BEACH,01 ONE FAMILY DWELLINGS,1,4723,30,,A5,320 FAIRBANKS AVENUE,,10306,1,0,1,"2,300","1,152",1970,1,A5,"660,000",10/14/2025
5,OAKWOOD-BEACH,01 ONE FAMILY DWELLINGS,1,4723,46,,A5,362 FAIRBANKS AVENUE,,10306,1,0,1,"2,300","1,152",1970,1,A5,0,01/13/2026
5,OAKWOOD-BEACH,01 ONE FAMILY DWELLINGS,1,4724,30,,A5,390 MONTREAL AVENUE,,10306,1,0,1,"2,500","1,408",1978,1,A5,"675,000",01/21/2026
5,OAKWOOD-BEACH,01 ONE FAMILY DWELLINGS,1,4725,1,,A5,429 MONTREAL AVENUE,,10306,1,0,1,"3,150","1,200",1970,1,A5,0,06/19/2025
5,OAKWOOD-BEACH,01 ONE FAMILY DWELLINGS,1,4792,39,,A6,138 FOX BEACH AVENUE,,10306,1,0,1,"1,550",800,1930,1,A6,"422,163",02/19/2026
5,OAKWOOD-BEACH,02 TWO FAMILY DWELLINGS,1,4000,12,,B2,405 OAK AVENUE,,10306,2,0,2,"7,231","1,632",1970,1,B2,"1,300,000",07/28/2025
5,OAKWOOD-BEACH,02 TWO FAMILY DWELLINGS,1,4000,32,,B9,363 OAK AVENUE,,10306,2,0,2,"2,714","1,482",1999,1,B9,0,08/06/2025
5,OAKWOOD-BEACH,02 TWO FAMILY DWELLINGS,1,4028,35,,B9,451 RIGA ST,,10306,2,0,2,"4,000","2,468",1983,1,B9,0,11/19/2025
5,OAKWOOD-BEACH,02 TWO FAMILY DWELLINGS,1,4028,43,,B9,459 RIGA STREET,,10306,2,0,2,"4,000","2,468",1983,1,B9,"1,095,000",07/28/2025
5,OAKWOOD-BEACH,02 TWO FAMILY DWELLINGS,1,4676,43,,B2,377 ADELAIDE AVENUE,,10306,2,0,2,"3,935","2,392",1960,1,B2,0,09/23/2025
5,OAKWOOD-BEACH,02 TWO FAMILY DWELLINGS,1,4682,1,,B2,382 ADELAIDE AVENUE,,10306,2,0,2,"4,000","2,400",1960,1,B2,"950,000",05/07/2025
5,OAKWOOD-BEACH,02 TWO FAMILY DWELLINGS,1,4684,12,,B2,555 MILL ROAD,,10306,2,0,2,"4,360","3,218",1982,1,B2,0,05/19/2025
5,OAKWOOD-BEACH,02 TWO FAMILY DWELLINGS,1,4684,12,,B2,555 MILL ROAD,,10306,2,0,2,"4,360","3,218",1982,1,B2,0,07/24/2025
5,OAKWOOD-BEACH,02 TWO FAMILY DWELLINGS,1,4720,40,,B2,178 MALONE AVENUE,,10306,2,0,2,"4,500","2,133",1969,1,B2,0,09/03/2025
5,OAKWOOD-BEACH,02 TWO FAMILY DWELLINGS,1,4726,4,,B2,215 MALONE AVENUE,,10306,2,0,2,"4,400","2,136",1970,1,B2,0,08/11/2025
5,OAKWOOD-BEACH,02 TWO FAMILY DWELLINGS,1,4726,18,,B2,570 PENDALE,,10306,2,0,2,"4,100","2,264",1975,1,B2,0,10/16/2025
5,OAKWOOD-BEACH,02 TWO FAMILY DWELLINGS,1,4726,18,,B2,570 PENDALE STREET,,10306,2,0,2,"4,100","2,264",1975,1,B2,0,10/21/2025
5,OAKWOOD-BEACH,02 TWO FAMILY DWELLINGS,1,4728,24,,B2,72 GRAYSON STREET,,10306,2,0,2,"4,326","1,936",1970,1,B2,0,10/06/2025
5,OAKWOOD-BEACH,02 TWO FAMILY DWELLINGS,1,4728,40,,B2,44 GRAYSON STREET,,10306,2,0,2,"4,600","1,936",1970,1,B2,"1,085,000",07/31/2025
5,OAKWOOD-BEACH,02 TWO FAMILY DWELLINGS,1,4728,101,,B2,88 BROOK AVENUE,,10306,2,0,2,"4,674","2,488",1970,1,B2,0,08/21/2025
5,OAKWOOD-BEACH,02 TWO FAMILY DWELLINGS,1,4728,118,,B2,118 BROOK AVENUE,,10306,2,0,2,"6,784","2,544",1970,1,B2,0,05/06/2025
5,OAKWOOD-BEACH,05 TAX CLASS 1 VACANT LAND,1B,4728,133,,V0,N/A BROOK AVENUE,,10306,0,0,0,"2,781",0,,1,V0,0,10/06/2025
5,OAKWOOD-BEACH,05 TAX CLASS 1 VACANT LAND,1B,4728,135,,V0,N/A BROOK AVENUE,,10306,0,0,0,"2,683",0,,1,V0,0,10/06/2025
5,PLEASANT PLAINS,01 ONE FAMILY DWELLINGS,1,6765,88,,A3,70 BAYSIDE LANE,,10309,1,0,1,"8,761","3,150",2012,1,A3,"1,469,000",08/21/2025
5,PLEASANT PLAINS,01 ONE FAMILY DWELLINGS,1,6775,228,,S1,341 SHARROTT AVENUE,,10309,1,1,2,"9,480",960,1960,1,S1,"650,000",10/07/2025
5,PLEASANT PLAINS,01 ONE FAMILY DWELLINGS,1,6788,52,,A3,55 VAIL AVENUE,,10309,1,0,1,"11,700","4,358",2015,1,A3,"1,800,000",04/22/2025
5,PLEASANT PLAINS,01 ONE FAMILY DWELLINGS,1B,6789,28,,V0,152 WOODVALE AVENUE,,10309,0,0,0,"5,225",0,1970,1,A2,"1,050,000",07/21/2025
5,PLEASANT PLAINS,01 ONE FAMILY DWELLINGS,1,6789,149,,A1,103 ELDER AVE,,10309,1,0,1,"4,500","1,888",1965,1,A1,"840,000",10/31/2025
5,PLEASANT PLAINS,01 ONE FAMILY DWELLINGS,1,6796,133,,A2,52 CORDELIA AVENUE,,10309,1,0,1,"4,485","1,204",1965,1,A2,"704,000",10/20/2025
5,PLEASANT PLAINS,01 ONE FAMILY DWELLINGS,1,6805,18,,A1,77 SOUTH GOFF AVENUE,,10309,1,0,1,"24,693","1,904",1950,1,A1,"999,999",08/27/2025
5,PLEASANT PLAINS,01 ONE FAMILY DWELLINGS,1,6805,50,,A2,25 FICARELLE DRIVE,,10309,1,0,1,"10,062",688,1945,1,A2,"795,000",04/25/2025
5,PLEASANT PLAINS,01 ONE FAMILY DWELLINGS,1,6810,8,,A2,6218 AMBOY ROAD,,10309,1,0,1,"5,840","1,200",1960,1,A2,"497,500",08/14/2025
5,PLEASANT PLAINS,01 ONE FAMILY DWELLINGS,1,7420,83,,A2,45 OUTERBRIDGE AVENUE,,10309,1,0,1,"6,050",715,1950,1,A2,"665,000",10/14/2025
5,PLEASANT PLAINS,01 ONE FAMILY DWELLINGS,1,7495,10,,A1,15 PLEASANT PLAINS AVE,,10309,1,0,1,"12,825","1,427",1899,1,A1,"999,000",12/01/2025
5,PLEASANT PLAINS,01 ONE FAMILY DWELLINGS,1,7495,60,,A2,20 OUTERBRIDGE AVENUE,,10309,1,0,1,"5,700","1,300",1950,1,A2,"800,000",08/07/2025
5,PLEASANT PLAINS,01 ONE FAMILY DWELLINGS,1,7498,28,,A3,35 GAYNOR STREET,,10309,1,0,1,"13,833","3,100",1990,1,A3,0,11/18/2025
5,PLEASANT PLAINS,01 ONE FAMILY DWELLINGS,1,7499,45,,A3,2154 SOUTH SERVICE ROAD,,10309,1,0,1,"8,225","3,441",1985,1,A3,"999,999",10/24/2025
5,PLEASANT PLAINS,01 ONE FAMILY DWELLINGS,1,7533,83,,A1,108 PLEASANT PLAINS AVE,,10309,1,0,1,"11,125","2,527",1915,1,A1,"1,500,000",05/06/2025
5,PLEASANT PLAINS,01 ONE FAMILY DWELLINGS,1,7534,156,,A5,26 STATION AVENUE,,10309,1,0,1,"2,938","1,632",2003,1,A5,"820,000",01/28/2026
5,PLEASANT PLAINS,01 ONE FAMILY DWELLINGS,1,7534,297,,A3,35 EMERALD COURT,,10309,1,0,1,"9,806","4,800",2000,1,A3,10,10/07/2025
5,PLEASANT PLAINS,01 ONE FAMILY DWELLINGS,1,7534,384,,A1,19 SAVO LOOP,,10309,1,0,1,"4,085","2,500",1997,1,A1,0,07/20/2025
5,PLEASANT PLAINS,01 ONE FAMILY DWELLINGS,1,7534,390,,A1,31 SAVO LOOP,,10309,1,0,1,"4,085","2,500",1997,1,A1,"1,070,000",10/24/2025
5,PLEASANT PLAINS,01 ONE FAMILY DWELLINGS,1,7702,126,,A5,92 SHARROTT AVENUE,,10309,1,0,1,"2,640","1,340",2002,1,A5,"161,500",01/15/2026
5,PLEASANT PLAINS,01 ONE FAMILY DWELLINGS,1,7702,127,,A5,94 SHARROTT AVENUE,,10309,1,0,1,"1,280","1,340",2002,1,A5,"637,500",01/22/2026
5,PLEASANT PLAINS,01 ONE FAMILY DWELLINGS,1,7702,146,,A2,25 GILBERT PLACE,,10309,1,0,1,"6,900",790,1940,1,A2,"670,000",09/09/2025
5,PLEASANT PLAINS,01 ONE FAMILY DWELLINGS,1,7702,301,,A5,14 PENTON STREET,,10309,1,0,1,"1,504","1,440",2004,1,A5,0,09/11/2025
5,PLEASANT PLAINS,01 ONE FAMILY DWELLINGS,1,7702,302,,A5,10 PENTON STREET,,10309,1,0,1,"1,080","1,440",2004,1,A5,"385,000",06/15/2025
5,PLEASANT PLAINS,01 ONE FAMILY DWELLINGS,1,7702,350,,A5,32 CRANBERRY COURT,,10309,1,0,1,"2,139","1,850",2002,1,A5,0,12/12/2025
5,PLEASANT PLAINS,01 ONE FAMILY DWELLINGS,1,7740,2,,A5,260 RICHARD AVENUE,,10309,1,0,1,"2,500","1,230",1960,1,A5,"689,000",07/16/2025
5,PLEASANT PLAINS,01 ONE FAMILY DWELLINGS,1,7740,20,,A0,300 RICHARD AVENUE,,10309,1,0,1,"5,400","1,043",1960,1,A0,0,10/07/2025
5,PLEASANT PLAINS,01 ONE FAMILY DWELLINGS,1,7740,51,,A1,366 RICHARD AVENUE,,10309,1,0,1,"5,500","3,000",1950,1,A1,"1,260,000",11/03/2025
5,PLEASANT PLAINS,01 ONE FAMILY DWELLINGS,1,7741,6,,A0,373 RICHARD AVENUE,,10309,1,0,1,"5,500","1,008",1950,1,A0,"640,000",09/12/2025
5,PLEASANT PLAINS,01 ONE FAMILY DWELLINGS,1,7756,64,,A5,169 CAMDEN AVENUE,,10309,1,0,1,"2,500","1,350",2001,1,A5,"799,999",04/30/2025
5,PLEASANT PLAINS,02 TWO FAMILY DWELLINGS,1,6775,251,,B2,50 SHERWOOD AVENUE,,10309,2,0,2,"20,800","6,120",1989,1,B2,"1,100,000",04/01/2025
5,PLEASANT PLAINS,02 TWO FAMILY DWELLINGS,1,6787,74,,B2,55 CAROLYN COURT,,10309,2,0,2,"25,900","4,000",2000,1,B2,0,12/12/2025
5,PLEASANT PLAINS,02 TWO FAMILY DWELLINGS,1,6788,23,,B2,20 STEVENSON PLACE,,10309,2,0,2,"8,250","2,500",1987,1,B2,"400,000",10/06/2025
5,PLEASANT PLAINS,02 TWO FAMILY DWELLINGS,1,6793,5,,B2,235 SHARROTT AVENUE,,10309,2,0,2,"4,800","2,200",2000,1,B2,"1,125,000",05/28/2025
5,PLEASANT PLAINS,02 TWO FAMILY DWELLINGS,1,6793,25,,B2,30 KENNETH PLACE,,10309,2,0,2,"6,000","3,088",2004,1,B2,"1,190,000",05/27/2025
5,PLEASANT PLAINS,02 TWO FAMILY DWELLINGS,1,7495,32,,B2,149 DUNHAM STREET,,10309,2,0,2,"5,754","3,261",2017,1,B2,"1,100,000",11/05/2025
5,PLEASANT PLAINS,02 TWO FAMILY DWELLINGS,1,7499,20,,B2,11 STALIE COURT,,10309,2,0,2,"6,709","2,829",2011,1,B2,0,11/10/2025
5,PLEASANT PLAINS,02 TWO FAMILY DWELLINGS,1,7533,64,,B2,125 STATION AVENUE,,10309,2,0,2,"2,725","1,350",2002,1,B2,0,06/19/2025
5,PLEASANT PLAINS,02 TWO FAMILY DWELLINGS,1,7534,320,,B2,36 SAVONA CT,,10309,2,0,2,"7,117","3,503",2018,1,B2,"1,500,000",01/09/2026
5,PLEASANT PLAINS,02 TWO FAMILY DWELLINGS,1,7534,394,,B2,39 SAVO LOOP,,10309,2,0,2,"4,155","1,750",1997,1,B2,0,04/22/2025
5,PLEASANT PLAINS,02 TWO FAMILY DWELLINGS,1,7534,399,,B2,47 SAVO LOOP,,10309,2,0,2,"4,100","1,780",1997,1,B2,0,09/10/2025
5,PLEASANT PLAINS,02 TWO FAMILY DWELLINGS,1,7534,403,,B2,103 SAVO LOOP,,10309,2,0,2,"4,000","2,250",1998,1,B2,"985,000",09/26/2025
5,PLEASANT PLAINS,02 TWO FAMILY DWELLINGS,1,7664,320,,B2,80 BEDELL STREET,,10309,2,0,2,"5,428","2,700",2002,1,B2,0,08/22/2025
5,PLEASANT PLAINS,02 TWO FAMILY DWELLINGS,1,7664,320,,B2,80 BEDELL STREET,,10309,2,0,2,"5,428","2,700",2002,1,B2,0,02/20/2026
5,PLEASANT PLAINS,02 TWO FAMILY DWELLINGS,1,7756,5,,B2,615 PAGE AVENUE,,10307,2,0,2,"5,340","2,560",1998,1,B2,"608,000",05/01/2025
5,PLEASANT PLAINS,03 THREE FAMILY DWELLINGS,1,6796,121,,C0,20 CORDELIA AVENUE,,10309,3,0,3,"19,125","8,800",1992,1,C0,"2,929,000",02/13/2026
5,PLEASANT PLAINS,05 TAX CLASS 1 VACANT LAND,1B,7496,46,,V0,N/A DUNHAM STREET,,10309,0,0,0,"8,680",0,,1,V0,"418,275",09/03/2025
5,PLEASANT PLAINS,05 TAX CLASS 1 VACANT LAND,1B,7499,43,,V0,N/A PLEASANT PLAINS AVE,,10309,0,0,0,"8,656",0,,1,V0,"330,000",07/31/2025
5,PLEASANT PLAINS,05 TAX CLASS 1 VACANT LAND,1B,7710,300,,V0,488 BUTLER BOULEVARD,,10309,0,0,0,"7,483",0,2025,1,V0,"720,000",05/01/2025
5,PLEASANT PLAINS,06 TAX CLASS 1 - OTHER,1,7497,26,,G0,16 HALLISTER STREET,,10309,0,0,0,"5,756",0,,1,G0,"500,000",11/26/2025
5,PORT IVORY,01 ONE FAMILY DWELLINGS,1,1263,76,,A1,10 SOUTH AVENUE,,10303,1,0,1,"5,800","1,672",1899,1,A1,"525,000",02/13/2026
5,PORT IVORY,01 ONE FAMILY DWELLINGS,1,1263,162,,A2,154 SOUTH AVENUE,,10303,1,0,1,"2,500",648,1925,1,A2,"470,000",12/02/2025
5,PORT IVORY,01 ONE FAMILY DWELLINGS,1,1264,10,,A1,100 ARLINGTON AVENUE,,10303,1,0,1,"3,625","1,273",1920,1,A1,"470,000",08/06/2025
5,PORT IVORY,01 ONE FAMILY DWELLINGS,1,1264,100,,A2,76 ARLINGTON AVENUE,,10303,1,0,1,"3,045",765,1940,1,A2,"405,000",07/23/2025
5,PORT IVORY,01 ONE FAMILY DWELLINGS,1,1267,62,,A5,133 NORTHFIELD AVENUE,,10303,1,0,1,"1,805","1,008",1992,1,A5,"460,000",06/24/2025
5,PORT IVORY,01 ONE FAMILY DWELLINGS,1,1267,64,,A5,4 BENJAMIN PLACE,,10303,1,0,1,"2,223","1,008",1992,1,A5,"485,000",10/03/2025
5,PORT IVORY,01 ONE FAMILY DWELLINGS,1,1272,77,,A5,15 FEDERAL PLACE,,10303,1,0,1,"1,433","1,984",2010,1,A5,"490,000",05/13/2025
5,PORT IVORY,01 ONE FAMILY DWELLINGS,1,1272,282,,A2,28 MARTINEAU STREET,,10303,1,0,1,"3,000",855,1930,1,A2,"360,000",06/13/2025
5,PORT IVORY,01 ONE FAMILY DWELLINGS,1,1277,235,,A5,22 BENJAMIN PLACE,,10303,1,0,1,"1,800","1,770",1993,1,A5,0,05/12/2025
5,PORT IVORY,01 ONE FAMILY DWELLINGS,1,1318,203,,A1,136 HOLLAND AVENUE,,10303,1,0,1,"2,288","1,518",2007,1,A1,"580,403",12/23/2025
5,PORT IVORY,01 ONE FAMILY DWELLINGS,1,1318,214,,A5,158 HOLLAND AVENUE,,10303,1,0,1,"2,002","1,204",2004,1,A5,"440,000",02/09/2026
5,PORT IVORY,02 TWO FAMILY DWELLINGS,1,1263,13,,B3,89 ARLINGTON AVENUE,,10303,2,0,2,"7,250","1,784",1901,1,B3,0,04/22/2025
5,PORT IVORY,02 TWO FAMILY DWELLINGS,1,1263,121,,B9,88 SOUTH AVENUE,,10303,2,0,2,"3,300","1,170",2004,1,B9,"494,999",04/15/2025
5,PORT IVORY,02 TWO FAMILY DWELLINGS,1,1266,45,,B9,86 ARLINGTON PLACE,,10303,2,0,2,"2,700","1,320",2004,1,B9,0,09/06/2025
5,PORT IVORY,02 TWO FAMILY DWELLINGS,1,1272,49,,B9,17 HOLLAND AVENUE,,10303,2,0,2,"1,575","2,400",1901,1,B9,"540,000",12/05/2025
5,PORT IVORY,02 TWO FAMILY DWELLINGS,1,1272,291,,B9,10 MARTINEAU STREET,,10303,2,0,2,"2,500","1,770",2004,1,B9,0,04/14/2025
5,PORT IVORY,02 TWO FAMILY DWELLINGS,1,1272,291,,B9,10 MARTINEAU STREET,,10303,2,0,2,"2,500","1,770",2004,1,B9,"632,000",04/02/2025
5,PORT IVORY,02 TWO FAMILY DWELLINGS,1,1277,263,,B3,100 MACORMAC PLACE,,10303,2,0,2,"3,400","1,368",1910,1,B3,"250,000",01/26/2026
5,PORT IVORY,04 TAX CLASS 1 CONDOS,1A,1278,1008,,R3,"38A POND WAY, 38A",38A,10303,1,,1,,,1988,1,R3,"237,000",09/17/2025
5,PORT IVORY,04 TAX CLASS 1 CONDOS,1A,1278,1034,,R3,"84A POND WAY, 84A",84A,10303,1,,1,,,1988,1,R3,"265,000",09/29/2025
5,PORT IVORY,04 TAX CLASS 1 CONDOS,1A,1278,1155,,R3,"181B POND WAY, 181B",181B,10303,1,,1,,,1988,1,R3,"443,000",07/28/2025
5,PORT IVORY,04 TAX CLASS 1 CONDOS,1A,1278,1157,,R3,"183B POND WAY, 183B",183B,10303,1,,1,,,1988,1,R3,"320,000",04/25/2025
5,PORT IVORY,04 TAX CLASS 1 CONDOS,1A,1278,1164,,R3,"189A POND WAY, 189A",189A,10303,1,,1,,,1988,1,R3,"160,000",09/11/2025
5,PORT IVORY,04 TAX CLASS 1 CONDOS,1A,1278,1164,,R3,"189A POND WAY, 189A",189A,10303,1,,1,,,1988,1,R3,"312,000",02/24/2026
5,PORT IVORY,04 TAX CLASS 1 CONDOS,1A,1278,1172,,R3,"221 POND WAY, 221",221,10303,1,,1,,,1988,1,R3,"440,000",09/10/2025
5,PORT IVORY,04 TAX CLASS 1 CONDOS,1A,1278,1173,,R3,"223B POND WAY, 223B",223B,10303,1,,1,,,1988,1,R3,0,07/01/2025
5,PORT IVORY,04 TAX CLASS 1 CONDOS,1A,1278,1173,,R3,"223B POND WAY, 223B",223B,10303,1,,1,,,1988,1,R3,0,08/18/2025
5,PORT IVORY,06 TAX CLASS 1 - OTHER,1,1264,23,,G0,76 NORTHFIELD AVENUE,,10303,0,0,0,"1,500",0,1932,1,G0,"405,000",07/23/2025
5,PORT IVORY,07 RENTALS - WALKUP APARTMENTS,2A,1318,204,,C2,138 HOLLAND AVENUE,,10303,5,0,5,"6,825","5,100",1931,2,C2,"1,175,000",05/13/2025
5,PORT IVORY,14 RENTALS - 4-10 UNIT,2A,1266,54,,S9,184 SOUTH AVENUE,,10303,2,2,4,"7,800","3,330",1950,2,S9,"900,000",02/25/2026
5,PORT IVORY,22 STORE BUILDINGS,4,1263,163,,K1,158 SOUTH AVENUE,,10303,0,1,1,"2,500","1,495",1931,4,K1,"435,000",01/05/2026
5,PORT IVORY,27 FACTORIES,4,1266,53,,F9,182 SOUTH AVENUE,,10303,1,2,3,"7,150","5,587",1931,4,F9,"300,000",02/25/2026
5,PORT IVORY,29 COMMERCIAL GARAGES,4,1290,8,,G2,2391 FOREST AVENUE,,10303,0,1,1,"9,337","8,671",1978,4,G2,0,06/04/2025
5,PORT IVORY,31 COMMERCIAL VACANT LAND,4,1290,7,,V1,N/A FOREST AVENUE,,10303,0,0,0,"9,880",0,,4,V1,0,02/11/2026
5,PORT IVORY,31 COMMERCIAL VACANT LAND,4,1717,140,,V1,N/A GOETHALS ROAD NORTH,,10303,0,0,0,"99,216",0,,4,V1,100,08/05/2025
5,PORT IVORY,41 TAX CLASS 4 - OTHER,4,1290,1,,Z9,2371 FOREST AVENUE,,10303,0,0,0,"11,100",0,,4,Z9,0,02/11/2026
5,PORT IVORY,41 TAX CLASS 4 - OTHER,4,1290,70,,Z9,90 NORTHFIELD AVENUE,,10303,0,0,0,"14,062",0,,4,Z9,0,02/11/2026
5,PORT RICHMOND,01 ONE FAMILY DWELLINGS,1,1005,17,,S1,88 ANN STREET,,10302,1,1,2,"1,500","1,900",1931,1,S1,"540,000",06/20/2025
5,PORT RICHMOND,01 ONE FAMILY DWELLINGS,1,1008,62,,A1,5 AVENUE B,,10302,1,0,1,"1,775","1,280",1930,1,A1,"332,085",05/06/2025
5,PORT RICHMOND,01 ONE FAMILY DWELLINGS,1,1008,62,,A1,5 AVENUE B,,10302,1,0,1,"1,775","1,280",1930,1,A1,"518,000",08/12/2025
5,PORT RICHMOND,01 ONE FAMILY DWELLINGS,1,1008,73,,A1,15 ANN STREET,,10302,1,0,1,"2,515","1,624",1940,1,A1,0,12/18/2025
5,PORT RICHMOND,01 ONE FAMILY DWELLINGS,1,1008,73,,A1,15 ANN STREET,,10302,1,0,1,"2,515","1,624",1940,1,A1,"483,000",05/22/2025
5,PORT RICHMOND,01 ONE FAMILY DWELLINGS,1,1009,22,,A1,8 AVENUE B,,10302,1,0,1,"2,784","1,300",1920,1,A1,0,02/02/2026
5,PORT RICHMOND,01 ONE FAMILY DWELLINGS,1,1009,24,,A1,35 BENNETT STREET,,10302,1,0,1,"2,168","1,600",2005,1,A1,"571,000",12/05/2025
5,PORT RICHMOND,01 ONE FAMILY DWELLINGS,1,1015,20,,A1,18 COTTAGE PLACE,,10302,1,0,1,"2,880","1,634",1910,1,A1,"380,000",11/17/2025
5,PORT RICHMOND,01 ONE FAMILY DWELLINGS,1,1016,14,,A1,4 VREELAND STREET,,10302,1,0,1,"2,500","1,564",1920,1,A1,"545,000",03/26/2026
5,PORT RICHMOND,01 ONE FAMILY DWELLINGS,1,1017,45,,A1,99 BOND STREET,,10302,1,0,1,"3,500","1,848",1915,1,A1,0,08/20/2025
5,PORT RICHMOND,01 ONE FAMILY DWELLINGS,1,1021,4,,A2,205 PARK AVENUE,,10302,1,0,1,"8,140","1,310",1960,1,A2,"408,545",04/22/2025
5,PORT RICHMOND,01 ONE FAMILY DWELLINGS,1,1022,9,,S1,125 PORT RICHMOND AVENUE,,10302,1,1,2,"1,751","2,080",1931,1,S1,"615,000",10/17/2025
5,PORT RICHMOND,01 ONE FAMILY DWELLINGS,1,1027,40,,A1,41 WASHINGTON PLACE,,10302,1,0,1,"3,888","1,176",1899,1,A1,0,10/07/2025
5,PORT RICHMOND,01 ONE FAMILY DWELLINGS,1,1029,26,,A1,53 PALMER AVENUE,,10302,1,0,1,"2,500","1,340",1940,1,A1,"612,500",07/15/2025
5,PORT RICHMOND,01 ONE FAMILY DWELLINGS,1,1029,46,,A1,938 POST AVENUE,,10302,1,0,1,"2,500","1,536",1940,1,A1,"608,000",10/24/2025
5,PORT RICHMOND,01 ONE FAMILY DWELLINGS,1,1030,65,,A1,1456 CASTLETON AVENUE,,10302,1,0,1,"4,228","1,359",1930,1,A1,"560,000",08/29/2025
5,PORT RICHMOND,01 ONE FAMILY DWELLINGS,1,1031,18,,A1,293 HEBERTON AVENUE,,10302,1,0,1,"6,431","4,331",1920,1,A1,0,08/12/2025
5,PORT RICHMOND,01 ONE FAMILY DWELLINGS,1,1032,39,,A1,18 ALBION PLACE,,10302,1,0,1,"5,599","1,870",1910,1,A1,"710,000",04/03/2025
5,PORT RICHMOND,01 ONE FAMILY DWELLINGS,1,1039,75,,A5,278A JEWETT AVENUE,,10302,1,0,1,"1,573","1,200",2003,1,A5,0,08/10/2025
5,PORT RICHMOND,01 ONE FAMILY DWELLINGS,1,1039,124,,A5,23 BACHE STREET,,10302,1,0,1,"2,725","1,176",1970,1,A5,"50,000",09/05/2025
5,PORT RICHMOND,01 ONE FAMILY DWELLINGS,1,1040,21,,A1,25 LEXINGTON AVENUE,,10302,1,0,1,"2,500","1,296",1915,1,A1,"475,000",02/20/2026
5,PORT RICHMOND,01 ONE FAMILY DWELLINGS,1,1040,39,,A1,40 CORTLANDT STREET,,10302,1,0,1,"2,500","1,568",1915,1,A1,"590,000",09/30/2025
5,PORT RICHMOND,01 ONE FAMILY DWELLINGS,1,1042,150,,A1,155 CORTLANDT STREET,,10302,1,0,1,"3,742","1,192",1920,1,A1,"675,000",11/20/2025
5,PORT RICHMOND,01 ONE FAMILY DWELLINGS,1,1043,22,,A1,129 DECKER AVENUE,,10302,1,0,1,"8,250","1,764",1920,1,A1,0,08/20/2025
5,PORT RICHMOND,01 ONE FAMILY DWELLINGS,1,1043,25,,A1,125 DECKER AVENUE,,10302,1,0,1,"5,349","1,532",1920,1,A1,"650,000",12/15/2025
5,PORT RICHMOND,01 ONE FAMILY DWELLINGS,1,1043,94,,A1,26 LEXINGTON AVENUE,,10302,1,0,1,"2,500","1,284",1930,1,A1,0,07/16/2025
5,PORT RICHMOND,01 ONE FAMILY DWELLINGS,1,1043,95,,A1,28 LEXINGTON AVENUE,,10302,1,0,1,"2,500","1,248",1930,1,A1,"548,500",01/20/2026
5,PORT RICHMOND,01 ONE FAMILY DWELLINGS,1,1043,136,,A1,118 LEXINGTON AVENUE,,10302,1,0,1,"2,800","1,240",1920,1,A1,0,12/16/2025
5,PORT RICHMOND,01 ONE FAMILY DWELLINGS,1,1043,152,,A2,103 CATHERINE STREET,,10302,1,0,1,"3,209",940,1950,1,A2,0,08/28/2025
5,PORT RICHMOND,01 ONE FAMILY DWELLINGS,1,1043,154,,A1,105 CATHERINE STREET,,10302,1,0,1,"4,550","1,188",1920,1,A1,0,08/13/2025
5,PORT RICHMOND,01 ONE FAMILY DWELLINGS,1,1044,24,,A1,471 HEBERTON AVENUE,,10302,1,0,1,"2,575","1,264",1925,1,A1,"438,000",08/19/2025
5,PORT RICHMOND,01 ONE FAMILY DWELLINGS,1,1044,153,,A1,154 DECKER AVENUE,,10302,1,0,1,"4,096","1,142",1925,1,A1,"740,000",09/11/2025
5,PORT RICHMOND,01 ONE FAMILY DWELLINGS,1,1047,18,,A1,48 CLINTON PLACE,,10302,1,0,1,"4,490","1,532",1910,1,A1,0,06/13/2025
5,PORT RICHMOND,01 ONE FAMILY DWELLINGS,1,1048,37,,A1,12 HOMESTEAD AVENUE,,10302,1,0,1,"3,200","1,168",1935,1,A1,0,07/31/2025
5,PORT RICHMOND,01 ONE FAMILY DWELLINGS,1,1050,48,,A1,49 CORNELL STREET,,10302,1,0,1,"2,835",960,1925,1,A1,"550,000",12/30/2025
5,PORT RICHMOND,01 ONE FAMILY DWELLINGS,1,1053,30,,A1,263 DECKER AVENUE,,10302,1,0,1,"2,500","1,024",1920,1,A1,"575,000",10/16/2025
5,PORT RICHMOND,01 ONE FAMILY DWELLINGS,1,1054,7,,A9,21 MONTELL STREET,,10302,1,0,1,"2,700","1,059",1930,1,A9,"535,000",09/04/2025
5,PORT RICHMOND,01 ONE FAMILY DWELLINGS,1,1054,21,,A9,47 MONTELL STREET,,10302,1,0,1,"3,200","1,074",1930,1,A9,"360,000",07/21/2025
5,PORT RICHMOND,01 ONE FAMILY DWELLINGS,1,1054,21,,A9,47 MONTELL STREET,,10302,1,0,1,"3,200","1,074",1930,1,A9,"615,000",01/23/2026
5,PORT RICHMOND,01 ONE FAMILY DWELLINGS,1,1055,31,,A1,58 MONTELL STREET,,10302,1,0,1,"2,800","1,104",1925,1,A1,"640,000",05/08/2025
5,PORT RICHMOND,01 ONE FAMILY DWELLINGS,1,1056,20,,S1,535 PORT RICHMOND AVENUE,,10302,1,1,2,"3,042","2,500",2001,1,S1,0,08/11/2025
5,PORT RICHMOND,01 ONE FAMILY DWELLINGS,1,1056,44,,A2,206 CATHERINE STREET,,10302,1,0,1,"4,000",984,1955,1,A2,0,01/29/2026
5,PORT RICHMOND,01 ONE FAMILY DWELLINGS,1,1057,22,,A9,59 TABB PLACE,,10302,1,0,1,"3,743","1,404",1935,1,A9,"696,900",06/17/2025
5,PORT RICHMOND,01 ONE FAMILY DWELLINGS,1,1061,1,,A1,127 HAGAMAN PLACE,,10302,1,0,1,"3,939","1,556",1920,1,A1,0,01/14/2026
5,PORT RICHMOND,01 ONE FAMILY DWELLINGS,1,1061,9,,A1,137 HAGAMAN PLACE,,10302,1,0,1,"3,742","1,080",1920,1,A1,"630,000",08/18/2025
5,PORT RICHMOND,01 ONE FAMILY DWELLINGS,1,1061,51,,A1,52 SEYMOUR AVENUE,,10302,1,0,1,"2,500",944,1975,1,A1,0,08/20/2025
5,PORT RICHMOND,01 ONE FAMILY DWELLINGS,1,1061,70,,A1,24 ORANGE AVENUE,,10302,1,0,1,"2,800","1,080",1950,1,A1,0,01/14/2026
5,PORT RICHMOND,01 ONE FAMILY DWELLINGS,1,1064,38,,A1,166 HAGAMAN PLACE,,10302,1,0,1,"3,000","1,152",1940,1,A1,0,02/19/2026
5,PORT RICHMOND,01 ONE FAMILY DWELLINGS,1,1065,110,,A1,360 DECKER AVENUE,,10302,1,0,1,"6,125","1,148",1950,1,A1,0,09/24/2025
5,PORT RICHMOND,01 ONE FAMILY DWELLINGS,1,1065,110,,A1,360 DECKER AVENUE,,10302,1,0,1,"6,125","1,148",1950,1,A1,"689,000",07/29/2025
5,PORT RICHMOND,01 ONE FAMILY DWELLINGS,1,1065,143,,A5,33 RUMPLER COURT,,10302,1,0,1,"1,824","1,750",2005,1,A5,0,05/01/2025
5,PORT RICHMOND,01 ONE FAMILY DWELLINGS,1,1075,2,,A5,17 SHARPE AVENUE,,10302,1,0,1,"1,938",884,1920,1,A5,"300,000",06/20/2025
5,PORT RICHMOND,01 ONE FAMILY DWELLINGS,1,1080,33,,S1,208 PORT RICHMOND AVENUE,,10302,1,1,2,"3,375","2,700",1931,1,S1,"800,000",08/07/2025
5,PORT RICHMOND,01 ONE FAMILY DWELLINGS,1,1084,34,,A1,75 TREADWELL AVENUE,,10302,1,0,1,"3,774","1,352",1899,1,A1,0,07/13/2025
5,PORT RICHMOND,01 ONE FAMILY DWELLINGS,1,1092,56,,A1,266 SHARPE AVENUE,,10302,1,0,1,"3,742","1,928",1920,1,A1,0,09/02/2025
5,PORT RICHMOND,01 ONE FAMILY DWELLINGS,1,1098,23,,A2,16 CRITTENDEN PL,,10302,1,0,1,"7,752",960,1960,1,A2,0,08/20/2025
5,PORT RICHMOND,01 ONE FAMILY DWELLINGS,1,1099,13,,A1,151 CLINTON PLACE,,10302,1,0,1,"3,563","1,360",1920,1,A1,"440,000",05/30/2025
5,PORT RICHMOND,01 ONE FAMILY DWELLINGS,1,1102,39,,A1,11 LAFORGE AVENUE,,10302,1,0,1,"2,500","1,165",1905,1,A1,"375,000",10/06/2025
5,PORT RICHMOND,01 ONE FAMILY DWELLINGS,1,1102,40,,A1,13 LAFORGE AVENUE,,10302,1,0,1,"2,500","1,376",1905,1,A1,"450,000",09/22/2025
5,PORT RICHMOND,01 ONE FAMILY DWELLINGS,1,1103,8,,A1,38 LAFORGE AVENUE,,10302,1,0,1,"2,500",954,1915,1,A1,"480,000",02/12/2026
5,PORT RICHMOND,01 ONE FAMILY DWELLINGS,1,1116,12,,A1,41 JOHN STREET,,10302,1,0,1,"2,726","1,675",1915,1,A1,"669,000",08/12/2025
5,PORT RICHMOND,01 ONE FAMILY DWELLINGS,1,1120,27,,A5,92 ST JOSEPHS AVENUE,,10302,1,0,1,"2,950","1,500",2000,1,A5,"450,000",02/09/2026
5,PORT RICHMOND,01 ONE FAMILY DWELLINGS,1,1120,31,,A5,98 ST JOSEPHS AVENUE,,10302,1,0,1,"2,950","1,500",2000,1,A5,"628,000",12/29/2025
5,PORT RICHMOND,01 ONE FAMILY DWELLINGS,1,1120,33,,S1,100 ST JOSEPHS AVENUE,,10302,1,1,2,"2,950","2,200",2000,1,S1,0,06/27/2025
5,PORT RICHMOND,01 ONE FAMILY DWELLINGS,1,1120,37,,A1,220 NICHOLAS AVENUE,,10302,1,0,1,"3,000","1,472",1920,1,A1,"612,876",08/28/2025
5,PORT RICHMOND,01 ONE FAMILY DWELLINGS,1,1123,91,,A1,64 JOHN STREET,,10302,1,0,1,"5,000","2,736",1935,1,A1,"500,000",08/04/2025
5,PORT RICHMOND,01 ONE FAMILY DWELLINGS,1,1126,14,,A1,39 TRANTOR PLACE,,10302,1,0,1,"8,000","1,120",1925,1,A1,0,07/10/2025
5,PORT RICHMOND,01 ONE FAMILY DWELLINGS,1,1132,77,,A1,32 WALKER STREET,,10302,1,0,1,"2,380","1,480",2006,1,A1,"638,000",07/23/2025
5,PORT RICHMOND,01 ONE FAMILY DWELLINGS,1,1132,86,,A1,18 WALKER STREET,,10302,1,0,1,"3,552","1,056",1905,1,A1,0,07/31/2025
5,PORT RICHMOND,01 ONE FAMILY DWELLINGS,1,1140,57,,A9,14 VAN RIPER STREET,,10302,1,0,1,"2,500",612,1930,1,A9,"348,000",12/23/2025
5,PORT RICHMOND,01 ONE FAMILY DWELLINGS,1,1141,136,,A9,590 VILLA AVENUE,,10302,1,0,1,"6,850",984,1930,1,A9,"507,000",04/11/2025
5,PORT RICHMOND,02 TWO FAMILY DWELLINGS,1,1009,20,,B3,4 AVENUE B,,10302,2,0,2,"2,746","1,530",1910,1,B3,"285,000",11/24/2025
5,PORT RICHMOND,02 TWO FAMILY DWELLINGS,1,1013,16,,B9,65 COTTAGE PLACE,,10302,2,0,2,"1,673","1,080",2001,1,B9,0,11/24/2025
5,PORT RICHMOND,02 TWO FAMILY DWELLINGS,1,1026,20,,B2,79 SIMONSON PLACE,,10302,2,0,2,"3,000","1,800",1920,1,B2,"655,000",09/17/2025
5,PORT RICHMOND,02 TWO FAMILY DWELLINGS,1,1026,50,,B2,148 JEWETT AVENUE,,10302,2,0,2,"3,780","2,580",1920,1,B2,0,09/18/2025
5,PORT RICHMOND,02 TWO FAMILY DWELLINGS,1,1026,77,,B2,200 JEWETT AVE,,10302,2,0,2,"7,250","2,257",1920,1,B2,0,06/24/2025
5,PORT RICHMOND,02 TWO FAMILY DWELLINGS,1,1029,37,,B2,954 POST AVENUE,,10302,2,0,2,"2,500","2,139",1940,1,B2,0,09/05/2025
5,PORT RICHMOND,02 TWO FAMILY DWELLINGS,1,1029,37,,B2,954 POST AVENUE,,10302,2,0,2,"2,500","2,139",1940,1,B2,"688,000",05/22/2025
5,PORT RICHMOND,02 TWO FAMILY DWELLINGS,1,1029,38,,B2,952 POST AVENUE,,10302,2,0,2,"2,500","2,139",1940,1,B2,"760,000",05/09/2025
5,PORT RICHMOND,02 TWO FAMILY DWELLINGS,1,1032,16,,B2,987 POST AVENUE,,10302,2,0,2,"2,500","1,404",1910,1,B2,"683,400",05/22/2025
5,PORT RICHMOND,02 TWO FAMILY DWELLINGS,1,1032,23,,B3,325 HEBERTON AVENUE,,10302,2,0,2,"3,552","2,072",1899,1,B3,0,05/29/2025
5,PORT RICHMOND,02 TWO FAMILY DWELLINGS,1,1034,50,,B9,232 HEBERTON AVENUE,,10302,2,0,2,"1,848","2,100",2003,1,B9,0,08/18/2025
5,PORT RICHMOND,02 TWO FAMILY DWELLINGS,1,1039,107,,B2,328 JEWETT AVE,,10302,2,0,2,"6,650","2,880",2024,1,B2,"1,272,813",09/08/2025
5,PORT RICHMOND,02 TWO FAMILY DWELLINGS,1,1039,111,,B2,332 JEWETT AVENUE,,10302,2,0,2,"4,200","2,125",1965,1,B2,"850,000",05/01/2025
5,PORT RICHMOND,02 TWO FAMILY DWELLINGS,1,1039,227,,B2,21 HAUGHWOUT AVENUE,,10302,2,0,2,"4,872","1,600",2005,1,B2,0,05/21/2025
5,PORT RICHMOND,02 TWO FAMILY DWELLINGS,1,1039,229,,B2,27 HAUGHWOUT AVENUE,,10302,2,0,2,"3,000","2,073",1915,1,B2,0,07/09/2025
5,PORT RICHMOND,02 TWO FAMILY DWELLINGS,1,1041,80,,B2,152 CORTLANDT STREET,,10302,2,0,2,"5,000","2,068",1920,1,B2,"1,160,000",12/30/2025
5,PORT RICHMOND,02 TWO FAMILY DWELLINGS,1,1042,76,,B2,22 HAUGHWOUT AVENUE,,10302,2,0,2,"3,700","2,076",1915,1,B2,10,04/25/2025
5,PORT RICHMOND,02 TWO FAMILY DWELLINGS,1,1042,192,,B2,38 HAMLIN PLACE,,10302,2,0,2,"4,040","2,364",1930,1,B2,"650,000",05/28/2025
5,PORT RICHMOND,02 TWO FAMILY DWELLINGS,1,1043,133,,B2,112 LEXINGTON AVENUE,,10302,2,0,2,"2,500","1,616",1920,1,B2,"752,450",08/05/2025
5,PORT RICHMOND,02 TWO FAMILY DWELLINGS,1,1044,145,,B2,140 DECKER AVENUE,,10302,2,0,2,"4,061","2,214",1925,1,B2,0,11/05/2025
5,PORT RICHMOND,02 TWO FAMILY DWELLINGS,1,1047,29,,B3,28 CLINTON PLACE,,10302,2,0,2,"5,000","1,992",1910,1,B3,1,12/01/2025
5,PORT RICHMOND,02 TWO FAMILY DWELLINGS,1,1047,29,,B3,28 CLINTON PLACE,,10302,2,0,2,"5,000","1,992",1910,1,B3,"650,000",12/08/2025
5,PORT RICHMOND,02 TWO FAMILY DWELLINGS,1,1056,56,,B3,8 LA GRANGE PLACE,,10302,2,0,2,"9,620","1,964",1925,1,B3,0,08/14/2025
5,PORT RICHMOND,02 TWO FAMILY DWELLINGS,1,1059,31,,B3,10 RILEY PLACE,,10302,2,0,2,"5,000","2,665",1930,1,B3,0,12/12/2025
5,PORT RICHMOND,02 TWO FAMILY DWELLINGS,1,1061,21,,B3,161 HAGAMAN PLACE,,10302,2,0,2,"5,042","1,512",1920,1,B3,0,05/21/2025
5,PORT RICHMOND,02 TWO FAMILY DWELLINGS,1,1064,1,,B2,99 SMITH PLACE,,10302,2,0,2,"4,173","1,800",1930,1,B2,0,12/26/2025
5,PORT RICHMOND,02 TWO FAMILY DWELLINGS,1,1074,18,,B2,51 FABER STREET,,10302,2,0,2,"3,708","2,705",1920,1,B2,"445,000",12/03/2025
5,PORT RICHMOND,02 TWO FAMILY DWELLINGS,1,1074,18,,B2,51 FABER STREET,,10302,2,0,2,"3,708","2,705",1920,1,B2,"499,999",12/19/2025
5,PORT RICHMOND,02 TWO FAMILY DWELLINGS,1,1076,46,,B2,40 LARKIN STREET,,10302,2,0,2,"3,540","1,300",1931,1,B2,"570,904",11/05/2025
5,PORT RICHMOND,02 TWO FAMILY DWELLINGS,1,1079,34,,B2,91 SHARPE AVENUE,,10302,2,0,2,"3,912","2,088",1901,1,B2,"320,000",11/21/2025
5,PORT RICHMOND,02 TWO FAMILY DWELLINGS,1,1079,69,,B2,124 FABER STREET,,10302,2,0,2,"7,350","1,700",1899,1,B2,0,05/29/2025
5,PORT RICHMOND,02 TWO FAMILY DWELLINGS,1,1079,72,,B2,128 FABER STREET,,10302,2,0,2,"7,150","1,528",1899,1,B2,0,05/29/2025
5,PORT RICHMOND,02 TWO FAMILY DWELLINGS,1,1086,103,,B2,80 TREADWELL AVENUE,,10302,2,0,2,"3,300","1,410",1899,1,B2,"536,215",11/06/2025
5,PORT RICHMOND,02 TWO FAMILY DWELLINGS,1,1087,47,,B3,112 TREADWELL AVENUE,,10302,2,0,2,"5,000","1,792",1901,1,B3,"705,000",05/22/2025
5,PORT RICHMOND,02 TWO FAMILY DWELLINGS,1,1092,48,,B2,254 SHARPE AVENUE,,10302,2,0,2,"5,883","3,120",1920,1,B2,0,06/09/2025
5,PORT RICHMOND,02 TWO FAMILY DWELLINGS,1,1094,29,,B2,100 CLINTON PLACE,,10302,2,0,2,"4,750","2,250",1920,1,B2,0,10/27/2025
5,PORT RICHMOND,02 TWO FAMILY DWELLINGS,1,1096,10,,B2,231 CHARLES AVENUE,,10302,2,0,2,"3,200","1,664",1910,1,B2,"670,000",01/07/2026
5,PORT RICHMOND,02 TWO FAMILY DWELLINGS,1,1096,38,,B9,1640 CASTLETON AVENUE,,10302,2,0,2,"2,500",936,1931,1,B9,"490,000",09/26/2025
5,PORT RICHMOND,02 TWO FAMILY DWELLINGS,1,1097,39,,B2,210 CHARLES AVENUE,,10302,2,0,2,"3,125","2,016",1910,1,B2,0,06/12/2025
5,PORT RICHMOND,02 TWO FAMILY DWELLINGS,1,1098,21,,B2,4 CRITTENDEN PLACE,,10302,2,0,2,"2,500","1,500",2001,1,B2,"600,000",08/27/2025
5,PORT RICHMOND,02 TWO FAMILY DWELLINGS,1,1101,8,,B9,285 NICHOLAS AVENUE,,10302,2,0,2,"1,170","1,450",2003,1,B9,"350,000",05/02/2025
5,PORT RICHMOND,02 TWO FAMILY DWELLINGS,1,1101,8,,B9,285 NICHOLAS AVENUE,,10302,2,0,2,"1,170","1,450",2003,1,B9,"675,000",11/03/2025
5,PORT RICHMOND,02 TWO FAMILY DWELLINGS,1,1101,37,,B2,114 BLACKFORD AVENUE,,10302,2,0,2,"5,000","1,204",1915,1,B2,0,07/28/2025
5,PORT RICHMOND,02 TWO FAMILY DWELLINGS,1,1102,37,,S2,474 PORT RICHMOND AVENUE,,10302,2,1,3,"2,500","2,530",1931,1,S2,0,11/13/2025
5,PORT RICHMOND,02 TWO FAMILY DWELLINGS,1,1103,6,,B2,40 LAFORGE AVENUE,,10302,2,0,2,"3,300","1,170",1915,1,B2,0,04/08/2025
5,PORT RICHMOND,02 TWO FAMILY DWELLINGS,1,1123,83,,B9,50 JOHN STREET,,10302,2,0,2,"2,100","1,703",2024,1,B9,"590,585",04/25/2025
5,PORT RICHMOND,02 TWO FAMILY DWELLINGS,1,1124,51,,B2,162 JOHN STREET,,10302,2,0,2,"2,500","2,560",1935,1,B2,"760,000",11/20/2025
5,PORT RICHMOND,02 TWO FAMILY DWELLINGS,1,1126,88,,B9,99 HOOKER PLACE,,10302,2,0,2,"2,100","1,400",2003,1,B9,"484,500",08/26/2025
5,PORT RICHMOND,02 TWO FAMILY DWELLINGS,1,1141,116,,B2,552 VILLA AVENUE,,10302,2,0,2,"3,675","1,024",1935,1,B2,"752,500",12/23/2025
5,PORT RICHMOND,03 THREE FAMILY DWELLINGS,1,1006,8,,C0,57 PARK AVENUE,,10302,3,0,3,"3,848","2,151",1899,1,C0,0,12/10/2025
5,PORT RICHMOND,03 THREE FAMILY DWELLINGS,1,1050,199,,C0,44 CATHERINE STREET,,10302,3,0,3,"7,100","3,690",1930,1,C0,"995,000",11/06/2025
5,PORT RICHMOND,04 TAX CLASS 1 CONDOS,1A,1039,1006,,R3,"54 MITCHEL LANE, 03-B",03-B,10302,1,,1,,,2008,1,R3,"464,000",06/04/2025
5,PORT RICHMOND,04 TAX CLASS 1 CONDOS,1A,1124,1001,,R3,"121 EATON PLACE, 1A",1A,10302,1,,1,,,2010,1,R3,"999,999",09/17/2025
5,PORT RICHMOND,04 TAX CLASS 1 CONDOS,1A,1124,1002,,R3,"121 EATON PLACE, 1B",1B,10302,1,,1,,,2010,1,R3,"999,999",09/17/2025
5,PORT RICHMOND,04 TAX CLASS 1 CONDOS,1A,1124,1003,,R3,"121 EATON PLACE, 2A",2A,10302,1,,1,,,2010,1,R3,"999,999",09/17/2025
5,PORT RICHMOND,04 TAX CLASS 1 CONDOS,1A,1124,1004,,R3,"121 EATON PLACE, 2B",2B,10302,1,,1,,,2010,1,R3,"999,999",09/17/2025
5,PORT RICHMOND,07 RENTALS - WALKUP APARTMENTS,2A,1056,4,,C3,79 BEEKMAN STREET,,10302,4,0,4,"6,050","3,635",1941,2,C3,"900,000",08/20/2025
5,PORT RICHMOND,07 RENTALS - WALKUP APARTMENTS,2A,1075,12,,C3,2194 RICHMOND TERRACE,,10302,4,0,4,"6,111","2,160",1931,2,C3,0,09/06/2025
5,PORT RICHMOND,22 STORE BUILDINGS,4,1012,79,,K9,10 BENNETT STREET,,10302,1,1,2,989,"1,748",1910,4,K9,0,07/22/2025
5,PORT RICHMOND,22 STORE BUILDINGS,4,1077,34,,K2,140 PORT RICHMOND AVENUE,,10302,0,1,1,"3,200","4,160",1931,4,K2,"3,700,000",10/10/2025
5,PORT RICHMOND,22 STORE BUILDINGS,4,1077,37,,K1,146 PORT RICHMOND AVENUE,,10302,0,1,1,"9,083","8,250",1931,4,K1,"3,700,000",10/10/2025
5,PORT RICHMOND,22 STORE BUILDINGS,4,1077,39,,K2,150 PORT RICHMOND AVENUE,,10302,0,1,1,"1,800","2,700",1931,4,K2,"3,700,000",10/10/2025
5,PORT RICHMOND,26 OTHER HOTELS,4,1003,4,,HR,37 PORT RICHMOND AVENUE,,10302,0,1,1,"6,200","26,461",2021,4,HR,"8,040,000",10/30/2025
5,PORT RICHMOND,29 COMMERCIAL GARAGES,4,1077,22,,G2,28 GROVE AVENUE,,10302,0,2,2,"5,152","7,380",1931,4,G2,"3,700,000",10/10/2025
5,PORT RICHMOND,30 WAREHOUSES,4,1077,28,,E1,16 GROVE AVENUE,,10302,0,1,1,"4,050","3,752",1931,4,E1,"3,700,000",10/10/2025
5,PORT RICHMOND,32 HOSPITAL AND HEALTH FACILITIES,4,1035,1,,I5,235-237 PORT RICHMOND AVENUE,,10302,0,1,1,"13,522","7,100",1931,4,I5,"2,200,000",02/12/2026
5,PORT RICHMOND,37 RELIGIOUS FACILITIES,4,1024,15,,M1,181 PORT RICHMOND AVENUE,,10302,0,1,1,"3,150","3,100",1931,4,M1,"1,170,000",04/25/2025
5,PRINCES BAY,01 ONE FAMILY DWELLINGS,1,6652,27,,A1,46 PRINCEWOOD AVENUE,,10309,1,0,1,"6,660","1,320",1930,1,A1,"700,000",08/14/2025
5,PRINCES BAY,01 ONE FAMILY DWELLINGS,1,6653,27,,A1,506 VERNON AVENUE,,10309,1,0,1,"3,318","1,416",1920,1,A1,0,12/10/2025
5,PRINCES BAY,01 ONE FAMILY DWELLINGS,1,6665,22,,A1,30 WILBUR STREET,,10309,1,0,1,"6,000","2,692",1944,1,A1,0,09/24/2025
5,PRINCES BAY,01 ONE FAMILY DWELLINGS,1,6665,126,,A1,486 HOLTEN AVENUE,,10309,1,0,1,"22,500","1,376",1915,1,A1,0,01/16/2026
5,PRINCES BAY,01 ONE FAMILY DWELLINGS,1,6666,21,,A6,24 MARSCHER PLACE,,10309,1,0,1,"2,140",480,1929,1,A6,"428,000",01/06/2026
5,PRINCES BAY,01 ONE FAMILY DWELLINGS,1,6666,80,,A5,30 NAVIGATOR COURT,,10309,1,0,1,"1,275","1,305",2003,1,A5,"550,000",05/07/2025
5,PRINCES BAY,01 ONE FAMILY DWELLINGS,1,6668,160,,A3,15 MELVILLE STREET,,10309,1,0,1,"11,020","3,400",1986,1,A3,0,05/16/2025
5,PRINCES BAY,01 ONE FAMILY DWELLINGS,1,6670,52,,A1,38 CASE AVENUE,,10309,1,0,1,"4,000","1,984",1970,1,A1,"842,500",08/08/2025
5,PRINCES BAY,01 ONE FAMILY DWELLINGS,1,6671,65,,A5,17 ARMOUR PLACE,,10309,1,0,1,"2,400","1,300",2001,1,A5,"810,000",12/29/2025
5,PRINCES BAY,01 ONE FAMILY DWELLINGS,1,6681,77,,A1,5772 AMBOY ROAD,,10309,1,0,1,"6,936","1,736",1925,1,A1,0,09/17/2025
5,PRINCES BAY,01 ONE FAMILY DWELLINGS,1,6694,252,,A1,20 MEMO STREET,,10309,1,0,1,"4,000","2,050",1970,1,A1,"760,000",05/06/2025
5,PRINCES BAY,01 ONE FAMILY DWELLINGS,1,6701,29,,A1,53 HANOVER AVENUE,,10309,1,0,1,"5,000","3,000",1982,1,A1,"1,100,000",08/19/2025
5,PRINCES BAY,01 ONE FAMILY DWELLINGS,1,6705,65,,A3,18 IVAN COURT,,10309,1,0,1,"7,995","5,407",2004,1,A3,0,08/05/2025
5,PRINCES BAY,01 ONE FAMILY DWELLINGS,1,6708,32,,A3,107 HANOVER AVENUE,,10309,1,0,1,"8,775","4,628",2014,1,A3,"2,225,000",12/29/2025
5,PRINCES BAY,01 ONE FAMILY DWELLINGS,1,6710,150,,A3,237 BAYVIEW AVENUE,,10309,1,0,1,"8,190","3,377",2004,1,A3,"1,750,000",07/02/2025
5,PRINCES BAY,01 ONE FAMILY DWELLINGS,1,6712,265,,A1,45 JOHANNA LANE,,10309,1,0,1,"12,000","3,870",2010,1,A1,"2,375,000",11/07/2025
5,PRINCES BAY,01 ONE FAMILY DWELLINGS,1,6721,17,,A1,66 FLORENCE PLACE,,10309,1,0,1,"6,750","1,920",1960,1,A1,0,08/05/2025
5,PRINCES BAY,01 ONE FAMILY DWELLINGS,1,6721,17,,A1,66 FLORENCE PLACE,,10309,1,0,1,"6,750","1,920",1960,1,A1,"949,000",06/18/2025
5,PRINCES BAY,01 ONE FAMILY DWELLINGS,1,6721,31,,A1,42 FLORENCE PLACE,,10309,1,0,1,"5,100","1,756",1960,1,A1,10,10/28/2025
5,PRINCES BAY,01 ONE FAMILY DWELLINGS,1,6723,1,,A1,51 BAYVIEW AVENUE,,10309,1,0,1,"34,020","2,925",1935,1,A1,"2,225,000",08/06/2025
5,PRINCES BAY,01 ONE FAMILY DWELLINGS,1,6725,4,,A5,140 COMMODORE DRIVE,,10309,1,0,1,"1,881","2,108",1986,1,A5,"655,000",07/03/2025
5,PRINCES BAY,01 ONE FAMILY DWELLINGS,1,6725,32,,A5,21 FLAGSHIP CIRCLE,,10309,1,0,1,"1,881","2,058",1987,1,A5,"695,000",12/17/2025
5,PRINCES BAY,01 ONE FAMILY DWELLINGS,1,6726,64,,A5,109 COMMODORE DRIVE,,10309,1,0,1,"1,805","2,058",1986,1,A5,"709,000",10/20/2025
5,PRINCES BAY,01 ONE FAMILY DWELLINGS,1,6727,3,,A5,63 INDALE AVENUE,,10309,1,0,1,"1,975","2,058",1995,1,A5,0,08/06/2025
5,PRINCES BAY,01 ONE FAMILY DWELLINGS,1,6727,10,,A5,53 INDALE AVENUE,,10309,1,0,1,"2,155","2,112",1995,1,A5,"650,000",01/22/2026
5,PRINCES BAY,01 ONE FAMILY DWELLINGS,1,6727,12,,A5,47 INDALE AVENUE,,10309,1,0,1,"2,131","1,600",1995,1,A5,0,09/26/2025
5,PRINCES BAY,01 ONE FAMILY DWELLINGS,1,6727,109,,A5,118 ADMIRALTY LOOP,,10309,1,0,1,"1,960","1,518",1988,1,A5,10,10/23/2025
5,PRINCES BAY,01 ONE FAMILY DWELLINGS,1,6728,32,,A5,78 ADMIRALTY LOOP,,10309,1,0,1,"1,881","2,058",1996,1,A5,"717,000",06/30/2025
5,PRINCES BAY,01 ONE FAMILY DWELLINGS,1,6728,100,,A5,603 JOHNSTON TERRACE,,10309,1,0,1,"1,775","2,112",1989,1,A5,"600,000",09/05/2025
5,PRINCES BAY,01 ONE FAMILY DWELLINGS,1,6729,10,,A1,64 INDALE AVENUE,,10309,1,0,1,"4,860","4,032",2005,1,A1,"1,222,500",01/12/2026
5,PRINCES BAY,01 ONE FAMILY DWELLINGS,1,6729,11,,A1,70 INDALE,,10309,1,0,1,"4,860","4,032",2005,1,A1,0,01/21/2026
5,PRINCES BAY,01 ONE FAMILY DWELLINGS,1,6729,27,,A1,15 ST EDWARD LANE,,10309,1,0,1,"8,391","3,168",2007,1,A1,0,02/07/2026
5,PRINCES BAY,01 ONE FAMILY DWELLINGS,1,6729,50,,A3,681 JOHNSTON TERRACE,,10309,1,0,1,"6,268","5,165",2007,1,A3,0,10/16/2025
5,PRINCES BAY,01 ONE FAMILY DWELLINGS,1,6741,41,,A1,144 BURTON AVENUE,,10309,1,0,1,"5,000","2,600",1994,1,A1,0,06/19/2025
5,PRINCES BAY,01 ONE FAMILY DWELLINGS,1,6743,60,,A3,34 BURTON AVENUE,,10309,1,0,1,"7,500","4,000",1986,1,A3,"1,600,000",08/27/2025
5,PRINCES BAY,01 ONE FAMILY DWELLINGS,1,6744,160,,A3,10 WOODVALE LOOP,,10309,1,0,1,"10,000","3,751",1985,1,A3,0,10/06/2025
5,PRINCES BAY,01 ONE FAMILY DWELLINGS,1B,6749,1,,V0,291 WOODVALE AVENUE,,10309,0,0,0,"9,910",0,1930,1,A1,0,01/20/2026
5,PRINCES BAY,01 ONE FAMILY DWELLINGS,1,6751,39,,A9,71 EXCELSIOR AVENUE,,10309,1,0,1,"10,000","1,456",1970,1,A9,"1,055,000",12/18/2025
5,PRINCES BAY,01 ONE FAMILY DWELLINGS,1,6751,310,,A1,90 BAYVIEW AVENUE,,10309,1,0,1,"22,155","1,704",1899,1,A1,0,11/12/2025
5,PRINCES BAY,01 ONE FAMILY DWELLINGS,1,6760,102,,A1,36 MANEE AVENUE,,10309,1,0,1,"14,040","3,475",1899,1,A1,0,01/27/2026
5,PRINCES BAY,01 ONE FAMILY DWELLINGS,1,6855,6,,A1,17 QUEENSDALE STREET,,10309,1,0,1,"7,500","2,336",1979,1,A1,"1,039,000",05/14/2025
5,PRINCES BAY,01 ONE FAMILY DWELLINGS,1,6855,19,,A0,16 WHEELING AVENUE,,10309,1,0,1,"7,700","1,108",1955,1,A0,"700,000",04/10/2025
5,PRINCES BAY,01 ONE FAMILY DWELLINGS,1,6856,14,,A2,40 VALDEMAR AVENUE,,10309,1,0,1,"9,950","2,700",1980,1,A2,0,07/29/2025
5,PRINCES BAY,01 ONE FAMILY DWELLINGS,1,6859,24,,A2,80 VALDEMAR AVENUE,,10309,1,0,1,"4,000","2,038",1965,1,A2,"892,000",09/17/2025
5,PRINCES BAY,01 ONE FAMILY DWELLINGS,1,6859,51,,A2,93 WHEELING AVENUE,,10309,1,0,1,"4,450","2,248",1960,1,A2,"950,000",02/23/2026
5,PRINCES BAY,01 ONE FAMILY DWELLINGS,1,6860,11,,A3,85 FOSTER ROAD,,10309,1,0,1,"7,840","2,816",1980,1,A3,"1,100,000",07/08/2025
5,PRINCES BAY,01 ONE FAMILY DWELLINGS,1,6861,58,,A5,244 ASHLAND AVENUE,,10309,1,0,1,"7,000","2,650",1980,1,A5,0,11/18/2025
5,PRINCES BAY,01 ONE FAMILY DWELLINGS,1,6865,33,,A1,242 BRADFORD AVENUE,,10309,1,0,1,"9,600","5,000",1980,1,A1,0,08/02/2025
5,PRINCES BAY,01 ONE FAMILY DWELLINGS,1,6866,9,,A2,185 FOSTER ROAD,,10309,1,0,1,"4,732","1,968",1980,1,A2,"890,000",04/10/2025
5,PRINCES BAY,01 ONE FAMILY DWELLINGS,1,6906,32,,A0,154 FOSTER ROAD,,10309,1,0,1,"3,660",900,1945,1,A0,0,12/11/2025
5,PRINCES BAY,01 ONE FAMILY DWELLINGS,1,6909,6,,A2,416 BRADFORD AVENUE,,10309,1,0,1,"4,921",920,1970,1,A2,"772,000",10/15/2025
5,PRINCES BAY,01 ONE FAMILY DWELLINGS,1,6939,35,,A2,22 BOYNTON STREET,,10309,1,0,1,"5,576","2,042",1970,1,A2,0,04/22/2025
5,PRINCES BAY,01 ONE FAMILY DWELLINGS,1,6939,41,,A2,8 BOYNTON ST,,10309,1,0,1,"6,364","1,144",1960,1,A2,0,10/15/2025
5,PRINCES BAY,01 ONE FAMILY DWELLINGS,1,6943,6,,A1,94 CLEARMONT AVENUE,,10309,1,0,1,"4,624","2,388",2003,1,A1,"953,000",11/19/2025
5,PRINCES BAY,01 ONE FAMILY DWELLINGS,1,6943,48,,A1,295 VOGEL AVENUE,,10309,1,0,1,"5,750","2,110",1988,1,A1,"890,000",11/24/2025
5,PRINCES BAY,01 ONE FAMILY DWELLINGS,1,6943,91,,A2,291 VOGEL AVENUE,,10309,1,0,1,"5,160","1,248",1970,1,A2,0,11/18/2025
5,PRINCES BAY,01 ONE FAMILY DWELLINGS,1,6944,165,,A2,83 MAGUIRE AVENUE,,10309,1,0,1,"32,892",968,1920,1,A2,0,05/16/2025
5,PRINCES BAY,01 ONE FAMILY DWELLINGS,1,6948,9,,A1,15 MINTURN AVENUE,,10309,1,0,1,"3,960","1,900",1965,1,A1,0,08/27/2025
5,PRINCES BAY,01 ONE FAMILY DWELLINGS,1,6972,17,,A1,265 RAMAPO AVENUE,,10309,1,0,1,"4,000","1,680",1970,1,A1,"910,000",12/17/2025
5,PRINCES BAY,01 ONE FAMILY DWELLINGS,1,6975,121,,A5,6 MAGUIRE AVENUE,,10309,1,0,1,"1,476","1,292",2000,1,A5,0,10/10/2025
5,PRINCES BAY,01 ONE FAMILY DWELLINGS,1,6977,1,,A3,125 GOFF AVENUE,,10309,1,0,1,"18,000","4,320",2001,1,A3,0,01/01/2026
5,PRINCES BAY,01 ONE FAMILY DWELLINGS,1,6977,350,,A3,10 MAGUIRE COURT,,10309,1,0,1,"33,323","5,373",1992,1,A3,"1,700,000",07/31/2025
5,PRINCES BAY,01 ONE FAMILY DWELLINGS,1,6993,140,,A2,16 GOFF AVENUE,,10309,1,0,1,"6,466","1,020",1920,1,A2,0,08/05/2025
5,PRINCES BAY,01 ONE FAMILY DWELLINGS,1,6993,145,,A1,6199 AMBOY ROAD,,10309,1,0,1,"5,850","1,552",1920,1,A1,0,10/22/2025
5,PRINCES BAY,02 TWO FAMILY DWELLINGS,1,6668,27,,B2,20 WALCH PLACE,,10309,2,0,2,"4,300","2,394",2005,1,B2,0,11/30/2025
5,PRINCES BAY,02 TWO FAMILY DWELLINGS,1,6670,79,,B2,22 COOPER PLACE,,10309,2,0,2,"4,897","3,103",2024,1,B2,"1,593,561",10/14/2025
5,PRINCES BAY,02 TWO FAMILY DWELLINGS,1,6670,80,,B2,18 COOPER PLACE,,10309,2,0,2,"5,022","3,103",2024,1,B2,"1,578,288",09/29/2025
5,PRINCES BAY,02 TWO FAMILY DWELLINGS,1,6671,76,,B2,33 ARMOUR PLACE,,10309,2,0,2,"8,060","1,356",1955,1,B2,"915,000",01/20/2026
5,PRINCES BAY,02 TWO FAMILY DWELLINGS,1,6671,112,,B2,15 KEATING STREET,,10309,2,0,2,"5,191","2,992",2012,1,B2,0,12/15/2025
5,PRINCES BAY,02 TWO FAMILY DWELLINGS,1,6672,43,,B2,238 HOLTEN AVENUE,,10309,2,0,2,"4,360","2,068",1999,1,B2,0,12/02/2025
5,PRINCES BAY,02 TWO FAMILY DWELLINGS,1,6675,24,,B2,24 SINGLETON STREET,,10309,2,0,2,"4,095","2,456",2024,1,B2,"1,313,543",01/14/2026
5,PRINCES BAY,02 TWO FAMILY DWELLINGS,1,6675,25,,B2,N/A SINGLETON STREET,,10309,2,0,2,"4,117","2,456",2024,1,B2,"1,265,000",10/14/2025
5,PRINCES BAY,02 TWO FAMILY DWELLINGS,1,6677,59,,B2,25 KNOX STREET,,10309,2,0,2,"9,000","2,724",1960,1,B2,"935,000",09/25/2025
5,PRINCES BAY,02 TWO FAMILY DWELLINGS,1,6694,244,,B2,201 TRENTON COURT,,10309,2,0,2,"4,500","3,597",2021,1,B2,0,07/23/2025
5,PRINCES BAY,02 TWO FAMILY DWELLINGS,1,6700,6,,B9,282 SEGUINE AVENUE,,10309,2,0,2,"3,000","1,960",2000,1,B9,0,04/10/2025
5,PRINCES BAY,02 TWO FAMILY DWELLINGS,1,6701,63,,B2,22 DIRENZO,,10309,2,0,2,"7,500","3,430",1983,1,B2,0,08/28/2025
5,PRINCES BAY,02 TWO FAMILY DWELLINGS,1,6723,87,,B2,17 FLORENCE PLACE,,10309,2,0,2,"6,850","2,537",1935,1,B2,0,05/14/2025
5,PRINCES BAY,02 TWO FAMILY DWELLINGS,1,6740,53,,B2,111 EVERETT AVENUE,,10309,2,0,2,"5,000","2,600",1995,1,B2,0,12/11/2025
5,PRINCES BAY,02 TWO FAMILY DWELLINGS,1,6740,126,,B2,170 BURTON AVENUE,,10309,2,0,2,"7,373","2,200",1998,1,B2,0,09/17/2025
5,PRINCES BAY,02 TWO FAMILY DWELLINGS,1,6741,21,,B2,100 EVERETT AVENUE,,10309,2,0,2,"5,000","2,810",1992,1,B2,"1,260,000",09/25/2025
5,PRINCES BAY,02 TWO FAMILY DWELLINGS,1,6751,54,,B2,99 EXCELSIOR AVENUE,,10309,2,0,2,"5,788","3,305",2004,1,B2,"808,000",11/18/2025
5,PRINCES BAY,02 TWO FAMILY DWELLINGS,1,6855,64,,B2,466 VERNON AVE,,10309,2,0,2,"4,289","2,317",2024,1,B2,"1,323,725",07/07/2025
5,PRINCES BAY,02 TWO FAMILY DWELLINGS,1,6855,66,,B2,470 VERNON AVE,,10309,2,0,2,"4,131","2,317",2024,1,B2,"1,398,057",05/30/2025
5,PRINCES BAY,02 TWO FAMILY DWELLINGS,1,6857,35,,B2,43 VALDEMAR AVENUE,,10309,2,0,2,"6,000","2,804",1975,1,B2,0,06/20/2025
5,PRINCES BAY,02 TWO FAMILY DWELLINGS,1,6864,15,,B2,296 ASHLAND AVENUE,,10309,2,0,2,"4,000","2,000",1992,1,B2,"930,000",09/03/2025
5,PRINCES BAY,02 TWO FAMILY DWELLINGS,1,6864,25,,B2,274 ASHLAND AVENUE,,10309,2,0,2,"6,000","2,735",2004,1,B2,"1,300,000",01/07/2026
5,PRINCES BAY,02 TWO FAMILY DWELLINGS,1,6896,85,,B2,21 PARKWOOD AVENUE,,10309,2,0,2,"8,876","3,673",2024,1,B2,"1,578,288",07/01/2025
5,PRINCES BAY,02 TWO FAMILY DWELLINGS,1,6896,131,,B2,52 FOSTER ROAD,,10309,2,0,2,"13,144","2,230",2017,1,B2,0,01/28/2026
5,PRINCES BAY,02 TWO FAMILY DWELLINGS,1,6899,30,,B2,38 PARKWOOD AVENUE,,10309,2,0,2,"14,500","5,624",1985,1,B2,0,10/14/2025
5,PRINCES BAY,02 TWO FAMILY DWELLINGS,1,6900,35,,B2,339 ALBOURNE AVENUE,,10309,2,0,2,"9,000","3,404",1986,1,B2,0,08/27/2025
5,PRINCES BAY,02 TWO FAMILY DWELLINGS,1,6901,32,,B2,415 ALBOURNE AVENUE,,10309,2,0,2,"3,800","2,254",2006,1,B2,"220,000",04/15/2025
5,PRINCES BAY,02 TWO FAMILY DWELLINGS,1,6944,190,,B2,40 TERRACE AVENUE,,10309,2,0,2,"4,800","2,236",2004,1,B2,"1,140,000",11/17/2025
5,PRINCES BAY,02 TWO FAMILY DWELLINGS,1,6946,30,,B2,481 BRADFORD AVENUE,,10309,2,0,2,"6,100","2,722",2011,1,B2,0,04/29/2025
5,PRINCES BAY,02 TWO FAMILY DWELLINGS,1,6948,26,,B3,432 BRADFORD AVENUE,,10309,2,0,2,"4,364","2,585",1965,1,B3,0,05/19/2025
5,PRINCES BAY,02 TWO FAMILY DWELLINGS,1,6979,51,,B9,75 SANTA MONICA LANE,,10309,2,0,2,"2,968","1,492",2004,1,B9,"860,000",11/18/2025
5,PRINCES BAY,02 TWO FAMILY DWELLINGS,1,6979,134,,B9,132 EL CAMINO LOOP,,10309,2,0,2,"2,600","1,800",2015,1,B9,0,10/11/2025
5,PRINCES BAY,02 TWO FAMILY DWELLINGS,1,6979,276,,B9,41 FOOTHILL COURT,,10309,2,0,2,"2,750","1,492",2007,1,B9,1,05/28/2025
5,PRINCES BAY,02 TWO FAMILY DWELLINGS,1,6979,356,,B9,49 EL CAMINO LOOP,,10309,2,0,2,"2,400","1,906",2012,1,B9,"860,000",05/27/2025
5,PRINCES BAY,02 TWO FAMILY DWELLINGS,1,6993,38,,B2,36 IDAHO AVENUE,,10309,2,0,2,"7,133","2,940",2011,1,B2,"1,519,000",08/20/2025
5,PRINCES BAY,05 TAX CLASS 1 VACANT LAND,1B,6616,61,,V0,5530 AMBOY ROAD,,10312,0,0,0,"3,551",0,,1,V0,"4,000,000",07/29/2025
5,PRINCES BAY,05 TAX CLASS 1 VACANT LAND,1B,6616,62,,V0,5526 AMBOY ROAD,,10312,0,0,0,"3,501",0,,1,V0,"4,000,000",07/29/2025
5,PRINCES BAY,05 TAX CLASS 1 VACANT LAND,1B,6616,64,,V0,2 ANDROVETTE AVENUE,,10312,0,0,0,"5,199",0,,1,V0,"4,000,000",07/29/2025
5,PRINCES BAY,05 TAX CLASS 1 VACANT LAND,1B,6616,65,,V0,8 ANDROVETTE AVENUE,,10312,0,0,0,"3,592",0,,1,V0,"4,000,000",07/29/2025
5,PRINCES BAY,05 TAX CLASS 1 VACANT LAND,1B,6616,66,,V0,12 ANDROVETTE AVENUE,,10312,0,0,0,"5,814",0,,1,V0,"4,000,000",07/29/2025
5,PRINCES BAY,05 TAX CLASS 1 VACANT LAND,1B,6616,67,,V0,16 ANDROVETTE AVENUE,,10312,0,0,0,"6,297",0,,1,V0,"4,000,000",07/29/2025
5,PRINCES BAY,05 TAX CLASS 1 VACANT LAND,1B,6616,69,,V0,20 ANDROVETTE AVENUE,,10312,0,0,0,"6,359",0,,1,V0,"4,000,000",07/29/2025
5,PRINCES BAY,05 TAX CLASS 1 VACANT LAND,1B,6616,75,,V0,24 ANDROVETTE AVENUE,,10312,0,0,0,"6,421",0,,1,V0,"4,000,000",07/29/2025
5,PRINCES BAY,05 TAX CLASS 1 VACANT LAND,1B,6705,78,,V0,N/A INEZ STREET,,10309,0,0,0,"3,990",0,,1,V0,"537,500",05/13/2025
5,PRINCES BAY,05 TAX CLASS 1 VACANT LAND,1B,6705,178,,V0,N/A INEZ STREET,,10309,0,0,0,"3,990",0,,1,V0,"537,500",05/13/2025
5,PRINCES BAY,06 TAX CLASS 1 - OTHER,1,6665,19,,Z0,N/A WILBUR STREET,,10309,0,0,0,"9,000",0,,1,Z0,0,09/24/2025
5,PRINCES BAY,21 OFFICE BUILDINGS,4,6700,10,,O7,290 SEGUINE AVENUE,,10309,0,2,2,"5,000",825,1960,4,O7,"600,000",05/16/2025
5,RICHMONDTOWN,01 ONE FAMILY DWELLINGS,1,2244,37,,A1,43 MACE STREET,,10306,1,0,1,"5,000","1,386",1935,1,A1,"630,000",02/11/2026
5,RICHMONDTOWN,01 ONE FAMILY DWELLINGS,1,2245,45,,A1,107 ST ANDREWS ROAD,,10306,1,0,1,"5,000","2,400",2004,1,A1,0,05/05/2025
5,RICHMONDTOWN,01 ONE FAMILY DWELLINGS,1,2249,56,,A1,120 ELEANOR STREET,,10306,1,0,1,"6,000","2,240",1965,1,A1,"1,156,938",02/25/2026
5,RICHMONDTOWN,01 ONE FAMILY DWELLINGS,1,2264,34,,A1,190 NUGENT STREET,,10306,1,0,1,"5,000","1,870",1989,1,A1,1,10/23/2025
5,RICHMONDTOWN,01 ONE FAMILY DWELLINGS,1,2279,13,,A1,3507 RICHMOND ROAD,,10306,1,0,1,"5,000","1,600",1925,1,A1,0,05/07/2025
5,RICHMONDTOWN,01 ONE FAMILY DWELLINGS,1,2279,43,,A1,232 MACE STREET,,10306,1,0,1,"6,000","2,520",1992,1,A1,"1,100,000",08/15/2025
5,RICHMONDTOWN,01 ONE FAMILY DWELLINGS,1,2283,6,,A2,462 LIGHTHOUSE AVENUE,,10306,1,0,1,"10,000","2,652",1965,1,A2,0,07/08/2025
5,RICHMONDTOWN,01 ONE FAMILY DWELLINGS,1,2292,6,,A1,423 SAINT ANDREWS ROAD,,10306,1,0,1,"8,000","2,280",1950,1,A1,0,09/05/2025
5,RICHMONDTOWN,01 ONE FAMILY DWELLINGS,1,2292,38,,A3,485 SAINT ANDREWS ROAD,,10306,1,0,1,"10,000","3,600",1988,1,A3,"1,400,000",04/03/2025
5,RICHMONDTOWN,01 ONE FAMILY DWELLINGS,1,2292,48,,A1,492 ST GEORGE ROAD,,10306,1,0,1,"6,100","2,400",1975,1,A1,0,09/24/2025
5,RICHMONDTOWN,01 ONE FAMILY DWELLINGS,1,2292,56,,A1,476 ST GEORGE ROAD,,10306,1,0,1,"7,500","2,400",1925,1,A1,"1,450,000",07/07/2025
5,RICHMONDTOWN,01 ONE FAMILY DWELLINGS,1,4328,36,,A5,62 HITCHCOCK AVENUE,,10306,1,0,1,"2,756","1,280",1965,1,A5,0,04/24/2025
5,RICHMONDTOWN,01 ONE FAMILY DWELLINGS,1,4328,39,,A5,50 HITCHCOCK AVENUE,,10306,1,0,1,"2,756","1,280",1965,1,A5,"755,000",12/16/2025
5,RICHMONDTOWN,01 ONE FAMILY DWELLINGS,1,4328,40,,A5,46 HITCHCOCK AVENUE,,10306,1,0,1,"2,756","1,280",1965,1,A5,"750,000",07/17/2025
5,RICHMONDTOWN,01 ONE FAMILY DWELLINGS,1,4328,41,,A5,42 HITCHCOCK AVENUE,,10306,1,0,1,"2,704","1,480",1965,1,A5,0,07/17/2025
5,RICHMONDTOWN,01 ONE FAMILY DWELLINGS,1,4328,75,,A5,79 TYSENS LANE,,10306,1,0,1,"2,975","1,360",1965,1,A5,0,06/24/2025
5,RICHMONDTOWN,01 ONE FAMILY DWELLINGS,1,4332,37,,A2,39 MORTON STREET,,10306,1,0,1,"4,467","1,881",1960,1,A2,"807,000",09/26/2025
5,RICHMONDTOWN,01 ONE FAMILY DWELLINGS,1,4332,47,,A2,61 MORTON STREET,,10306,1,0,1,"4,644","1,095",1960,1,A2,10,12/23/2025
5,RICHMONDTOWN,01 ONE FAMILY DWELLINGS,1,4332,47,,A2,61 MORTON STREET,,10306,1,0,1,"4,644","1,095",1960,1,A2,"695,000",07/16/2025
5,RICHMONDTOWN,01 ONE FAMILY DWELLINGS,1,4332,57,,A2,62 MORTON STREET,,10306,1,0,1,"4,292","1,036",1960,1,A2,"677,000",08/08/2025
5,RICHMONDTOWN,01 ONE FAMILY DWELLINGS,1,4332,63,,A2,50 MORTON STREET,,10306,1,0,1,"4,300","1,916",1965,1,A2,10,05/21/2025
5,RICHMONDTOWN,01 ONE FAMILY DWELLINGS,1,4332,142,,A2,58 ARDSLEY STREET,,10306,1,0,1,"4,000","1,032",1965,1,A2,0,06/17/2025
5,RICHMONDTOWN,01 ONE FAMILY DWELLINGS,1,4332,142,,A2,58 ARDSLEY STREET,,10306,1,0,1,"4,000","1,032",1965,1,A2,"700,000",05/20/2025
5,RICHMONDTOWN,01 ONE FAMILY DWELLINGS,1,4332,176,,A1,75 MAPLEWOOD AVENUE,,10306,1,0,1,"4,250","1,904",1970,1,A1,"925,000",09/12/2025
5,RICHMONDTOWN,01 ONE FAMILY DWELLINGS,1,4332,188,,A2,33 NATICK STREET,,10306,1,0,1,"4,000","1,032",1965,1,A2,"900,000",05/07/2025
5,RICHMONDTOWN,01 ONE FAMILY DWELLINGS,1,4347,143,,A5,93 CRANFORD COURT,,10306,1,0,1,883,780,1994,1,A5,"550,000",05/01/2025
5,RICHMONDTOWN,01 ONE FAMILY DWELLINGS,1,4374,12,,A1,207 PARK STREET,,10306,1,0,1,"4,000","2,248",1960,1,A1,"950,000",01/16/2026
5,RICHMONDTOWN,01 ONE FAMILY DWELLINGS,1,4374,61,,A1,92 PINEWOOD AVENUE,,10306,1,0,1,"4,000","2,248",1960,1,A1,0,07/09/2025
5,RICHMONDTOWN,01 ONE FAMILY DWELLINGS,1,4375,35,,A1,149 BARBARA STREET,,10306,1,0,1,"3,926","1,352",1960,1,A1,0,10/20/2025
5,RICHMONDTOWN,01 ONE FAMILY DWELLINGS,1,4376,1,,A2,102 BARBARA STREET,,10306,1,0,1,"4,794","1,100",1960,1,A2,"835,000",09/15/2025
5,RICHMONDTOWN,01 ONE FAMILY DWELLINGS,1,4376,16,,A2,151 AMBER STREET,,10306,1,0,1,"4,148","1,056",1960,1,A2,"825,000",03/05/2026
5,RICHMONDTOWN,01 ONE FAMILY DWELLINGS,1,4376,26,,A2,175 AMBER STREET,,10306,1,0,1,"4,062","1,056",1960,1,A2,"850,000",02/02/2026
5,RICHMONDTOWN,01 ONE FAMILY DWELLINGS,1,4376,50,,A1,124 BARBARA STREET,,10306,1,0,1,"4,611","1,392",1965,1,A1,"890,000",12/29/2025
5,RICHMONDTOWN,01 ONE FAMILY DWELLINGS,1,4377,16,,A2,131 WOLVERINE STREET,,10306,1,0,1,"4,072","1,056",1960,1,A2,"725,000",10/20/2025
5,RICHMONDTOWN,01 ONE FAMILY DWELLINGS,1,4377,18,,A2,135 WOLVERINE STREET,,10306,1,0,1,"4,173","1,056",1960,1,A2,"750,000",10/14/2025
5,RICHMONDTOWN,01 ONE FAMILY DWELLINGS,1,4378,14,,A1,111 THOMAS STREET,,10306,1,0,1,"4,177","1,352",1965,1,A1,"775,000",05/09/2025
5,RICHMONDTOWN,01 ONE FAMILY DWELLINGS,1,4378,36,,A1,160 WOLVERINE STREET,,10306,1,0,1,"5,063","1,352",1965,1,A1,0,10/30/2025
5,RICHMONDTOWN,01 ONE FAMILY DWELLINGS,1,4396,17,,A2,31 RENE DRIVE,,10306,1,0,1,"4,000","1,040",1965,1,A2,"878,000",08/28/2025
5,RICHMONDTOWN,01 ONE FAMILY DWELLINGS,1,4400,9,,A2,159 THOMAS STREET,,10306,1,0,1,"4,003",960,1960,1,A2,"910,000",01/07/2026
5,RICHMONDTOWN,01 ONE FAMILY DWELLINGS,1,4400,39,,A2,180 WOLVERINE STREET,,10306,1,0,1,"4,003",960,1960,1,A2,"700,000",05/16/2025
5,RICHMONDTOWN,01 ONE FAMILY DWELLINGS,1,4400,43,,A1,172 WOLVERINE STREET,,10306,1,0,1,"4,003","1,910",1960,1,A1,0,10/15/2025
5,RICHMONDTOWN,01 ONE FAMILY DWELLINGS,1,4403,21,,A1,7 ANDREWS AVENUE,,10306,1,0,1,"6,400","2,481",2024,1,A1,"987,703",04/03/2025
5,RICHMONDTOWN,01 ONE FAMILY DWELLINGS,1,4403,23,,A1,3474 RICHMOND ROAD,,10306,1,0,1,"5,917","2,525",2024,1,A1,"1,221,900",04/02/2025
5,RICHMONDTOWN,01 ONE FAMILY DWELLINGS,1,4403,25,,A3,3468 RICHMOND ROAD,,10306,1,0,1,"6,728","3,223",2024,1,A3,"1,460,171",12/10/2025
5,RICHMONDTOWN,01 ONE FAMILY DWELLINGS,1,4403,27,,A3,3462 RICHMOND ROAD,,10306,1,0,1,"6,498","3,223",2024,1,A3,"1,425,549",08/05/2025
5,RICHMONDTOWN,01 ONE FAMILY DWELLINGS,1,4403,29,,A3,3456 RICHMOND ROAD,,10306,1,0,1,"5,728","3,223",2024,1,A3,"1,374,638",04/25/2025
5,RICHMONDTOWN,01 ONE FAMILY DWELLINGS,1,4406,1,,A2,197 ARDSLEY STREET,,10306,1,0,1,"8,250","2,058",1965,1,A2,"1,200,000",02/06/2026
5,RICHMONDTOWN,01 ONE FAMILY DWELLINGS,1,4406,37,,A2,80 CENTER STREET,,10306,1,0,1,"8,250","1,092",1960,1,A2,0,10/25/2025
5,RICHMONDTOWN,01 ONE FAMILY DWELLINGS,1,4407,18,,A1,146 ARDSLEY STREET,,10306,1,0,1,"6,076","2,400",2004,1,A1,"1,556,000",08/20/2025
5,RICHMONDTOWN,01 ONE FAMILY DWELLINGS,1,4408,22,,A1,174 NATICK STREET,,10306,1,0,1,"4,100","1,912",1965,1,A1,"1,020,000",07/22/2025
5,RICHMONDTOWN,01 ONE FAMILY DWELLINGS,1,4409,9,,A2,277 PARK STREET,,10306,1,0,1,"3,800","2,211",1965,1,A2,0,02/04/2026
5,RICHMONDTOWN,01 ONE FAMILY DWELLINGS,1,4409,25,,A1,301 PARK STREET,,10306,1,0,1,"5,000","1,660",1975,1,A1,0,10/16/2025
5,RICHMONDTOWN,01 ONE FAMILY DWELLINGS,1,4409,63,,A1,170 PINEWOOD AVENUE,,10306,1,0,1,"4,500","2,000",1994,1,A1,0,06/27/2025
5,RICHMONDTOWN,01 ONE FAMILY DWELLINGS,1,4416,17,,A1,292 PARK STREET,,10306,1,0,1,"4,538","1,928",1965,1,A1,0,10/23/2025
5,RICHMONDTOWN,01 ONE FAMILY DWELLINGS,1,4416,28,,A1,274 PARK STREET,,10306,1,0,1,"4,538","1,928",1965,1,A1,"930,000",10/27/2025
5,RICHMONDTOWN,01 ONE FAMILY DWELLINGS,1,4418,12,,A3,285 BARBARA STREET,,10306,1,0,1,"6,100","3,420",1981,1,A3,"1,350,000",12/03/2025
5,RICHMONDTOWN,01 ONE FAMILY DWELLINGS,1,4419,89,,A1,215 THOMAS STREET,,10306,1,0,1,"5,300","1,739",1965,1,A1,0,01/08/2026
5,RICHMONDTOWN,01 ONE FAMILY DWELLINGS,1,4420,86,,A2,301 THOMAS STREET,,10306,1,0,1,"4,000","2,523",1975,1,A2,"955,000",06/05/2025
5,RICHMONDTOWN,01 ONE FAMILY DWELLINGS,1,4421,79,,A1,89 WEST CEDARVIEW AVENUE,,10306,1,0,1,"4,085","1,768",1975,1,A1,0,07/16/2025
5,RICHMONDTOWN,01 ONE FAMILY DWELLINGS,1,4421,106,,A1,280 THOMAS STREET,,10306,1,0,1,"4,300","1,768",1975,1,A1,0,11/06/2025
5,RICHMONDTOWN,01 ONE FAMILY DWELLINGS,1,4421,106,,A1,280 THOMAS STREET,,10306,1,0,1,"4,300","1,768",1975,1,A1,0,01/15/2026
5,RICHMONDTOWN,01 ONE FAMILY DWELLINGS,1,4421,112,,A2,268 THOMAS STREET,,10306,1,0,1,"4,085",960,1975,1,A2,"950,000",11/19/2025
5,RICHMONDTOWN,01 ONE FAMILY DWELLINGS,1,4421,116,,A1,260 THOMAS STREET,,10306,1,0,1,"4,085","1,768",1970,1,A1,"965,000",12/01/2025
5,RICHMONDTOWN,01 ONE FAMILY DWELLINGS,1,4421,118,,A1,256 THOMAS STREET,,10306,1,0,1,"4,455","1,768",1975,1,A1,"925,000",01/08/2026
5,RICHMONDTOWN,01 ONE FAMILY DWELLINGS,1,4421,165,,A1,226 THOMAS STREET,,10306,1,0,1,"4,947","2,912",1970,1,A1,0,10/07/2025
5,RICHMONDTOWN,01 ONE FAMILY DWELLINGS,1,4421,174,,A2,221 WOLVERINE STREET,,10306,1,0,1,"4,000","1,403",1965,1,A2,0,08/07/2025
5,RICHMONDTOWN,01 ONE FAMILY DWELLINGS,1,4421,185,,A2,71 WEST CEDARVIEW AVENUE,,10306,1,0,1,"4,400","2,184",1970,1,A2,0,05/15/2025
5,RICHMONDTOWN,01 ONE FAMILY DWELLINGS,1,4425,33,,A1,126 CENTER STREET,,10306,1,0,1,"4,730","2,000",2006,1,A1,0,09/15/2025
5,RICHMONDTOWN,01 ONE FAMILY DWELLINGS,1,4430,35,,A1,312 BARBARA STREET,,10306,1,0,1,"5,000","2,128",1996,1,A1,"1,229,000",03/06/2026
5,RICHMONDTOWN,01 ONE FAMILY DWELLINGS,1,4431,42,,A1,312 ARDSLEY STREET,,10306,1,0,1,"5,000","1,378",1930,1,A1,"820,000",05/16/2025
5,RICHMONDTOWN,01 ONE FAMILY DWELLINGS,1,4432,20,,A1,328 NATICK STREET,,10306,1,0,1,"6,582","2,348",1996,1,A1,"1,275,000",06/12/2025
5,RICHMONDTOWN,01 ONE FAMILY DWELLINGS,1,4433,11,,A2,123 WEST CEDARVIEW AVE,,10306,1,0,1,"6,080","2,856",1970,1,A2,0,10/21/2025
5,RICHMONDTOWN,01 ONE FAMILY DWELLINGS,1,4433,17,,A3,N/A WEST CEDARVIEW AVE,,10306,1,0,1,"6,500","3,208",2024,1,A3,0,05/16/2025
5,RICHMONDTOWN,01 ONE FAMILY DWELLINGS,1,4435,30,,A3,408 THOMAS STREET,,10306,1,0,1,"6,825","2,986",2000,1,A3,"1,399,900",04/03/2025
5,RICHMONDTOWN,01 ONE FAMILY DWELLINGS,1,4436,1,,A1,319 CLARKE AVENUE,,10306,1,0,1,"10,000","2,352",1920,1,A1,"975,000",07/11/2025
5,RICHMONDTOWN,01 ONE FAMILY DWELLINGS,1,4436,22,,A1,347 CLARKE AVENUE,,10306,1,0,1,"5,700","2,100",1935,1,A1,"1,130,000",06/09/2025
5,RICHMONDTOWN,01 ONE FAMILY DWELLINGS,1,4438,84,,A3,212 CENTER STREET,,10306,1,0,1,"8,098","4,058",2024,1,A3,"1,753,936",08/25/2025
5,RICHMONDTOWN,01 ONE FAMILY DWELLINGS,1,4438,92,,A3,34 MOORE STREET,,10306,1,0,1,"8,287","2,700",1998,1,A3,"1,530,000",11/14/2025
5,RICHMONDTOWN,01 ONE FAMILY DWELLINGS,1,4440,10,,A1,375 CLARKE AVENUE,,10306,1,0,1,"8,719","1,831",1980,1,A1,"1,014,750",08/18/2025
5,RICHMONDTOWN,01 ONE FAMILY DWELLINGS,1,4468,43,,A3,294 CLARKE AVENUE,,10306,1,0,1,"15,525","4,680",1984,1,A3,0,09/03/2025
5,RICHMONDTOWN,02 TWO FAMILY DWELLINGS,1,2261,1,,S2,17 AULTMAN AVENUE,,10306,2,1,3,"3,000","2,500",2024,1,S2,0,05/20/2025
5,RICHMONDTOWN,02 TWO FAMILY DWELLINGS,1,2261,2,,S2,N/A AULTMAN AVENUE,,10306,2,1,3,"3,000","2,500",2024,1,S2,"1,339,325",04/30/2025
5,RICHMONDTOWN,02 TWO FAMILY DWELLINGS,1,4399,93,,B2,274 WILDER AVENUE,,10306,2,0,2,"6,225","2,184",1965,1,B2,"1,130,000",10/23/2025
5,RICHMONDTOWN,05 TAX CLASS 1 VACANT LAND,1B,2272,1,,V0,N/A LIGHTHOUSE AVENUE,,10306,0,0,0,"8,700",0,,1,V0,0,06/03/2025
5,RICHMONDTOWN,05 TAX CLASS 1 VACANT LAND,1B,4421,128,,V0,N/A KENSICO STREET,,10306,0,0,0,"3,506",0,,1,V0,"1,700,000",02/03/2026
5,RICHMONDTOWN,05 TAX CLASS 1 VACANT LAND,1B,4421,129,,V0,181 KENSICO STREET,,10306,0,0,0,"3,005",0,,1,V0,"1,700,000",02/03/2026
5,RICHMONDTOWN,05 TAX CLASS 1 VACANT LAND,1B,4421,130,,V0,N/A KENSICO STREET,,10306,0,0,0,"3,005",0,,1,V0,"1,700,000",02/03/2026
5,RICHMONDTOWN,05 TAX CLASS 1 VACANT LAND,1B,4421,131,,V0,N/A KENSICO STREET,,10306,0,0,0,"3,005",0,,1,V0,"1,700,000",02/03/2026
5,RICHMONDTOWN,05 TAX CLASS 1 VACANT LAND,1B,4421,132,,V0,106 WEST CEDARVIEW AVENUE,,10306,0,0,0,"4,132",0,,1,V0,"650,000",02/03/2026
5,RICHMONDTOWN,05 TAX CLASS 1 VACANT LAND,1B,4421,133,,V0,104 WEST CEDARVIEW AVENUE,,10306,0,0,0,"3,381",0,,1,V0,"650,000",02/03/2026
5,RICHMONDTOWN,05 TAX CLASS 1 VACANT LAND,1,4438,98,,A3,343 ARDSLEY STREET,,10306,1,0,1,"8,438",0,2025,1,V0,"1,832,850",08/05/2025
5,RICHMONDTOWN,35 INDOOR PUBLIC AND CULTURAL FACILITIES,4,2275,4,,P7,336 LIGHTHOUSE AVENUE,,10306,0,1,1,"8,600","1,782",1931,4,P7,0,06/03/2025
5,RICHMONDTOWN-LIGHTHS HILL,01 ONE FAMILY DWELLINGS,1,2267,6,,A1,238 EDINBORO ROAD,,10306,1,0,1,"8,121","3,220",1915,1,A1,0,07/18/2025
5,RICHMONDTOWN-LIGHTHS HILL,01 ONE FAMILY DWELLINGS,1,2276,14,,A2,286 EDINBORO ROAD,,10306,1,0,1,"8,000","1,696",1950,1,A2,"850,000",02/12/2026
5,RICHMONDTOWN-LIGHTHS HILL,01 ONE FAMILY DWELLINGS,1,2276,30,,A0,254 EDINBORO ROAD,,10306,1,0,1,"12,500","1,202",1955,1,A0,"800,000",12/15/2025
5,RICHMONDTOWN-LIGHTHS HILL,01 ONE FAMILY DWELLINGS,1,2286,12,,A3,58 MANOR COURT,,10306,1,0,1,"12,300","3,472",1975,1,A3,0,12/24/2025
5,RICHMONDTOWN-LIGHTHS HILL,01 ONE FAMILY DWELLINGS,1,2287,74,,A3,342 EDINBORO ROAD,,10306,1,0,1,"6,000","3,065",1955,1,A2,"2,050,000",01/07/2026
5,RICHMONDTOWN-LIGHTHS HILL,01 ONE FAMILY DWELLINGS,1,2287,107,,A2,375 LIGHTHOUSE AVENUE,,10306,1,0,1,"13,000","2,962",1955,1,A2,0,09/05/2025
5,RICHMONDTOWN-LIGHTHS HILL,01 ONE FAMILY DWELLINGS,1,2288,58,,A1,360 LONDON ROAD,,10306,1,0,1,"8,000","2,340",1965,1,A1,0,06/04/2025
5,RICHMONDTOWN-LIGHTHS HILL,01 ONE FAMILY DWELLINGS,1,2288,95,,A1,361 EDINBORO ROAD,,10306,1,0,1,"4,000","1,152",1960,1,A1,0,06/05/2025
5,RICHMONDTOWN-LIGHTHS HILL,01 ONE FAMILY DWELLINGS,1,2306,124,,A1,83 MEISNER AVENUE,,10306,1,0,1,"8,560","3,255",1955,1,A1,"1,390,000",06/30/2025
5,RICHMONDTOWN-LIGHTHS HILL,01 ONE FAMILY DWELLINGS,1,2306,258,,A3,16 MEEKER STREET,,10306,1,0,1,"7,200","4,553",1970,1,A3,"1,575,000",11/05/2025
5,RICHMONDTOWN-LIGHTHS HILL,06 TAX CLASS 1 - OTHER,1,2267,9,,G0,228 EDINBORO ROAD,,10306,0,0,0,"10,998",0,1980,1,G0,0,07/18/2025
5,ROSEBANK,01 ONE FAMILY DWELLINGS,1,2827,25,,A1,1101 BAY STREET,,10305,1,0,1,"10,450","2,604",1931,1,A1,"2,850,000",10/29/2025
5,ROSEBANK,01 ONE FAMILY DWELLINGS,1,2829,25,,A5,56 CLIFTON AVENUE,,10305,1,0,1,"2,500","1,216",1960,1,A5,"551,000",06/24/2025
5,ROSEBANK,01 ONE FAMILY DWELLINGS,1,2844,47,,A5,110 LYNHURST AVENUE,,10305,1,0,1,"2,444","1,176",1965,1,A5,0,04/01/2025
5,ROSEBANK,01 ONE FAMILY DWELLINGS,1,2844,50,,A5,102 LYNHURST AVENUE,,10305,1,0,1,"2,470","1,176",1965,1,A5,"466,666",05/19/2025
5,ROSEBANK,01 ONE FAMILY DWELLINGS,1,2844,55,,A5,92 LYNHURST AVENUE,,10305,1,0,1,"2,470","1,176",1965,1,A5,"653,000",04/14/2025
5,ROSEBANK,01 ONE FAMILY DWELLINGS,1,2844,70,,A1,62 LYNHURST AVENUE,,10305,1,0,1,"2,948","1,760",2018,1,A1,0,09/18/2025
5,ROSEBANK,01 ONE FAMILY DWELLINGS,1,2844,112,,A5,53 CHESTNUT AVENUE,,10305,1,0,1,"2,470","1,200",1965,1,A5,0,06/09/2025
5,ROSEBANK,01 ONE FAMILY DWELLINGS,1,2844,123,,A5,77 CHESTNUT AVE,,10305,1,0,1,"1,550","1,845",2001,1,A5,"635,000",04/01/2025
5,ROSEBANK,01 ONE FAMILY DWELLINGS,1,2844,138,,A5,105 CHESTNUT AVENUE,,10305,1,0,1,"1,665",840,1920,1,A5,"445,000",06/16/2025
5,ROSEBANK,01 ONE FAMILY DWELLINGS,1,2844,139,,A5,107 CHESTNUT AVENUE,,10305,1,0,1,"1,887",840,1890,1,A5,"588,000",06/12/2025
5,ROSEBANK,01 ONE FAMILY DWELLINGS,1,2844,140,,A5,109 CHESTNUT AVENUE,,10305,1,0,1,"1,887",840,1890,1,A5,0,10/16/2025
5,ROSEBANK,01 ONE FAMILY DWELLINGS,1,2844,146,,A5,119 CHESTNUT AVENUE,,10305,1,0,1,"1,650",750,1890,1,A5,"100,000",12/19/2025
5,ROSEBANK,01 ONE FAMILY DWELLINGS,1,2846,102,,A5,44 ANDERSON STREET,,10305,1,0,1,"2,950","1,152",1975,1,A5,"725,000",06/06/2025
5,ROSEBANK,01 ONE FAMILY DWELLINGS,1,2846,221,,A1,73 ANDERSON STREET,,10305,1,0,1,"2,614","3,369",2019,1,A1,0,02/09/2026
5,ROSEBANK,01 ONE FAMILY DWELLINGS,1,2846,315,,A1,95 ST MARYS AVENUE,,10305,1,0,1,"2,900","1,424",1925,1,A1,0,08/14/2025
5,ROSEBANK,01 ONE FAMILY DWELLINGS,1,2847,45,,A1,72 SAINT MARYS AVENUE,,10305,1,0,1,"5,700","1,056",1910,1,A1,0,08/07/2025
5,ROSEBANK,01 ONE FAMILY DWELLINGS,1,2847,51,,A1,62 ST MARYS AVENUE,,10305,1,0,1,"2,500","1,332",1901,1,A1,"660,000",05/29/2025
5,ROSEBANK,01 ONE FAMILY DWELLINGS,1,2847,105,,A1,33 VIRGINIA AVENUE,,10305,1,0,1,"2,500","1,648",1901,1,A1,"660,000",05/22/2025
5,ROSEBANK,01 ONE FAMILY DWELLINGS,1,2853,36,,A5,190 VERMONT AVENUE,,10305,1,0,1,"1,687","1,304",2005,1,A5,0,09/28/2025
5,ROSEBANK,01 ONE FAMILY DWELLINGS,1,2853,48,,A1,227 HYLAN BOULEVARD,,10305,1,0,1,"2,700","1,160",1910,1,A1,"680,000",04/03/2025
5,ROSEBANK,01 ONE FAMILY DWELLINGS,1,2855,13,,A5,198 HYLAN BOULEVARD,,10305,1,0,1,"3,139","1,216",1996,1,A5,"775,000",08/13/2025
5,ROSEBANK,01 ONE FAMILY DWELLINGS,1,2855,40,,A5,171 MARYLAND AVENUE,,10305,1,0,1,"1,815","1,010",1994,1,A5,"638,000",07/02/2025
5,ROSEBANK,01 ONE FAMILY DWELLINGS,1,2857,14,,A5,5 WHITE STREET,,10305,1,0,1,"1,920","1,080",1985,1,A5,"412,500",11/17/2025
5,ROSEBANK,01 ONE FAMILY DWELLINGS,1,2858,36,,A2,35 ST JOHNS AVENUE,,10305,1,0,1,"5,000","1,040",1945,1,A2,0,06/27/2025
5,ROSEBANK,01 ONE FAMILY DWELLINGS,1,2859,78,,A5,226 ANDERSON STREET,,10305,1,0,1,"2,550","1,204",2004,1,A5,0,12/23/2025
5,ROSEBANK,01 ONE FAMILY DWELLINGS,1,2859,102,,A5,293 WINGHAM STREET,,10305,1,0,1,"2,145","1,705",1996,1,A5,"532,481",10/01/2025
5,ROSEBANK,01 ONE FAMILY DWELLINGS,1,2859,179,,A5,N/A ST JOHNS AVENUE,,10305,1,0,1,"2,000","1,056",2025,1,A5,0,09/29/2025
5,ROSEBANK,01 ONE FAMILY DWELLINGS,1,2859,185,,A0,117 ST JOHNS AVENUE,,10305,1,0,1,"4,800",938,1945,1,A0,0,05/16/2025
5,ROSEBANK,01 ONE FAMILY DWELLINGS,1,2859,191,,A5,129 SAINT JOHNS AVENUE,,10305,1,0,1,"1,400","1,516",1985,1,A5,0,09/22/2025
5,ROSEBANK,01 ONE FAMILY DWELLINGS,1,2859,194,,A5,135 ST JOHNS AVENUE,,10305,1,0,1,"1,300","1,144",1987,1,A5,"650,000",09/29/2025
5,ROSEBANK,01 ONE FAMILY DWELLINGS,1,2859,214,,A5,21 DAYNA DRIVE,,10305,1,0,1,"1,300","1,144",1987,1,A5,"580,000",09/15/2025
5,ROSEBANK,01 ONE FAMILY DWELLINGS,1,2860,39,,A5,20 ST JOHNS AVENUE,,10305,1,0,1,"2,320","1,432",1989,1,A5,"638,000",09/22/2025
5,ROSEBANK,01 ONE FAMILY DWELLINGS,1,2860,41,,A5,16 ST JOHNS AVENUE,,10305,1,0,1,"2,480","1,432",1989,1,A5,"545,000",08/26/2025
5,ROSEBANK,01 ONE FAMILY DWELLINGS,1,2862,34,,A5,35 CABOT PLACE,,10305,1,0,1,"2,691","1,140",1996,1,A5,"209,000",10/23/2025
5,ROSEBANK,01 ONE FAMILY DWELLINGS,1,2862,47,,A5,90 BELAIR ROAD,,10305,1,0,1,"2,645","1,140",1996,1,A5,"760,000",07/02/2025
5,ROSEBANK,01 ONE FAMILY DWELLINGS,1,2862,50,,A5,88 BELAIR ROAD,,10305,1,0,1,"2,545","1,140",1996,1,A5,0,11/18/2025
5,ROSEBANK,01 ONE FAMILY DWELLINGS,1,2862,114,,A5,15 HOPE AVENUE,,10305,1,0,1,"3,800","1,160",1960,1,A5,"450,000",05/13/2025
5,ROSEBANK,01 ONE FAMILY DWELLINGS,1,2862,150,,A5,17 BELAIR LANE,,10305,1,0,1,"2,304","1,140",1996,1,A5,0,10/15/2025
5,ROSEBANK,01 ONE FAMILY DWELLINGS,1,2862,154,,A5,87 HOPE AVENUE,,10305,1,0,1,"1,987","1,140",1995,1,A5,0,02/04/2026
5,ROSEBANK,01 ONE FAMILY DWELLINGS,1,2862,163,,A5,38 BELAIR LANE,,10305,1,0,1,"2,347","1,140",1995,1,A5,0,07/17/2025
5,ROSEBANK,01 ONE FAMILY DWELLINGS,1,2864,94,,A1,39 BANG TER,,10305,1,0,1,"2,500","1,584",2004,1,A1,0,10/18/2025
5,ROSEBANK,01 ONE FAMILY DWELLINGS,1,2864,99,,A1,31 BANG TERRACE,,10305,1,0,1,"2,500","1,584",2004,1,A1,0,11/15/2025
5,ROSEBANK,01 ONE FAMILY DWELLINGS,1,2865,20,,A5,7 EGBERT PLACE,,10305,1,0,1,"2,144",960,1970,1,A5,"656,999",01/13/2026
5,ROSEBANK,01 ONE FAMILY DWELLINGS,1,2865,90,,A2,53 EGBERT PLACE,,10305,1,0,1,"1,960","1,012",1945,1,A2,"600,000",09/24/2025
5,ROSEBANK,01 ONE FAMILY DWELLINGS,1,2866,73,,S1,105 FINGERBOARD ROAD,,10305,1,1,2,"1,864","2,066",2021,1,S1,"937,528",10/22/2025
5,ROSEBANK,01 ONE FAMILY DWELLINGS,1,2866,118,,A5,28 HOPE LANE,,10305,1,0,1,"1,810","1,408",1997,1,A5,0,05/29/2025
5,ROSEBANK,01 ONE FAMILY DWELLINGS,1,2866,145,,A5,58 HOPE LANE,,10305,1,0,1,"3,080","1,408",1997,1,A5,"700,000",08/05/2025
5,ROSEBANK,01 ONE FAMILY DWELLINGS,1,2967,123,,A1,442 TOMPKINS AVENUE,,10305,1,0,1,"2,300","1,464",1920,1,A1,"640,000",10/31/2025
5,ROSEBANK,01 ONE FAMILY DWELLINGS,1,2968,1,,A1,59 BELL STREET,,10305,1,0,1,"1,240",868,1915,1,A1,"440,000",01/29/2026
5,ROSEBANK,01 ONE FAMILY DWELLINGS,1,2969,8,,A5,243 ST MARYS AVENUE,,10305,1,0,1,"1,650","1,140",1997,1,A5,"725,000",11/20/2025
5,ROSEBANK,01 ONE FAMILY DWELLINGS,1,2969,10,,A5,247 ST MARYS AVENUE,,10305,1,0,1,"2,970","1,140",1997,1,A5,"676,000",09/24/2025
5,ROSEBANK,01 ONE FAMILY DWELLINGS,1,2971,12,,A1,56 BELL STREET,,10305,1,0,1,"2,500","1,440",2022,1,A1,0,11/17/2025
5,ROSEBANK,01 ONE FAMILY DWELLINGS,1,2973,7,,A1,269 CLIFTON AVENUE,,10305,1,0,1,"2,375","1,360",2003,1,A1,"820,000",12/22/2025
5,ROSEBANK,01 ONE FAMILY DWELLINGS,1,2973,8,,A1,271 CLIFTON AVENUE,,10305,1,0,1,"2,575","1,360",2003,1,A1,"760,000",11/06/2025
5,ROSEBANK,01 ONE FAMILY DWELLINGS,1,2973,16,,A1,295 CLIFTON AVE,,10305,1,0,1,"2,500",868,1920,1,A1,"668,000",08/29/2025
5,ROSEBANK,01 ONE FAMILY DWELLINGS,1,2973,24,,A1,206 VIRGINIA AVENUE,,10305,1,0,1,"2,500","1,460",2006,1,A1,"820,000",11/25/2025
5,ROSEBANK,01 ONE FAMILY DWELLINGS,1,2973,28,,A1,202 VIRGINIA AVENUE,,10305,1,0,1,"2,500","1,320",1910,1,A1,"635,000",11/21/2025
5,ROSEBANK,01 ONE FAMILY DWELLINGS,1,2975,17,,A2,347 CLIFTON AVENUE,,10305,1,0,1,"3,977","2,352",1965,1,A2,0,06/04/2025
5,ROSEBANK,01 ONE FAMILY DWELLINGS,1,2975,48,,A5,216 VIRGINIA AVENUE,,10305,1,0,1,"1,344","1,200",1992,1,A5,0,04/26/2025
5,ROSEBANK,01 ONE FAMILY DWELLINGS,1,2978,5,,A5,306 HYLAN BOULEVARD,,10305,1,0,1,"2,635","1,440",1985,1,A5,"762,000",02/05/2026
5,ROSEBANK,01 ONE FAMILY DWELLINGS,1,2980,4,,A1,24 THOMPSON PLACE,,10305,1,0,1,"4,100","1,232",1910,1,A1,0,11/29/2025
5,ROSEBANK,01 ONE FAMILY DWELLINGS,1,2980,31,,A1,193 ST JOHNS AVENUE,,10305,1,0,1,"4,100","1,424",1910,1,A1,"678,000",07/23/2025
5,ROSEBANK,01 ONE FAMILY DWELLINGS,1,2981,15,,A1,338 CLIFTON AVENUE,,10305,1,0,1,"2,500","1,640",1915,1,A1,"469,650",01/12/2026
5,ROSEBANK,01 ONE FAMILY DWELLINGS,1,2981,28,,A1,320 CLIFTON AVENUE,,10305,1,0,1,"5,750","2,039",1925,1,A1,"640,000",12/16/2025
5,ROSEBANK,01 ONE FAMILY DWELLINGS,1,2981,79,,A5,357A HYLAN BOULEVARD,,10305,1,0,1,810,"1,240",1995,1,A5,"590,000",09/18/2025
5,ROSEBANK,01 ONE FAMILY DWELLINGS,1,2981,126,,A5,95 REYNOLDS STREET,,10305,1,0,1,"1,944","1,344",1998,1,A5,"788,000",10/27/2025
5,ROSEBANK,01 ONE FAMILY DWELLINGS,1,2982,33,,A5,323 MARYLAND AVENUE,,10305,1,0,1,"3,024","1,072",1955,1,A5,"555,000",12/22/2025
5,ROSEBANK,01 ONE FAMILY DWELLINGS,1,2983,29,,A5,6 JAMES PLACE,,10305,1,0,1,"2,616","1,596",1988,1,A5,0,04/22/2025
5,ROSEBANK,01 ONE FAMILY DWELLINGS,1,2983,102,,A5,48 BELLAVISTA COURT,,10305,1,0,1,"3,322","1,472",1998,1,A5,"830,000",07/31/2025
5,ROSEBANK,01 ONE FAMILY DWELLINGS,1,2984,77,,A5,429 HYLAN BLVD,,10305,1,0,1,"1,325",924,1988,1,A5,"625,000",11/10/2025
5,ROSEBANK,01 ONE FAMILY DWELLINGS,1,2985,15,,A5,34 MARYLAND LANE,,10305,1,0,1,"1,200","1,150",1988,1,A5,"569,998",10/20/2025
5,ROSEBANK,01 ONE FAMILY DWELLINGS,1,2985,54,,A5,9 MARYLAND LANE,,10305,1,0,1,952,"1,150",1988,1,A5,"649,900",02/25/2026
5,ROSEBANK,01 ONE FAMILY DWELLINGS,1,2988,27,,A5,47 REYNOLDS STREET,,10305,1,0,1,"2,500","1,520",1998,1,A5,0,12/17/2025
5,ROSEBANK,01 ONE FAMILY DWELLINGS,1,2990,5,,A2,46 REYNOLDS STREET,,10305,1,0,1,"3,400",864,1940,1,A2,0,01/14/2026
5,ROSEBANK,01 ONE FAMILY DWELLINGS,1,2990,5,,A2,46 REYNOLDS STREET,,10305,1,0,1,"3,400",864,1940,1,A2,0,01/15/2026
5,ROSEBANK,01 ONE FAMILY DWELLINGS,1,2991,30,,A2,69 COLTON STREET,,10305,1,0,1,"3,600","1,050",1965,1,A2,0,12/22/2025
5,ROSEBANK,01 ONE FAMILY DWELLINGS,1,2991,50,,A5,318 VIRGINIA AVE,,10305,1,0,1,"2,000","1,000",1994,1,A5,0,05/07/2025
5,ROSEBANK,01 ONE FAMILY DWELLINGS,1,2991,50,,A5,318 VIRGINIA AVE,,10305,1,0,1,"2,000","1,000",1994,1,A5,0,05/30/2025
5,ROSEBANK,01 ONE FAMILY DWELLINGS,1,2996,107,,A5,32 DONLEY AVENUE,,10305,1,0,1,"1,248","1,273",1991,1,A5,0,06/24/2025
5,ROSEBANK,01 ONE FAMILY DWELLINGS,1,2997,22,,A2,54 DONLEY AVENUE,,10305,1,0,1,"3,880","1,050",1965,1,A2,0,06/20/2025
5,ROSEBANK,01 ONE FAMILY DWELLINGS,1,2997,46,,A1,55 ROCKWELL AVENUE,,10305,1,0,1,"4,000","2,200",1965,1,A1,0,11/17/2025
5,ROSEBANK,01 ONE FAMILY DWELLINGS,1,2997,50,,A5,488 CLIFTON AVENUE,,10305,1,0,1,"2,380","1,230",1976,1,A5,"720,000",05/07/2025
5,ROSEBANK,01 ONE FAMILY DWELLINGS,1,3019,8,,A1,73 NARROWS ROAD NORTH,,10305,1,0,1,"5,000","1,584",1905,1,A1,0,02/04/2026
5,ROSEBANK,01 ONE FAMILY DWELLINGS,1,3024,155,,A5,128 NARROWS ROAD SOUTH,,10305,1,0,1,"2,100","1,148",1997,1,A5,0,04/01/2025
5,ROSEBANK,01 ONE FAMILY DWELLINGS,1,3037,82,,A5,49 LEGION PLACE,,10305,1,0,1,"2,445","1,344",1997,1,A5,"692,000",08/04/2025
5,ROSEBANK,01 ONE FAMILY DWELLINGS,1,3038,1,,A3,762 HYLAN BOULEVARD,,10305,1,0,1,"10,982","3,736",1960,1,A3,0,07/16/2025
5,ROSEBANK,01 ONE FAMILY DWELLINGS,1,3038,22,,A2,15 RODERICK AVENUE,,10305,1,0,1,"6,000","2,828",1960,1,A2,0,05/07/2025
5,ROSEBANK,01 ONE FAMILY DWELLINGS,1,3070,8,,A5,31 LYMAN AVENUE,,10305,1,0,1,"1,442","1,396",1991,1,A5,"630,000",12/09/2025
5,ROSEBANK,01 ONE FAMILY DWELLINGS,1,3070,26,,A1,25 SUMMER STREET,,10305,1,0,1,"2,673","1,691",2006,1,A1,"830,000",02/11/2026
5,ROSEBANK,01 ONE FAMILY DWELLINGS,1,3071,12,,A5,93 LYMAN AVENUE,,10305,1,0,1,"3,125","1,376",1965,1,A5,"680,000",04/01/2025
5,ROSEBANK,01 ONE FAMILY DWELLINGS,1,3071,206,,A5,56 BRIDGE COURT,,10305,1,0,1,"1,475","1,176",1997,1,A5,0,05/03/2025
5,ROSEBANK,01 ONE FAMILY DWELLINGS,1,3071,211,,A5,48 BRIDGE COURT,,10305,1,0,1,"1,475","1,260",1997,1,A5,0,03/05/2026
5,ROSEBANK,01 ONE FAMILY DWELLINGS,1,3072,15,,A2,140 LYMAN AVENUE,,10305,1,0,1,"2,300",984,1940,1,A2,"720,000",04/17/2025
5,ROSEBANK,01 ONE FAMILY DWELLINGS,1,3072,69,,A1,28 LYMAN AVENUE,,10305,1,0,1,"6,050","2,232",1901,1,A1,0,11/04/2025
5,ROSEBANK,01 ONE FAMILY DWELLINGS,1,3072,81,,A5,8 LYMAN AVENUE,,10305,1,0,1,"2,205","1,368",1997,1,A5,0,05/09/2025
5,ROSEBANK,01 ONE FAMILY DWELLINGS,1,3073,89,,A2,1510 BAY STREET,,10305,1,0,1,"4,002","1,056",1945,1,A2,0,12/04/2025
5,ROSEBANK,01 ONE FAMILY DWELLINGS,1,3075,9,,A1,226 FINGERBOARD ROAD,,10305,1,0,1,"2,625","1,350",2022,1,A1,"712,775",07/02/2025
5,ROSEBANK,01 ONE FAMILY DWELLINGS,1,3075,43,,A2,139 GARFIELD AVENUE,,10305,1,0,1,"8,528",960,1950,1,A2,"40,000",09/26/2025
5,ROSEBANK,02 TWO FAMILY DWELLINGS,1,2829,17,,B9,N/A CLIFTON AVENUE,,10305,2,0,2,"3,475","2,474",2024,1,B9,"1,130,000",07/23/2025
5,ROSEBANK,02 TWO FAMILY DWELLINGS,1,2829,18,,B9,N/A CLIFTON AVENUE,,10305,2,0,2,"3,475","2,474",2024,1,B9,"916,425",10/17/2025
5,ROSEBANK,02 TWO FAMILY DWELLINGS,1,2842,120,,B9,35A LANGERE PLACE,,10305,2,0,2,850,"1,700",1995,1,B9,"450,000",06/06/2025
5,ROSEBANK,02 TWO FAMILY DWELLINGS,1,2842,122,,B9,35C LANGERE PLACE,,10305,2,0,2,850,"1,700",1995,1,B9,"450,000",06/06/2025
5,ROSEBANK,02 TWO FAMILY DWELLINGS,1,2842,124,,B9,35E LANGERE PLACE,,10305,2,0,2,850,"1,700",1995,1,B9,"450,000",06/06/2025
5,ROSEBANK,02 TWO FAMILY DWELLINGS,1,2842,126,,B9,35G LANGERE PLACE,,10305,2,0,2,870,"1,740",1995,1,B9,"450,000",06/06/2025
5,ROSEBANK,02 TWO FAMILY DWELLINGS,1,2846,224,,B1,65 ANDERSON STREET,,10305,2,0,2,"3,192","1,592",1930,1,B1,"720,000",07/03/2025
5,ROSEBANK,02 TWO FAMILY DWELLINGS,1,2846,232,,S2,59 SAINT MARYS AVE,,10305,2,1,3,"3,430","3,800",1899,1,S2,"780,000",04/30/2025
5,ROSEBANK,02 TWO FAMILY DWELLINGS,1,2849,18,,B2,124 VIRGINIA AVENUE,,10305,2,0,2,"5,000","3,000",2004,1,B2,"1,300,000",03/12/2026
5,ROSEBANK,02 TWO FAMILY DWELLINGS,1,2853,58,,B1,241 HYLAN BOULEVARD,,10305,2,0,2,"2,700","1,535",1920,1,B1,0,05/12/2025
5,ROSEBANK,02 TWO FAMILY DWELLINGS,1,2854,9,,B1,138 HYLAN BOULEVARD,,10305,2,0,2,"3,025","1,596",1901,1,B1,0,08/14/2025
5,ROSEBANK,02 TWO FAMILY DWELLINGS,1,2854,20,,S2,1200 BAY STREET,,10305,2,1,3,"2,925","2,950",1931,1,S2,"999,999",08/26/2025
5,ROSEBANK,02 TWO FAMILY DWELLINGS,1,2856,57,,B2,261 MARYLAND AVENUE,,10305,2,0,2,"3,125","1,440",2004,1,B2,0,02/11/2026
5,ROSEBANK,02 TWO FAMILY DWELLINGS,1,2857,33,,S2,1256 BAY STREET,,10305,2,1,3,"3,000","4,590",1931,1,S2,0,06/26/2025
5,ROSEBANK,02 TWO FAMILY DWELLINGS,1,2859,49,,B1,212 MARYLAND AVE,,10305,2,0,2,"3,900","1,640",1940,1,B1,0,07/17/2025
5,ROSEBANK,02 TWO FAMILY DWELLINGS,1,2859,180,,B9,N/A ST JOHNS AVENUE,,10305,2,0,2,"2,800","1,754",2025,1,B9,0,09/29/2025
5,ROSEBANK,02 TWO FAMILY DWELLINGS,1,2862,15,,B2,699 TOMPKINS AVENUE,,10305,2,0,2,"5,000","2,744",1960,1,B2,0,06/04/2025
5,ROSEBANK,02 TWO FAMILY DWELLINGS,1,2863,13,,B1,44 HOPE AVENUE,,10305,2,0,2,"6,650","3,399",1901,1,B1,0,08/15/2025
5,ROSEBANK,02 TWO FAMILY DWELLINGS,1,2865,68,,B2,443 HOME AVENUE,,10305,2,0,2,"2,500","1,908",1920,1,B2,"790,000",08/25/2025
5,ROSEBANK,02 TWO FAMILY DWELLINGS,1,2965,10,,B9,177 CHESTNUT AVENUE,,10305,2,0,2,"3,700","1,800",2004,1,B9,0,09/17/2025
5,ROSEBANK,02 TWO FAMILY DWELLINGS,1,2965,13,,B2,189 CHESTNUT AVENUE,,10305,2,0,2,"5,075","2,650",1935,1,B2,"785,000",05/29/2025
5,ROSEBANK,02 TWO FAMILY DWELLINGS,1,2967,11,,B3,179 ST MARYS AVENUE,,10305,2,0,2,"4,800","1,560",1915,1,B3,"591,603",04/07/2025
5,ROSEBANK,02 TWO FAMILY DWELLINGS,1,2969,32,,B2,28 WHITE PLAINS AVENUE,,10305,2,0,2,"7,500","1,530",1940,1,B2,"810,000",05/30/2025
5,ROSEBANK,02 TWO FAMILY DWELLINGS,1,2973,12,,B3,291 CLIFTON AVENUE,,10305,2,0,2,"5,000","1,828",1910,1,B3,"900,000",05/21/2025
5,ROSEBANK,02 TWO FAMILY DWELLINGS,1,2974,75,,B2,2 AMITY STREET,,10305,2,0,2,"4,950","1,376",1905,1,B2,0,11/06/2025
5,ROSEBANK,02 TWO FAMILY DWELLINGS,1,2978,14,,B3,592 TOMPKINS AVENUE,,10305,2,0,2,"3,500","1,364",1925,1,B3,0,04/15/2025
5,ROSEBANK,02 TWO FAMILY DWELLINGS,1,2978,31,,B2,301 MARYLAND AVENUE,,10305,2,0,2,"6,250","1,669",1945,1,B2,"850,000",06/20/2025
5,ROSEBANK,02 TWO FAMILY DWELLINGS,1,2981,31,,B3,46 FOX HILL TERRACE,,10305,2,0,2,"5,000","3,484",1945,1,B3,0,06/04/2025
5,ROSEBANK,02 TWO FAMILY DWELLINGS,1,2993,65,,B2,358 VIRGINIA AVENUE,,10305,2,0,2,"4,000","2,016",1965,1,B2,0,02/18/2026
5,ROSEBANK,02 TWO FAMILY DWELLINGS,1,2996,6,,B2,35 ROCKWELL AVENUE,,10305,2,0,2,"4,915","2,470",2010,1,B2,0,07/24/2025
5,ROSEBANK,02 TWO FAMILY DWELLINGS,1,2997,1,,B2,47 ROCKWELL AVENUE,,10305,2,0,2,"4,300","2,100",1965,1,B2,"940,000",06/12/2025
5,ROSEBANK,02 TWO FAMILY DWELLINGS,1,2997,1,,B2,47 ROCKWELL AVENUE,,10305,2,0,2,"4,300","2,100",1965,1,B2,"960,000",01/06/2026
5,ROSEBANK,02 TWO FAMILY DWELLINGS,1,3012,1,,B2,332 ST JOHNS AVENUE,,10305,2,0,2,"3,760","2,326",1986,1,B2,500,08/28/2025
5,ROSEBANK,02 TWO FAMILY DWELLINGS,1,3012,7,,B2,320 ST JOHNS AVENUE,,10305,2,0,2,"3,880","2,350",1984,1,B2,10,08/05/2025
5,ROSEBANK,02 TWO FAMILY DWELLINGS,1,3037,68,,B3,25 LEGION PLACE,,10305,2,0,2,"8,780","1,814",1960,1,B3,"968,000",09/23/2025
5,ROSEBANK,02 TWO FAMILY DWELLINGS,1,3069,21,,B3,49 HIGH STREET,,10305,2,0,2,"2,700","1,538",1899,1,B3,0,09/16/2025
5,ROSEBANK,02 TWO FAMILY DWELLINGS,1,3069,21,,B3,49 HIGH STREET,,10305,2,0,2,"2,700","1,538",1899,1,B3,0,01/22/2026
5,ROSEBANK,02 TWO FAMILY DWELLINGS,1,3071,70,,B2,108 FINGERBOARD ROAD,,10305,2,0,2,"5,825","1,500",1899,1,B2,0,09/12/2025
5,ROSEBANK,02 TWO FAMILY DWELLINGS,1,3072,75,,B2,24 LYMAN AVENUE,,10305,2,0,2,"3,974","1,620",2010,1,B2,"998,000",06/17/2025
5,ROSEBANK,02 TWO FAMILY DWELLINGS,1,3075,5,,B3,236 FINGERBOARD ROAD,,10305,2,0,2,"2,625","1,064",1901,1,B3,"870,000",03/03/2026
5,ROSEBANK,02 TWO FAMILY DWELLINGS,1,3075,10,,B2,224 FINGERBOARD ROAD,,10305,2,0,2,"3,675","1,992",2022,1,B2,"967,338",05/20/2025
5,ROSEBANK,02 TWO FAMILY DWELLINGS,1,3075,30,,B2,188 FINGERBOARD ROAD,,10305,2,0,2,"4,497","2,090",2004,1,B2,0,09/26/2025
5,ROSEBANK,02 TWO FAMILY DWELLINGS,1,3076,2,,B2,20 BROWN STREET,,10307,2,0,2,"3,720","2,354",2025,1,B2,"1,364,454",01/05/2026
5,ROSEBANK,02 TWO FAMILY DWELLINGS,1,3076,4,,B2,18 BROWN STREET,,10307,2,0,2,"3,596","2,354",2025,1,B2,"1,374,638",01/28/2026
5,ROSEBANK,03 THREE FAMILY DWELLINGS,1,2863,71,,C0,61 EVELYN PLACE,,10305,3,0,3,"7,980","2,834",1940,1,C0,0,09/12/2025
5,ROSEBANK,04 TAX CLASS 1 CONDOS,1A,2829,1060,,R3,"49 HYLAN BOULEVARD, II D",II D,10305,1,,1,,,1988,1,R3,"452,000",10/01/2025
5,ROSEBANK,04 TAX CLASS 1 CONDOS,1A,3005,1035,,R3,124 NORTH DRIVE,,10305,1,,1,,,1979,1,R3,"749,000",01/05/2026
5,ROSEBANK,04 TAX CLASS 1 CONDOS,1A,3005,1067,,R3,89 NORTH DRIVE,,10305,1,,1,,,1979,1,R3,0,11/18/2025
5,ROSEBANK,04 TAX CLASS 1 CONDOS,1A,3024,1020,,R3,217 GRASMERE DRIVE,,10305,1,,1,,,1977,1,R3,0,04/04/2025
5,ROSEBANK,04 TAX CLASS 1 CONDOS,1A,3024,1052,,R3,230 GRASMERE DRIVE,,10305,1,,1,,,1977,1,R3,"730,000",06/10/2025
5,ROSEBANK,04 TAX CLASS 1 CONDOS,1A,3024,1056,,R3,238 GRASMERE DRIVE,,10305,1,,1,,,1977,1,R3,0,11/18/2025
5,ROSEBANK,04 TAX CLASS 1 CONDOS,1A,3024,1131,,R3,282 GRASMERE DRIVE,,10305,1,,1,,,1977,1,R3,"750,000",09/08/2025
5,ROSEBANK,04 TAX CLASS 1 CONDOS,1A,3024,1138,,R3,300 GRASMERE DRIVE,,10305,1,,1,,,1977,1,R3,0,05/15/2025
5,ROSEBANK,04 TAX CLASS 1 CONDOS,1A,3024,1160,,R3,291 HILLBROOK DRIVE,,10305,1,,1,,,1977,1,R3,"770,000",11/14/2025
5,ROSEBANK,04 TAX CLASS 1 CONDOS,1A,3024,1170,,R3,78 CLARADON LANE,,10305,1,,1,,,1977,1,R3,"795,000",10/20/2025
5,ROSEBANK,04 TAX CLASS 1 CONDOS,1A,3024,1172,,R3,74 CLARADON LANE,,10305,1,,1,,,1977,1,R3,"600,000",09/16/2025
5,ROSEBANK,04 TAX CLASS 1 CONDOS,1A,3024,1178,,R3,62 CLARADON LANE,,10305,1,,1,,,1977,1,R3,0,07/26/2025
5,ROSEBANK,04 TAX CLASS 1 CONDOS,1A,3024,1205,,R3,"85 DOGWOOD LANE, 205",,10305,1,,1,,,1977,1,R3,"728,000",11/06/2025
5,ROSEBANK,04 TAX CLASS 1 CONDOS,1A,3024,1211,,R3,112 DOGWOOD LANE,,10305,1,,1,,,1977,1,R3,0,08/04/2025
5,ROSEBANK,04 TAX CLASS 1 CONDOS,1A,3024,1239,,R3,98 DOGWOOD LANE,,10305,1,,1,,,1977,1,R3,"799,000",02/11/2026
5,ROSEBANK,04 TAX CLASS 1 CONDOS,1A,3024,1243,,R3,90 DOGWOOD LANE,,10305,1,,1,,,1977,1,R3,"590,000",07/16/2025
5,ROSEBANK,04 TAX CLASS 1 CONDOS,1A,3024,1247,,R3,82 DOGWOOD LANE,,10305,1,,1,,,1977,1,R3,"180,000",04/25/2025
5,ROSEBANK,04 TAX CLASS 1 CONDOS,1A,3024,1259,,R3,330 HILLBROOK DRIVE,,10305,1,,1,,,1977,1,R3,0,04/02/2025
5,ROSEBANK,04 TAX CLASS 1 CONDOS,1A,3024,1261,,R3,334 HILLBROOK DRIVE,,10305,1,,1,,,1977,1,R3,0,10/07/2025
5,ROSEBANK,04 TAX CLASS 1 CONDOS,1A,3024,1265,,R3,342 HILLBROOK DRIVE,,10305,1,,1,,,1977,1,R3,0,08/07/2025
5,ROSEBANK,04 TAX CLASS 1 CONDOS,1A,3024,1267,,R3,62 NARROWS ROAD SOUTH,,10305,1,,1,,,1977,1,R3,0,05/09/2025
5,ROSEBANK,04 TAX CLASS 1 CONDOS,1A,3024,1267,,R3,62 NARROWS ROAD SOUTH,,10305,1,,1,,,1977,1,R3,0,10/29/2025
5,ROSEBANK,05 TAX CLASS 1 VACANT LAND,1B,2842,115,,V0,N/A LANGERE PLACE,,10305,0,0,0,"9,730",0,,1,V0,"450,000",06/06/2025
5,ROSEBANK,05 TAX CLASS 1 VACANT LAND,1B,2846,301,,V0,N/A ST MARYS AVENUE,,10305,0,0,0,675,0,,1,V0,"780,000",04/30/2025
5,ROSEBANK,05 TAX CLASS 1 VACANT LAND,1B,2849,20,,V0,N/A VIRGINIA AVENUE,,10305,0,0,0,"2,700",0,,1,V0,"1,300,000",03/12/2026
5,ROSEBANK,05 TAX CLASS 1 VACANT LAND,1B,2866,264,,V0,N/A EGBERT PLACE,,10305,0,0,0,94,0,,1,V0,"700,000",08/05/2025
5,ROSEBANK,05 TAX CLASS 1 VACANT LAND,1B,2973,15,,V0,N/A CLIFTON AVENUE,,10305,0,0,0,"2,500",0,,1,V0,"900,000",05/21/2025
5,ROSEBANK,06 TAX CLASS 1 - OTHER,1B,2973,11,,V0,279 CLIFTON AVENUE,,10305,0,0,0,"2,500",0,1931,1,G0,"220,000",06/05/2025
5,ROSEBANK,08 RENTALS - ELEVATOR APARTMENTS,2,2829,94,,D3,59 HYLAN BOULEVARD,,10305,18,0,18,"18,095","19,400",2002,2,D3,"2,700,000",04/28/2025
5,ROSEBANK,09 COOPS - WALKUP APARTMENTS,2,2986,12,,C6,"390 MARYLAND AVENUE, 2C",,10305,,,,,,1974,2,C6,"192,500",12/08/2025
5,ROSEBANK,09 COOPS - WALKUP APARTMENTS,2,2986,12,,C6,"400 MARYLAND AVENUE, 2D",,10305,,,,,,1974,2,C6,"480,000",09/18/2025
5,ROSEBANK,09 COOPS - WALKUP APARTMENTS,2,2986,12,,C6,"416 MARYLAND AVENUE, 2A",,10305,,,,,,1974,2,C6,"265,000",05/27/2025
5,ROSEBANK,09 COOPS - WALKUP APARTMENTS,2,2986,12,,C6,"420 MARYLAND AVENUE, 3B",,10305,,,,,,1974,2,C6,"255,000",10/17/2025
5,ROSEBANK,09 COOPS - WALKUP APARTMENTS,2,2986,12,,C6,"420 MARYLAND AVENUE, 3C",,10305,,,,,,1974,2,C6,"267,000",12/01/2025
5,ROSEBANK,09 COOPS - WALKUP APARTMENTS,2,2986,12,,C6,"422 MARYLAND AVENUE, 1D",,10305,,,,,,1974,2,C6,"300,000",11/24/2025
5,ROSEBANK,09 COOPS - WALKUP APARTMENTS,2,2986,12,,C6,"422 MARYLAND AVENUE, 3A",,10305,,,,,,1974,2,C6,"265,000",07/24/2025
5,ROSEBANK,12 CONDOS - WALKUP APARTMENTS,2,2862,1009,,R2,"50 BELAIR ROAD, 2A",2A,10305,1,,1,,,1985,2,R2,0,12/29/2025
5,ROSEBANK,12 CONDOS - WALKUP APARTMENTS,2,2862,1016,,R2,"50 BELAIR ROAD, 2H",2H,10305,1,,1,,,1985,2,R2,"299,000",09/09/2025
5,ROSEBANK,12 CONDOS - WALKUP APARTMENTS,2,2862,1043,,R2,"50 BELAIR ROAD, 5E",5E,10305,1,,1,,,1985,2,R2,0,02/04/2026
5,ROSEBANK,12 CONDOS - WALKUP APARTMENTS,2,2862,1043,,R2,"50 BELAIR ROAD, 5E",5E,10305,1,,1,,,1985,2,R2,"368,000",09/29/2025
5,ROSEBANK,12 CONDOS - WALKUP APARTMENTS,2,2862,1045,,R2,"50 BELAIR ROAD, 5G",5G,10305,1,,1,,,1985,2,R2,0,04/21/2025
5,ROSEBANK,12 CONDOS - WALKUP APARTMENTS,2,3019,1012,,R2,"83B NARROWS ROAD NORTH, 83B",2B,10305,1,,1,,,1988,2,R2,"385,000",04/07/2025
5,ROSEBANK,12 CONDOS - WALKUP APARTMENTS,2,3019,1023,,R2,"83C NARROWS ROAD NORTH, 2C",2C,10305,1,,1,,,1988,2,R2,0,06/16/2025
5,ROSEBANK,12 CONDOS - WALKUP APARTMENTS,2,3019,1029,,R2,"89C NARROWS ROAD NORTH, 5C",5C,10305,1,,1,,,1988,2,R2,0,01/13/2026
5,ROSEBANK,12 CONDOS - WALKUP APARTMENTS,2,3019,1031,,R2,"91C NARROWS ROAD NORTH, 6C",6C,10305,1,,1,,,1988,2,R2,"438,000",12/05/2025
5,ROSEBANK,12 CONDOS - WALKUP APARTMENTS,2,3019,1036,,R2,"95D NARROWS ROAD NORTH, 8D",8D,10305,1,,1,,,1988,2,R2,"311,298",07/01/2025
5,ROSEBANK,13 CONDOS - ELEVATOR APARTMENTS,2,2829,1003,,R4,"31 HYLAN BLVD, 1D",1D,10305,1,,1,,,1987,2,R4,"465,000",04/09/2025
5,ROSEBANK,13 CONDOS - ELEVATOR APARTMENTS,2,2829,1022,,R4,"31 HYLAN BOULEVARD, 6C",6C,10305,1,,1,,,1987,2,R4,"458,000",05/07/2025
5,ROSEBANK,13 CONDOS - ELEVATOR APARTMENTS,2,2829,1024,,R4,"31 HYLAN BOULEVARD, 7A",7A,10305,1,,1,,,1987,2,R4,"600,000",06/25/2025
5,ROSEBANK,13 CONDOS - ELEVATOR APARTMENTS,2,2829,1025,,R4,"31 HYLAN BOULEVARD, 7B",7B,10305,1,,1,,,1987,2,R4,"575,000",11/21/2025
5,ROSEBANK,13 CONDOS - ELEVATOR APARTMENTS,2,2829,1026,,R4,"31 HYLAN BLVD, 7C",7C,10305,1,,1,,,1987,2,R4,0,11/04/2025
5,ROSEBANK,13 CONDOS - ELEVATOR APARTMENTS,2,2829,1027,,R4,"31 HYLAN BOULEVARD, 7D",7D,10305,1,,1,,,1987,2,R4,"585,000",10/22/2025
5,ROSEBANK,13 CONDOS - ELEVATOR APARTMENTS,2,2829,1043,,R4,"31 HYLAN BOULEVARD, 11D",11D,10305,1,,1,,,1987,2,R4,0,04/30/2025
5,ROSEBANK,22 STORE BUILDINGS,4,2827,1,,K6,1125 BAY STREET,,10305,0,2,2,"53,716","15,750",1998,4,K6,"10,500,000",11/24/2025
5,ROSEBANK,22 STORE BUILDINGS,4,2844,19,,K1,154 LYNHURST AVENUE,,10305,0,7,7,"25,900","17,862",1930,4,K1,"5,700,000",09/19/2025
5,ROSEBANK,22 STORE BUILDINGS,4,2854,21,,K4,1202 BAY STREET,,10305,1,1,2,"2,600","2,220",1931,4,K4,"620,000",04/17/2025
5,ROSEBANK,37 RELIGIOUS FACILITIES,4,2827,20,,M1,1107 BAY STREET,,10305,0,1,1,"24,000","4,000",1931,4,M1,"2,850,000",10/29/2025
5,ROSSVILLE,01 ONE FAMILY DWELLINGS,1,6085,220,,A1,485 POWELL STREET,,10312,1,0,1,"9,485","4,200",1997,1,A1,0,07/23/2025
5,ROSSVILLE,01 ONE FAMILY DWELLINGS,1,6106,198,,A1,41 COVINGTON CIRCLE,,10312,1,0,1,"4,171","2,600",2000,1,A1,"1,075,000",07/18/2025
5,ROSSVILLE,01 ONE FAMILY DWELLINGS,1,6108,16,,A3,47 GILROY STREET,,10309,1,0,1,"16,700","5,018",1987,1,A3,0,06/26/2025
5,ROSSVILLE,01 ONE FAMILY DWELLINGS,1,6146,82,,A3,9 MALLOW STREET,,10309,1,0,1,"10,000","4,752",1985,1,A3,"1,350,000",10/24/2025
5,ROSSVILLE,01 ONE FAMILY DWELLINGS,1,6147,40,,A1,38 BARROW PLACE,,10309,1,0,1,"4,200","3,270",1990,1,A1,0,06/23/2025
5,ROSSVILLE,01 ONE FAMILY DWELLINGS,1,6147,60,,A5,102 MALLOW STREET,,10309,1,0,1,"2,585","1,600",1997,1,A5,"790,000",08/04/2025
5,ROSSVILLE,01 ONE FAMILY DWELLINGS,1,6155,62,,A3,19 BARROW PLACE,,10309,1,0,1,"10,230","3,970",1990,1,A3,0,04/18/2025
5,ROSSVILLE,01 ONE FAMILY DWELLINGS,1,6156,32,,A1,36 SELKIRK STREET,,10309,1,0,1,"5,060","2,035",1993,1,A1,0,04/11/2025
5,ROSSVILLE,01 ONE FAMILY DWELLINGS,1,6160,11,,A5,70 POND STREET,,10309,1,0,1,"3,212","1,704",1994,1,A5,"795,000",05/06/2025
5,ROSSVILLE,01 ONE FAMILY DWELLINGS,1,6166,154,,A6,53 MORRIS STREET,,10309,1,0,1,"7,315","1,088",1901,1,A6,"950,000",12/10/2025
5,ROSSVILLE,01 ONE FAMILY DWELLINGS,1,6166,158,,A6,43 MORRIS STREET,,10309,1,0,1,"7,315","1,304",1899,1,A6,"875,000",10/21/2025
5,ROSSVILLE,01 ONE FAMILY DWELLINGS,1,7037,76,,A5,45 REDWOOD LOOP,,10309,1,0,1,"1,566","1,480",1986,1,A5,"605,000",01/21/2026
5,ROSSVILLE,01 ONE FAMILY DWELLINGS,1,7037,90,,A5,95 REDWOOD LOOP,,10309,1,0,1,"2,398","1,480",1986,1,A5,0,05/29/2025
5,ROSSVILLE,01 ONE FAMILY DWELLINGS,1,7037,93,,A5,101 REDWOOD LOOP,,10309,1,0,1,"1,415","1,332",1986,1,A5,"500,000",07/01/2025
5,ROSSVILLE,01 ONE FAMILY DWELLINGS,1,7037,118,,A5,10 IVY COURT,,10309,1,0,1,"1,573","2,020",1986,1,A5,"734,500",11/20/2025
5,ROSSVILLE,01 ONE FAMILY DWELLINGS,1,7037,128,,A5,28 GERVIL STREET,,10309,1,0,1,"1,474","1,088",1986,1,A5,0,06/10/2025
5,ROSSVILLE,01 ONE FAMILY DWELLINGS,1,7037,130,,A5,32 GERVIL STREET,,10309,1,0,1,"1,475","1,088",1986,1,A5,"570,000",10/16/2025
5,ROSSVILLE,01 ONE FAMILY DWELLINGS,1,7038,28,,A5,42 LOCUST COURT,,10309,1,0,1,"1,700","1,292",1986,1,A5,10,04/01/2025
5,ROSSVILLE,01 ONE FAMILY DWELLINGS,1,7040,259,,A5,405 WINANT AVENUE,,10309,1,0,1,"3,309","1,600",1995,1,A5,"820,000",05/23/2025
5,ROSSVILLE,01 ONE FAMILY DWELLINGS,1,7040,275,,A5,447 WINANT AVENUE,,10309,1,0,1,"2,813","1,909",1999,1,A5,"820,000",05/29/2025
5,ROSSVILLE,01 ONE FAMILY DWELLINGS,1,7040,294,,A1,66 WIRT AVENUE,,10309,1,0,1,"4,032","2,832",1987,1,A1,0,08/26/2025
5,ROSSVILLE,01 ONE FAMILY DWELLINGS,1,7046,9,,A5,399 WINANT AVE,,10309,1,0,1,"2,819","1,450",1995,1,A5,0,07/16/2025
5,ROSSVILLE,01 ONE FAMILY DWELLINGS,1,7046,10,,A5,690 CORRELL AVENUE,,10309,1,0,1,"3,875","1,600",1995,1,A5,1,01/20/2026
5,ROSSVILLE,01 ONE FAMILY DWELLINGS,1,7054,359,,A1,91 CHARLESTON AVENUE,,10309,1,0,1,"3,570","2,556",1984,1,A1,0,11/20/2025
5,ROSSVILLE,01 ONE FAMILY DWELLINGS,1,7054,389,,A2,57 WESTFIELD AVENUE,,10309,1,0,1,"3,500","1,327",1983,1,A2,"509,250",05/29/2025
5,ROSSVILLE,01 ONE FAMILY DWELLINGS,1,7054,406,,A5,25 KUNATH AVENUE,,10309,1,0,1,"4,200","2,108",1983,1,A5,"845,000",08/06/2025
5,ROSSVILLE,01 ONE FAMILY DWELLINGS,1,7054,494,,A5,21 RUTHERFORD COURT,,10309,1,0,1,"1,051","1,560",1997,1,A5,0,09/22/2025
5,ROSSVILLE,01 ONE FAMILY DWELLINGS,1,7066,42,,A5,33 BAR COURT,,10309,1,0,1,"1,005",930,1992,1,A5,"510,000",05/19/2025
5,ROSSVILLE,01 ONE FAMILY DWELLINGS,1,7066,174,,A5,27 IRIS COURT,,10309,1,0,1,"2,115","1,247",1998,1,A5,0,01/07/2026
5,ROSSVILLE,01 ONE FAMILY DWELLINGS,1,7075,1,,A5,723 CORRELL AVENUE,,10309,1,0,1,"1,864","2,026",1993,1,A5,0,12/04/2025
5,ROSSVILLE,01 ONE FAMILY DWELLINGS,1,7075,4,,A5,719 CORRELL AVENUE,,10309,1,0,1,"1,243","1,900",1992,1,A5,"610,000",08/19/2025
5,ROSSVILLE,01 ONE FAMILY DWELLINGS,1,7075,8,,A5,709 CORRELL AVENUE,,10309,1,0,1,"1,243","1,900",1992,1,A5,0,02/05/2026
5,ROSSVILLE,01 ONE FAMILY DWELLINGS,1,7075,79,,A5,11 ASHLEY LANE,,10309,1,0,1,"1,080","2,404",1990,1,A5,"539,302",10/27/2025
5,ROSSVILLE,01 ONE FAMILY DWELLINGS,1,7076,87,,A1,1527 WOODROW ROAD,,10309,1,0,1,"7,760","2,250",1997,1,A1,"1,100,000",11/03/2025
5,ROSSVILLE,01 ONE FAMILY DWELLINGS,1,7080,3,,A5,745 BLOOMINGDALE RD,,10309,1,0,1,"1,500","1,275",1996,1,A5,0,12/05/2025
5,ROSSVILLE,01 ONE FAMILY DWELLINGS,1,7081,2,,A5,782 CORRELL AVENUE,,10309,1,0,1,"2,698","1,700",1996,1,A5,10,12/29/2025
5,ROSSVILLE,01 ONE FAMILY DWELLINGS,1,7081,55,,A5,137 SHIEL AVENUE,,10309,1,0,1,"2,562","1,400",1997,1,A5,"794,000",02/25/2026
5,ROSSVILLE,01 ONE FAMILY DWELLINGS,1,7081,56,,A5,141 SHIEL AVENUE,,10309,1,0,1,"2,552","1,400",1997,1,A5,"835,000",11/20/2025
5,ROSSVILLE,01 ONE FAMILY DWELLINGS,1,7081,64,,A5,163 SHIEL AVENUE,,10309,1,0,1,"2,375","1,400",1995,1,A5,"790,000",07/30/2025
5,ROSSVILLE,01 ONE FAMILY DWELLINGS,1,7082,49,,A5,729 CORRELL AVENUE,,10309,1,0,1,"1,303","1,900",1992,1,A5,"610,000",12/18/2025
5,ROSSVILLE,01 ONE FAMILY DWELLINGS,1,7083,18,,A5,270 CANDON AVENUE,,10309,1,0,1,"2,509","1,600",1997,1,A5,"830,000",10/15/2025
5,ROSSVILLE,01 ONE FAMILY DWELLINGS,1,7084,15,,A5,857 BLOOMINGDALE ROAD,,10309,1,0,1,"1,330","1,600",1991,1,A5,"575,000",12/29/2025
5,ROSSVILLE,01 ONE FAMILY DWELLINGS,1,7084,28,,A5,16 WIRT LANE,,10309,1,0,1,"1,084","1,870",1990,1,A5,"600,000",01/21/2026
5,ROSSVILLE,01 ONE FAMILY DWELLINGS,1,7084,36,,A5,160 WIRT AVENUE,,10309,1,0,1,"1,264","1,600",1992,1,A5,"605,000",10/27/2025
5,ROSSVILLE,01 ONE FAMILY DWELLINGS,1,7084,49,,A5,136 WIRT AVENUE,,10309,1,0,1,"2,766","1,678",1991,1,A5,0,04/04/2025
5,ROSSVILLE,01 ONE FAMILY DWELLINGS,1,7085,66,,A5,494 WINANT AVENUE,,10309,1,0,1,"1,280","1,200",1990,1,A5,"15,000",09/29/2025
5,ROSSVILLE,01 ONE FAMILY DWELLINGS,1,7085,87,,A5,129 WIRT AVENUE,,10309,1,0,1,"1,425","1,816",1990,1,A5,"610,000",10/10/2025
5,ROSSVILLE,01 ONE FAMILY DWELLINGS,1,7085,104,,A5,159 WIRT AVENUE,,10309,1,0,1,"1,425","1,720",1991,1,A5,"620,000",02/24/2026
5,ROSSVILLE,01 ONE FAMILY DWELLINGS,1,7085,112,,A5,175 WIRT AVENUE,,10309,1,0,1,"1,425","1,720",1992,1,A5,0,07/14/2025
5,ROSSVILLE,01 ONE FAMILY DWELLINGS,1,7153,9,,A2,2591 ARTHUR KILL ROAD,,10309,1,0,1,"6,699","1,304",1960,1,A2,0,04/29/2025
5,ROSSVILLE,01 ONE FAMILY DWELLINGS,1,7153,72,,A1,2547 ARTHUR KILL ROAD,,10309,1,0,1,"7,600","1,105",1899,1,A1,0,04/29/2025
5,ROSSVILLE,02 TWO FAMILY DWELLINGS,1,6085,66,,B9,434 HUGUENOT AVENUE,,10312,2,0,2,"27,000","1,728",1970,1,B9,"2,465,000",04/24/2025
5,ROSSVILLE,02 TWO FAMILY DWELLINGS,1,6106,26,,B2,11 WYCLIFF LANE,,10312,2,0,2,"4,653","2,952",2004,1,B2,0,06/25/2025
5,ROSSVILLE,02 TWO FAMILY DWELLINGS,1,6106,176,,B2,104 COVINGTON CIRCLE,,10312,2,0,2,"4,597","2,596",2011,1,B2,0,04/15/2025
5,ROSSVILLE,02 TWO FAMILY DWELLINGS,1,6106,356,,B2,14 POWELL LANE,,10312,2,0,2,"12,000","5,600",1996,1,B2,"1,650,000",04/17/2025
5,ROSSVILLE,02 TWO FAMILY DWELLINGS,1,6109,27,,B2,559 ALVERSON AVENUE,,10309,2,0,2,"13,424","4,606",1986,1,B2,"1,450,000",12/12/2025
5,ROSSVILLE,02 TWO FAMILY DWELLINGS,1,6109,45,,B1,20 ALVERSON LOOP,,10309,2,0,2,"17,097","2,900",1986,1,B1,0,04/24/2025
5,ROSSVILLE,02 TWO FAMILY DWELLINGS,1,6109,70,,B2,38 GILROY STREET,,10309,2,0,2,"10,070","3,300",1987,1,B2,0,12/04/2025
5,ROSSVILLE,02 TWO FAMILY DWELLINGS,1,6109,70,,B2,38 GILROY STREET,,10309,2,0,2,"10,070","3,300",1987,1,B2,0,12/29/2025
5,ROSSVILLE,02 TWO FAMILY DWELLINGS,1,6147,102,,B9,294 ALVERSON AVENUE,,10309,2,0,2,"3,986","1,680",1997,1,B9,"830,000",07/23/2025
5,ROSSVILLE,02 TWO FAMILY DWELLINGS,1,6155,14,,B2,44 BALSAM PLACE,,10309,2,0,2,"4,620","2,770",1989,1,B2,0,08/07/2025
5,ROSSVILLE,02 TWO FAMILY DWELLINGS,1,6156,50,,B2,250 ALVERSON AVENUE,,10309,2,0,2,"5,062","2,770",1992,1,B2,0,10/03/2025
5,ROSSVILLE,02 TWO FAMILY DWELLINGS,1,6159,36,,B2,42 GRAFE ST,,10309,2,0,2,"5,440","1,800",1994,1,B2,0,01/07/2026
5,ROSSVILLE,02 TWO FAMILY DWELLINGS,1,6164,27,,B2,N/A KNESEL STREET,,10309,2,0,2,"4,514","2,970",2024,1,B2,"1,388,138",10/23/2025
5,ROSSVILLE,02 TWO FAMILY DWELLINGS,1,6164,30,,B2,N/A KNESEL STREET,,10309,2,0,2,"11,683","3,054",2024,1,B2,"1,414,235",05/02/2025
5,ROSSVILLE,02 TWO FAMILY DWELLINGS,1,6164,40,,B2,N/A ALVERSON AVENUE,,10309,2,0,2,"10,201","2,816",2023,1,B2,"1,410,276",11/21/2025
5,ROSSVILLE,02 TWO FAMILY DWELLINGS,1,7026,200,,B2,40 LATHAM PLACE,,10309,2,0,2,"9,800","2,880",1980,1,B2,0,09/03/2025
5,ROSSVILLE,02 TWO FAMILY DWELLINGS,1,7026,200,,B2,40 LATHAM PLACE,,10309,2,0,2,"9,800","2,880",1980,1,B2,0,11/07/2025
5,ROSSVILLE,02 TWO FAMILY DWELLINGS,1,7028,26,,B2,131 MC BAINE AVENUE,,10309,2,0,2,"5,000","2,697",2015,1,B2,"1,596,500",08/25/2025
5,ROSSVILLE,02 TWO FAMILY DWELLINGS,1,7032,64,,B9,31 HEMLOCK STREET,,10309,2,0,2,"3,450","2,496",1987,1,B9,0,09/10/2025
5,ROSSVILLE,02 TWO FAMILY DWELLINGS,1,7033,48,,B9,10 HEMLOCK STREET,,10309,2,0,2,"3,400","2,496",1987,1,B9,0,08/25/2025
5,ROSSVILLE,02 TWO FAMILY DWELLINGS,1,7033,58,,B9,30 HEMLOCK STREET,,10309,2,0,2,"3,425","2,496",1987,1,B9,0,01/15/2026
5,ROSSVILLE,02 TWO FAMILY DWELLINGS,1,7033,74,,B2,64 HEMLOCK STREET,,10309,2,0,2,"4,026","2,408",2024,1,B2,"1,303,360",04/28/2025
5,ROSSVILLE,02 TWO FAMILY DWELLINGS,1,7033,78,,B2,111 MASON BLVD,,10309,2,0,2,"4,241","2,542",2024,1,B2,"1,298,269",06/03/2025
5,ROSSVILLE,02 TWO FAMILY DWELLINGS,1,7033,84,,B2,123 MASON BOLUEVARD,,10309,2,0,2,"4,137","2,442",2024,1,B2,"1,313,543",04/14/2025
5,ROSSVILLE,02 TWO FAMILY DWELLINGS,1,7034,14,,B2,N/A MAGUIRE AVENUE,,10309,2,0,2,"4,171","2,450",2025,1,B2,"1,206,626",12/15/2025
5,ROSSVILLE,02 TWO FAMILY DWELLINGS,1,7035,50,,B9,762 MAGUIRE AVENUE,,10309,2,0,2,"3,382","2,496",1986,1,B9,10,11/25/2025
5,ROSSVILLE,02 TWO FAMILY DWELLINGS,1,7044,45,,B2,246 MCBAINE AVENUE,,10309,2,0,2,"4,675","2,250",1997,1,B2,"1,150,000",05/19/2025
5,ROSSVILLE,02 TWO FAMILY DWELLINGS,1,7044,56,,B2,237 KRAMER AVENUE,,10309,2,0,2,"4,565","2,250",1997,1,B2,0,05/14/2025
5,ROSSVILLE,02 TWO FAMILY DWELLINGS,1,7044,57,,B2,222 MCBAINE AVENUE,,10309,2,0,2,"4,480","2,250",1997,1,B2,"970,000",11/14/2025
5,ROSSVILLE,02 TWO FAMILY DWELLINGS,1,7044,59,,B2,218 MCBAINE AVE,,10309,2,0,2,"4,765","2,250",1997,1,B2,0,06/10/2025
5,ROSSVILLE,02 TWO FAMILY DWELLINGS,1,7044,59,,B2,218 MCBAINE AVENUE,,10309,2,0,2,"4,765","2,250",1997,1,B2,"1,250,000",10/16/2025
5,ROSSVILLE,02 TWO FAMILY DWELLINGS,1,7044,166,,B2,212 MC BAINE AVENUE,,10309,2,0,2,"10,057","3,544",1985,1,B2,0,11/20/2025
5,ROSSVILLE,02 TWO FAMILY DWELLINGS,1,7044,187,,B2,166 MCBAINE AVENUE,,10309,2,0,2,"10,224","3,400",1987,1,B2,"1,200,000",08/27/2025
5,ROSSVILLE,02 TWO FAMILY DWELLINGS,1,7045,255,,B2,192 MASON BOULEVARD,,10309,2,0,2,"5,000","3,622",2025,1,B2,0,11/17/2025
5,ROSSVILLE,02 TWO FAMILY DWELLINGS,1,7045,257,,B2,188 MASON BOULEVARD,,10309,2,0,2,"5,000","3,622",2025,1,B2,0,11/17/2025
5,ROSSVILLE,02 TWO FAMILY DWELLINGS,1,7046,60,,B9,7 SOUTH EDO COURT,,10309,2,0,2,"3,645","2,000",1996,1,B9,10,07/02/2025
5,ROSSVILLE,02 TWO FAMILY DWELLINGS,1,7046,60,,B9,7 SOUTH EDO COURT,,10309,2,0,2,"3,645","2,000",1996,1,B9,10,08/29/2025
5,ROSSVILLE,02 TWO FAMILY DWELLINGS,1,7048,31,,B2,76 LUCILLE AVENUE,,10309,2,0,2,"6,700","2,600",1984,1,B2,"960,000",01/30/2026
5,ROSSVILLE,02 TWO FAMILY DWELLINGS,1,7048,49,,B2,77 WIRT AVENUE,,10309,2,0,2,"3,900","2,260",1985,1,B2,"1,075,000",05/30/2025
5,ROSSVILLE,02 TWO FAMILY DWELLINGS,1,7054,415,,B2,7 KUNATH AVENUE,,10309,2,0,2,"4,000","2,725",1984,1,B2,"999,500",10/07/2025
5,ROSSVILLE,02 TWO FAMILY DWELLINGS,1,7066,107,,B9,54 POPLAR AVENUE,,10309,2,0,2,"3,780","2,200",2004,1,B9,"960,000",10/09/2025
5,ROSSVILLE,02 TWO FAMILY DWELLINGS,1,7067,8,,B9,15 POPLAR AVENUE,,10309,2,0,2,"3,765","2,400",2001,1,B9,0,07/29/2025
5,ROSSVILLE,02 TWO FAMILY DWELLINGS,1,7076,33,,B2,298 KRAMER AVENUE,,10309,2,0,2,"10,209","3,952",1986,1,B2,"1,400,000",12/23/2025
5,ROSSVILLE,02 TWO FAMILY DWELLINGS,1,7077,2,,B2,669 BLOOMINGDALE ROAD,,10309,2,0,2,"7,000","4,095",1986,1,B2,"1,100,000",11/14/2025
5,ROSSVILLE,02 TWO FAMILY DWELLINGS,1,7077,13,,B2,343 KRAMER AVENUE,,10309,2,0,2,"10,500","4,780",1986,1,B2,"1,087,500",08/14/2025
5,ROSSVILLE,02 TWO FAMILY DWELLINGS,1,7080,57,,B2,111 RADIGAN AVENUE,,10309,2,0,2,"10,600","4,200",1987,1,B2,"1,530,000",09/11/2025
5,ROSSVILLE,02 TWO FAMILY DWELLINGS,1,7083,11,,B9,292 CANDON AVENUE,,10309,2,0,2,"2,509","1,600",1997,1,B9,0,06/11/2025
5,ROSSVILLE,02 TWO FAMILY DWELLINGS,1,7087,11,,B2,161 CHARLESTON AVENUE,,10309,2,0,2,"6,460","1,400",1995,1,B2,10,07/21/2025
5,ROSSVILLE,04 TAX CLASS 1 CONDOS,1A,7038,1017,,R3,525 CORRELL AVENUE,,10309,1,,1,,,1983,1,R3,"410,000",11/24/2025
5,ROSSVILLE,04 TAX CLASS 1 CONDOS,1A,7038,1029,,R3,549 CORRELL AVENUE,,10309,1,,1,,,1983,1,R3,"529,000",12/11/2025
5,ROSSVILLE,04 TAX CLASS 1 CONDOS,1A,7038,1034,,R3,559 CORRELL AVENUE,,10309,1,,1,,,1983,1,R3,"495,000",04/23/2025
5,ROSSVILLE,04 TAX CLASS 1 CONDOS,1A,7038,1036,,R3,569 CORRELL AVENUE,,10309,1,,1,,,1983,1,R3,"499,900",08/25/2025
5,ROSSVILLE,04 TAX CLASS 1 CONDOS,1A,7038,1041,,R3,575 CORRELL AVENUE,,10309,1,,1,,,1983,1,R3,"510,000",07/15/2025
5,ROSSVILLE,04 TAX CLASS 1 CONDOS,1A,7038,1067,,R3,107 GERVIL STREET,,10309,1,,1,,,1983,1,R3,"485,000",10/10/2025
5,ROSSVILLE,04 TAX CLASS 1 CONDOS,1A,7040,1038,,R3,"16 REDWOOD LOOP, 339",,10309,1,,1,,,1985,1,R3,"510,000",05/02/2025
5,ROSSVILLE,04 TAX CLASS 1 CONDOS,1A,7041,1014,,R3,132 GERVIL STREET,,10309,1,,1,,,1985,1,R3,"518,500",01/30/2026
5,ROSSVILLE,04 TAX CLASS 1 CONDOS,1A,7041,1018,,R3,581 CORNELL AVENUE,,10309,1,,1,,,1985,1,R3,0,06/05/2025
5,ROSSVILLE,04 TAX CLASS 1 CONDOS,1A,7041,1037,,R3,591A CORRELL AVENUE,,10309,1,,1,,,1985,1,R3,0,11/14/2025
5,ROSSVILLE,04 TAX CLASS 1 CONDOS,1A,7041,1042,,R3,599 CORRELL AVENUE,,10309,1,,1,,,1985,1,R3,"460,000",11/21/2025
5,ROSSVILLE,04 TAX CLASS 1 CONDOS,1A,7041,1075,,R3,"633A CORRELL AVENUE, A",,10309,1,,1,,,1985,1,R3,0,04/11/2025
5,ROSSVILLE,04 TAX CLASS 1 CONDOS,1A,7041,1088,,R3,647 CORRELL AVENUE,,10309,1,,1,,,1985,1,R3,"480,000",10/01/2025
5,ROSSVILLE,04 TAX CLASS 1 CONDOS,1A,7048,1022,,R3,39 HEMLOCK COURT,,10309,1,,1,,,1983,1,R3,"700,000",02/05/2026
5,ROSSVILLE,04 TAX CLASS 1 CONDOS,1A,7048,1028,,R3,44 CHARLESTON AVENUE,,10309,1,,1,,,1983,1,R3,"530,000",09/19/2025
5,ROSSVILLE,04 TAX CLASS 1 CONDOS,1A,7048,1060,,R3,11 WIRT AVENUE,,10309,1,,1,,,1985,1,R3,"620,000",06/30/2025
5,ROSSVILLE,04 TAX CLASS 1 CONDOS,1A,7048,1064,,R3,21 WIRT AVENUE,,10309,1,,1,,,1985,1,R3,"604,000",08/08/2025
5,ROSSVILLE,04 TAX CLASS 1 CONDOS,1A,7048,1075,,R3,49 WIRT AVENUE,,10309,1,,1,,,1985,1,R3,0,06/25/2025
5,ROSSVILLE,04 TAX CLASS 1 CONDOS,1A,7054,1022,,R3,61 BOWER COURT,,10309,1,,1,,,1981,1,R3,"665,000",10/14/2025
5,ROSSVILLE,04 TAX CLASS 1 CONDOS,1A,7054,1047,,R3,94 BOWER COURT,,10309,1,,1,,,1981,1,R3,"550,000",11/07/2025
5,ROSSVILLE,04 TAX CLASS 1 CONDOS,1A,7054,1048,,R3,92 BOWER COURT,,10309,1,,1,,,1981,1,R3,0,06/26/2025
5,ROSSVILLE,04 TAX CLASS 1 CONDOS,1A,7054,1070,,R3,28 HAMPTON PLACE,,10309,1,,1,,,1982,1,R3,"649,000",04/30/2025
5,ROSSVILLE,04 TAX CLASS 1 CONDOS,1A,7054,1076,,R3,37 CHARLESTON AVENUE,,10309,1,,1,,,1982,1,R3,"685,000",12/18/2025
5,ROSSVILLE,04 TAX CLASS 1 CONDOS,1A,7055,1029,,R3,292 GRAFE STREET,,10309,1,,1,,,1981,1,R3,0,06/18/2025
5,ROSSVILLE,04 TAX CLASS 1 CONDOS,1A,7055,1068,,R3,48 CYPRESS LOOP,,10309,1,,1,,,1983,1,R3,"515,000",08/11/2025
5,ROSSVILLE,04 TAX CLASS 1 CONDOS,1A,7055,1073,,R3,38 CYPRESS LOOP,,10309,1,,1,,,1983,1,R3,"530,000",12/29/2025
5,ROSSVILLE,04 TAX CLASS 1 CONDOS,1A,7055,1085,,R3,57 CYPRESS LOOP,,10309,1,,1,,,1983,1,R3,"475,000",07/14/2025
5,ROSSVILLE,04 TAX CLASS 1 CONDOS,1A,7055,1094,,R3,85 CYPRESS LOOP,,10309,1,,1,,,1983,1,R3,"542,000",12/15/2025
5,ROSSVILLE,04 TAX CLASS 1 CONDOS,1A,7055,1104,,R3,19 MEADOW COURT,,10309,1,,1,,,1985,1,R3,"495,000",11/24/2025
5,ROSSVILLE,04 TAX CLASS 1 CONDOS,1A,7055,1112,,R3,8 MEADOW COURT,,10309,1,,1,,,1985,1,R3,0,10/30/2025
5,ROSSVILLE,04 TAX CLASS 1 CONDOS,1A,7055,1161,,R3,"17 LARCH COURT, 546",546,10309,1,,1,,,1984,1,R3,0,06/10/2025
5,ROSSVILLE,04 TAX CLASS 1 CONDOS,1A,7055,1177,,R3,"21 BERRY COURT, 562",562,10309,1,,1,,,1984,1,R3,0,08/06/2025
5,ROSSVILLE,04 TAX CLASS 1 CONDOS,1A,7055,1178,,R3,"23 BERRY COURT, 563",563,10309,1,,1,,,1984,1,R3,0,01/22/2026
5,ROSSVILLE,04 TAX CLASS 1 CONDOS,1A,7055,1180,,R3,"27 BERRY COURT, 565",565,10309,1,,1,,,1984,1,R3,"669,000",02/13/2026
5,ROSSVILLE,04 TAX CLASS 1 CONDOS,1A,7055,1216,,R3,"62 ARROWOOD COURT, 601",601,10309,1,,1,,,1984,1,R3,"683,000",01/12/2026
5,ROSSVILLE,04 TAX CLASS 1 CONDOS,1A,7055,1217,,R3,"60 ARROWOOD COURT, 602",602,10309,1,,1,,,1984,1,R3,0,01/22/2026
5,ROSSVILLE,05 TAX CLASS 1 VACANT LAND,1,7035,1,,B2,175 MASON BOULEVARD,,10309,2,0,2,"3,987",0,2025,1,V0,"150,000",06/24/2025
5,ROSSVILLE,05 TAX CLASS 1 VACANT LAND,1,7035,8,,B2,83 BOMBAY STREET,,10309,2,0,2,"4,020",0,2025,1,V0,"100,000",06/23/2025
5,ROSSVILLE,05 TAX CLASS 1 VACANT LAND,1B,7035,10,,V0,79 BOMBAY STREET,,10309,0,0,0,"4,020",0,,1,V0,"100,000",06/23/2025
5,ROSSVILLE,05 TAX CLASS 1 VACANT LAND,1B,7035,12,,V0,75 BOMBAY STREET,,10309,0,0,0,"4,020",0,,1,V0,"100,000",06/23/2025
5,ROSSVILLE,05 TAX CLASS 1 VACANT LAND,1B,7035,14,,V0,71 BOMBAY STREET,,10309,0,0,0,"4,020",0,,1,V0,"100,000",06/24/2025
5,ROSSVILLE,05 TAX CLASS 1 VACANT LAND,1,7035,62,,B2,740 MAGUIRE AVENUE,,10309,2,0,2,"4,020",0,2025,1,V0,"100,000",06/24/2025
5,ROSSVILLE,05 TAX CLASS 1 VACANT LAND,1,7035,68,,B2,728 MAGUIRE AVENUE,,10309,2,0,2,"4,020",0,2025,1,V0,"100,000",06/24/2025
5,ROSSVILLE,05 TAX CLASS 1 VACANT LAND,1,7035,80,,B2,171 MASON BOULEVARD,,10309,2,0,2,"3,981",0,2025,1,V0,"150,000",06/24/2025
5,ROSSVILLE,05 TAX CLASS 1 VACANT LAND,1B,7153,70,,V2,N/A ARTHUR KILL ROAD,,10309,0,0,0,"7,815",0,,1,V2,0,04/29/2025
5,ROSSVILLE,05 TAX CLASS 1 VACANT LAND,1B,7153,75,,V2,N/A ARTHUR KILL ROAD,,10309,0,0,0,"5,500",0,,1,V2,0,04/29/2025
5,ROSSVILLE,22 STORE BUILDINGS,4,7152,8,,K2,2355 ARTHUR KILL ROAD,,10309,0,2,2,"10,745","2,800",1899,4,K2,0,04/29/2025
5,ROSSVILLE,31 COMMERCIAL VACANT LAND,4,7088,82,,V1,N/A VETERANS ROAD WEST,,10309,0,0,0,298,0,,4,V1,"190,000",12/10/2025
5,ROSSVILLE,31 COMMERCIAL VACANT LAND,4,7152,10,,V1,2365 ARTHUR KILL ROAD,,10309,0,0,0,"20,150",0,,4,V1,0,04/29/2025
5,ROSSVILLE,31 COMMERCIAL VACANT LAND,4,7153,25,,V1,N/A ARTHUR KILL ROAD,,10309,0,0,0,"274,292",0,,4,V1,0,04/29/2025
5,ROSSVILLE,39 TRANSPORTATION FACILITIES,4,7152,56,,T9,2453 ARTHUR KILL ROAD,,10309,0,1,1,"23,040","1,500",1956,4,T9,0,04/29/2025
5,ROSSVILLE,39 TRANSPORTATION FACILITIES,4,7153,100,,T9,2575 ARTHUR KILL ROAD,,10309,0,1,1,"246,300","3,400",1931,4,T9,0,04/29/2025
5,ROSSVILLE,41 TAX CLASS 4 - OTHER,4,7152,3,,Z9,2351 ARTHUR KILL ROAD,,10309,0,0,0,"36,533",0,,4,Z9,0,04/29/2025
5,ROSSVILLE,41 TAX CLASS 4 - OTHER,4,7152,18,,Z9,N/A ARTHUR KILL ROAD,,10309,0,0,0,"216,300",0,,4,Z9,0,04/29/2025
5,ROSSVILLE,41 TAX CLASS 4 - OTHER,4,7152,34,,Z9,N/A ARTHUR KILL ROAD,,10309,0,0,0,"317,977",0,,4,Z9,0,04/29/2025
5,ROSSVILLE,41 TAX CLASS 4 - OTHER,4,7153,6,,Z9,N/A ARTHUR KILL ROAD,,10309,0,0,0,"5,400",0,,4,Z9,0,04/29/2025
5,ROSSVILLE-CHARLESTON,01 ONE FAMILY DWELLINGS,1,7310,17,,A1,479 SHARROTTS ROAD,,10309,1,0,1,"10,441","2,760",1975,1,A1,"990,000",06/25/2025
5,ROSSVILLE-CHARLESTON,01 ONE FAMILY DWELLINGS,1,7311,12,,S1,29 STORER AVENUE,,10309,1,1,2,"6,000","1,028",1925,1,S1,0,06/03/2025
5,ROSSVILLE-CHARLESTON,01 ONE FAMILY DWELLINGS,1,7356,148,,A5,23 PEACOCK LOOP,,10309,1,0,1,"1,140","1,684",2001,1,A5,"671,000",03/19/2026
5,ROSSVILLE-CHARLESTON,01 ONE FAMILY DWELLINGS,1,7356,208,,A5,57 HERRICK AVENUE,,10309,1,0,1,"3,225","1,800",2000,1,A5,"865,000",10/20/2025
5,ROSSVILLE-CHARLESTON,01 ONE FAMILY DWELLINGS,1,7356,255,,A5,24 OSTRICH COURT,,10309,1,0,1,"3,256","1,672",2001,1,A5,"735,000",07/21/2025
5,ROSSVILLE-CHARLESTON,01 ONE FAMILY DWELLINGS,1,7356,256,,A5,25 OSTRICH COURT,,10309,1,0,1,"3,875","1,672",2001,1,A5,"630,000",04/02/2025
5,ROSSVILLE-CHARLESTON,01 ONE FAMILY DWELLINGS,1,7590,20,,A1,60 ANDROVETTE STREET,,10309,1,0,1,"10,220","1,400",1901,1,A1,"840,000",11/12/2025
5,ROSSVILLE-CHARLESTON,01 ONE FAMILY DWELLINGS,1,7596,106,,A5,12 CHART LOOP,,10309,1,0,1,"1,860","2,365",2006,1,A5,"825,000",04/25/2025
5,ROSSVILLE-CHARLESTON,01 ONE FAMILY DWELLINGS,1,7596,113,,A5,43 CHART LOOP,,10309,1,0,1,"1,520","2,490",2006,1,A5,"745,000",10/27/2025
5,ROSSVILLE-CHARLESTON,01 ONE FAMILY DWELLINGS,1,7596,120,,A5,57 CHART LOOP,,10309,1,0,1,"1,860","2,365",2006,1,A5,"817,500",08/26/2025
5,ROSSVILLE-CHARLESTON,01 ONE FAMILY DWELLINGS,1,7596,130,,A5,44 TIDES LANE,,10309,1,0,1,"1,520","2,490",2007,1,A5,0,10/16/2025
5,ROSSVILLE-CHARLESTON,01 ONE FAMILY DWELLINGS,1,7596,140,,A5,20 TIDES LANE,,10309,1,0,1,"1,520","2,490",2006,1,A5,0,06/19/2025
5,ROSSVILLE-CHARLESTON,01 ONE FAMILY DWELLINGS,1,7596,158,,A5,45 TOPSIDE LANE,,10309,1,0,1,"1,624","2,650",2006,1,A5,0,10/29/2025
5,ROSSVILLE-CHARLESTON,01 ONE FAMILY DWELLINGS,1,7596,161,,A5,53 TOPSIDE LANE,,10309,1,0,1,"1,520","2,490",2006,1,A5,"695,000",10/09/2025
5,ROSSVILLE-CHARLESTON,01 ONE FAMILY DWELLINGS,1,7596,173,,A5,38 TOPSIDE LANE,,10309,1,0,1,"1,520","2,490",2006,1,A5,0,06/04/2025
5,ROSSVILLE-CHARLESTON,01 ONE FAMILY DWELLINGS,1,7596,178,,A5,50 TOPSIDE LANE,,10309,1,0,1,"1,520","2,490",2006,1,A5,"910,000",07/17/2025
5,ROSSVILLE-CHARLESTON,01 ONE FAMILY DWELLINGS,1,7596,229,,A5,63 PILOT LANE,,10309,1,0,1,"1,520","2,490",2009,1,A5,"858,000",05/12/2025
5,ROSSVILLE-CHARLESTON,01 ONE FAMILY DWELLINGS,1,7596,235,,A5,79 PILOT LANE,,10309,1,0,1,"1,520","2,490",2009,1,A5,0,12/16/2025
5,ROSSVILLE-CHARLESTON,01 ONE FAMILY DWELLINGS,1,7596,240,,A5,91 PILOT LANE,,10309,1,0,1,"1,520","2,490",2009,1,A5,"890,000",01/15/2026
5,ROSSVILLE-CHARLESTON,01 ONE FAMILY DWELLINGS,1,7596,246,,A5,70 TOPSIDE LANE,,10309,1,0,1,"1,550","2,650",2006,1,A5,"800,000",09/10/2025
5,ROSSVILLE-CHARLESTON,01 ONE FAMILY DWELLINGS,1,7596,249,,A5,78 TOPSIDE LANE,,10309,1,0,1,"1,520","2,490",2006,1,A5,"900,000",12/23/2025
5,ROSSVILLE-CHARLESTON,01 ONE FAMILY DWELLINGS,1,7596,263,,A5,71 TOPSIDE LANE,,10309,1,0,1,"1,860","2,364",2006,1,A5,"803,000",11/12/2025
5,ROSSVILLE-CHARLESTON,01 ONE FAMILY DWELLINGS,1,7596,276,,A5,63 TILLER CT,,10309,1,0,1,"1,860","2,365",2007,1,A5,0,01/23/2026
5,ROSSVILLE-CHARLESTON,01 ONE FAMILY DWELLINGS,1,7596,279,,A5,37 TILLER COURT,,10309,1,0,1,"1,520","2,490",2007,1,A5,0,05/19/2025
5,ROSSVILLE-CHARLESTON,01 ONE FAMILY DWELLINGS,1,7596,290,,A5,68 TILLER COURT,,10309,1,0,1,"1,860","2,365",2007,1,A5,"820,000",01/14/2026
5,ROSSVILLE-CHARLESTON,01 ONE FAMILY DWELLINGS,1,7596,296,,A5,46 TILLER COURT,,10309,1,0,1,"1,550","2,650",2007,1,A5,"975,000",07/17/2025
5,ROSSVILLE-CHARLESTON,02 TWO FAMILY DWELLINGS,1,7356,101,,B2,74 PITNEY AVENUE,,10309,2,0,2,"3,500","2,000",2001,1,B2,"1,225,000",07/17/2025
5,ROSSVILLE-CHARLESTON,02 TWO FAMILY DWELLINGS,1,7356,196,,B9,75 HERRICK AVENUE,,10309,2,0,2,"2,590","1,800",2000,1,B9,"900,000",05/27/2025
5,ROSSVILLE-CHARLESTON,02 TWO FAMILY DWELLINGS,1,7356,320,,B2,27 HERRICK AVENUE,,10309,2,0,2,"4,000","2,108",2000,1,B2,0,12/10/2025
5,ROSSVILLE-CHARLESTON,02 TWO FAMILY DWELLINGS,1,7356,407,,B9,238 GAYNOR STREET,,10309,2,0,2,"2,869","2,692",2006,1,B9,0,11/21/2025
5,ROSSVILLE-CHARLESTON,02 TWO FAMILY DWELLINGS,1,7406,15,,B2,13 MANLEY STREET,,10309,2,0,2,"31,878","2,208",1965,1,B2,0,11/25/2025
5,ROSSVILLE-CHARLESTON,22 STORE BUILDINGS,4,7446,50,,K5,115 BRICKTOWN WAY,,10309,0,1,1,"21,589","5,400",2006,4,K5,0,08/06/2025
5,ROSSVILLE-CHARLESTON,29 COMMERCIAL GARAGES,4,7527,35,,G7,N/A VETERANS ROAD WEST,,10309,0,0,0,"3,440",0,,4,G7,"495,000",11/04/2025
5,ROSSVILLE-CHARLESTON,30 WAREHOUSES,4,7328,296,,E2,478 SHARROTTS ROAD,,10309,0,1,1,"5,500","2,720",1972,4,E2,"975,000",07/25/2025
5,ROSSVILLE-CHARLESTON,30 WAREHOUSES,4,7400,155,,E1,35 MARBLE LOOP,,10309,0,4,4,"14,443","6,544",2007,4,E1,"2,000,000",05/23/2025
5,ROSSVILLE-CHARLESTON,31 COMMERCIAL VACANT LAND,4,7310,20,,V1,N/A LUNDSTEN AVENUE,,10309,0,0,0,"10,700",0,,4,V1,"425,000",10/08/2025
5,ROSSVILLE-CHARLESTON,31 COMMERCIAL VACANT LAND,4,7311,10,,V1,N/A STORER AVENUE,,10309,0,0,0,"4,000",0,,4,V1,0,06/03/2025
5,ROSSVILLE-CHARLESTON,31 COMMERCIAL VACANT LAND,4,7311,19,,V1,N/A STORER AVENUE,,10309,0,0,0,"6,000",0,,4,V1,"350,000",05/19/2025
5,ROSSVILLE-CHARLESTON,31 COMMERCIAL VACANT LAND,4,7408,149,,V9,N/A ANDROVETTE STREET,,10309,0,0,0,"6,640",0,,4,V9,"20,000",12/08/2025
5,ROSSVILLE-CHARLESTON,31 COMMERCIAL VACANT LAND,4,7465,126,,V1,N/A ARTHUR KILL ROAD,,10309,0,0,0,"123,200",0,,4,V1,"525,000",09/18/2025
5,ROSSVILLE-CHARLESTON,31 COMMERCIAL VACANT LAND,4,7527,1,,V1,N/A VETERANS ROAD WEST,,10309,0,0,0,"13,468",0,,4,V1,"1,375,000",10/09/2025
5,ROSSVILLE-CHARLESTON,31 COMMERCIAL VACANT LAND,4,7527,11,,V1,N/A VETERANS ROAD WEST,,10309,0,0,0,"10,750",0,,4,V1,"1,375,000",10/09/2025
5,ROSSVILLE-CHARLESTON,31 COMMERCIAL VACANT LAND,4,7529,45,,V1,N/A WANIER AVENUE,,,0,0,0,"2,378",0,,4,V1,"207,000",06/12/2025
5,ROSSVILLE-PORT MOBIL,28 COMMERCIAL CONDOS,4,7167,1001,,RW,"2807 ARTHUR KILL ROAD, 1",1,10309,,1,1,,,2023,4,R5,"33,325,000",12/31/2025
5,ROSSVILLE-PORT MOBIL,30 WAREHOUSES,4,7206,269,,E1,115 INDUSTRIAL LOOP,,10309,0,1,1,"15,600","7,150",1996,4,E1,"2,100,000",11/07/2025
5,ROSSVILLE-PORT MOBIL,31 COMMERCIAL VACANT LAND,4,7207,283,,V1,N/A JOHNSON STREET,,10309,0,0,0,"24,915",0,,4,V1,"1,875,000",05/09/2025
5,ROSSVILLE-PORT MOBIL,41 TAX CLASS 4 - OTHER,4,7206,165,,Z9,N/A INDUSTRIAL LOOP,,10309,0,0,0,"21,665",0,,4,Z9,"1,580,000",09/26/2025
5,ROSSVILLE-RICHMOND VALLEY,02 TWO FAMILY DWELLINGS,1,7565,12,,B2,38 WEINER STREET,,10309,2,0,2,"5,000","2,560",1979,1,B2,10,08/07/2025
5,ROSSVILLE-RICHMOND VALLEY,02 TWO FAMILY DWELLINGS,1,7566,109,,B2,79 WEINER STREET,,10309,2,0,2,"7,370","1,600",1993,1,B2,"1,279,000",08/15/2025
5,ROSSVILLE-RICHMOND VALLEY,02 TWO FAMILY DWELLINGS,1,7572,62,,B2,15 MADSEN AVENUE,,10309,2,0,2,"5,076","3,761",2025,1,B2,"1,527,852",08/27/2025
5,ROSSVILLE-RICHMOND VALLEY,02 TWO FAMILY DWELLINGS,1,7577,50,,B2,19 TORRICE LOOP,,10309,2,0,2,"6,557","3,921",,1,B2,0,09/04/2025
5,ROSSVILLE-RICHMOND VALLEY,02 TWO FAMILY DWELLINGS,1,7577,66,,B2,7 TORRICE LOOP,,10309,2,0,2,"6,607","4,083",2022,1,B2,"1,323,725",04/29/2025
5,ROSSVILLE-RICHMOND VALLEY,02 TWO FAMILY DWELLINGS,1,7577,86,,B2,N/A WEINER STREET,,10309,2,0,2,"5,701","3,378",2025,1,B2,"1,578,288",08/28/2025
5,ROSSVILLE-RICHMOND VALLEY,22 STORE BUILDINGS,4,7578,49,,K1,51 PAGE AVENUE,,10309,0,1,1,"2,250",770,1998,4,K1,"500,000",05/09/2025
5,ROSSVILLE-RICHMOND VALLEY,22 STORE BUILDINGS,4,7578,55,,K1,35 PAGE AVENUE,,10309,0,1,1,"4,257","1,551",1998,4,K1,0,10/14/2025
5,ROSSVILLE-RICHMOND VALLEY,22 STORE BUILDINGS,4,7584,77,,K1,4850 ARTHUR KILL ROAD,,10309,0,1,1,"17,616","6,409",2003,4,K1,"1,386,870",10/17/2025
5,ROSSVILLE-RICHMOND VALLEY,29 COMMERCIAL GARAGES,4,7578,15,,G2,115 PAGE AVENUE,,10309,0,1,1,"11,200","4,700",1995,4,G2,0,05/23/2025
5,SILVER LAKE,01 ONE FAMILY DWELLINGS,1,120,1,,A5,37 FOREST AV,,10301,1,0,1,"2,194","1,320",1994,1,A5,0,11/20/2025
5,SILVER LAKE,01 ONE FAMILY DWELLINGS,1,120,41,,A1,115 OXFORD PLACE,,10301,1,0,1,"4,400","1,520",1930,1,A1,"730,000",01/21/2026
5,SILVER LAKE,01 ONE FAMILY DWELLINGS,1,121,36,,A1,236 CASTLETON AVENUE,,10301,1,0,1,"5,000","2,136",1955,1,A1,0,11/06/2025
5,SILVER LAKE,01 ONE FAMILY DWELLINGS,1,121,55,,A2,3 SILVER LAKE ROAD,,10301,1,0,1,"4,884","1,639",1955,1,A2,"821,500",09/30/2025
5,SILVER LAKE,01 ONE FAMILY DWELLINGS,1,126,27,,A1,115 SILVER LAKE ROAD,,10301,1,0,1,"5,640","1,774",1945,1,A1,0,09/30/2025
5,SILVER LAKE,01 ONE FAMILY DWELLINGS,1,249,50,,A1,27 UNIVERSITY PLACE,,10301,1,0,1,"6,250","1,500",1920,1,A1,0,03/04/2026
5,SILVER LAKE,01 ONE FAMILY DWELLINGS,1,250,5,,A1,320 FOREST AVENUE,,10301,1,0,1,"2,852","1,313",1930,1,A1,0,12/16/2025
5,SILVER LAKE,01 ONE FAMILY DWELLINGS,1,250,18,,A1,20 UNIVERSITY PLACE,,10301,1,0,1,"2,600","1,200",1935,1,A1,"570,000",12/12/2025
5,SILVER LAKE,01 ONE FAMILY DWELLINGS,1,251,43,,A1,236 HART BOULEVARD,,10301,1,0,1,"3,910","1,448",1899,1,A1,"840,000",08/18/2025
5,SILVER LAKE,01 ONE FAMILY DWELLINGS,1,251,59,,A2,53 REVERE STREET,,10301,1,0,1,"5,580","1,296",1960,1,A2,0,01/12/2026
5,SILVER LAKE,01 ONE FAMILY DWELLINGS,1,252,45,,A1,252 OAKWOOD AVENUE,,10301,1,0,1,"2,875","1,560",1899,1,A1,10,01/21/2026
5,SILVER LAKE,01 ONE FAMILY DWELLINGS,1,254,122,,A1,80 LAKEWOOD ROAD,,10301,1,0,1,"6,000","1,385",1935,1,A1,"200,000",10/07/2025
5,SILVER LAKE,01 ONE FAMILY DWELLINGS,1,254,135,,A1,6 SILVER COURT,,10301,1,0,1,"4,970","1,770",1950,1,A1,"700,000",09/09/2025
5,SILVER LAKE,01 ONE FAMILY DWELLINGS,1,254,181,,A1,26 PARK COURT,,10301,1,0,1,"6,000","2,432",1935,1,A1,0,10/21/2025
5,SILVER LAKE,01 ONE FAMILY DWELLINGS,1,255,62,,A1,65 GRISWOLD COURT,,10301,1,0,1,"18,497","3,887",1988,1,A1,"2,395,000",06/10/2025
5,SILVER LAKE,01 ONE FAMILY DWELLINGS,1,256,68,,A2,6 OXHOLM AVENUE,,10301,1,0,1,"12,312","1,408",1960,1,A2,0,06/04/2025
5,SILVER LAKE,01 ONE FAMILY DWELLINGS,1,259,35,,A1,21 DANA STREET,,10301,1,0,1,"3,000","1,056",1930,1,A1,"675,000",06/26/2025
5,SILVER LAKE,01 ONE FAMILY DWELLINGS,1,260,5,,A1,41 CITY BOULEVARD,,10301,1,0,1,"3,800","2,010",1920,1,A1,0,06/17/2025
5,SILVER LAKE,01 ONE FAMILY DWELLINGS,1,260,27,,A1,11 WELLES COURT,,10301,1,0,1,"3,800","1,488",1920,1,A1,0,10/16/2025
5,SILVER LAKE,01 ONE FAMILY DWELLINGS,1,260,30,,A2,77 CITY BOULEVARD,,10301,1,0,1,"4,600","1,176",1940,1,A2,"799,000",07/25/2025
5,SILVER LAKE,01 ONE FAMILY DWELLINGS,1,261,1,,A1,605 BARD AVENUE,,10310,1,0,1,"4,165","1,224",1930,1,A1,"746,499",11/24/2025
5,SILVER LAKE,01 ONE FAMILY DWELLINGS,1,261,59,,A1,52 CITY BOULEVARD,,10301,1,0,1,"2,500","1,074",1910,1,A1,0,07/23/2025
5,SILVER LAKE,01 ONE FAMILY DWELLINGS,1,263,40,,A1,82 CROSSHILL STREET,,10301,1,0,1,"3,500","1,396",1899,1,A1,"788,800",06/11/2025
5,SILVER LAKE,01 ONE FAMILY DWELLINGS,1,264,16,,A1,682 METROPOLITAN AVENUE,,10301,1,0,1,"7,500","2,868",1940,1,A1,"1,520,000",07/17/2025
5,SILVER LAKE,01 ONE FAMILY DWELLINGS,1,265,22,,A1,5 SHAWNEE STREET,,10301,1,0,1,"10,000","2,515",1960,1,A1,0,04/09/2025
5,SILVER LAKE,01 ONE FAMILY DWELLINGS,1,269,25,,A1,1 SUNSET HILL DRIVE,,10301,1,0,1,"13,000","2,264",1960,1,A1,"1,400,000",12/23/2025
5,SILVER LAKE,01 ONE FAMILY DWELLINGS,1,271,23,,A1,812 METROPOLITAN AVENUE,,10301,1,0,1,"7,500","2,040",1977,1,A1,0,06/25/2025
5,SILVER LAKE,01 ONE FAMILY DWELLINGS,1,275,15,,A2,67 LAWRENCE AVENUE,,10310,1,0,1,"3,330","1,164",1940,1,A2,"785,000",10/15/2025
5,SILVER LAKE,01 ONE FAMILY DWELLINGS,1,275,112,,A1,221 HART AVENUE,,10310,1,0,1,"3,640","1,440",1940,1,A1,1,06/12/2025
5,SILVER LAKE,01 ONE FAMILY DWELLINGS,1,277,37,,A1,137 LAWRENCE AVENUE,,10310,1,0,1,"4,500","2,146",1960,1,A1,"1,200,000",06/03/2025
5,SILVER LAKE,01 ONE FAMILY DWELLINGS,1,277,87,,A1,650 BARD AVENUE,,10310,1,0,1,"4,000","1,492",1920,1,A1,0,01/12/2026
5,SILVER LAKE,01 ONE FAMILY DWELLINGS,1,277,96,,A1,668 BARD AVENUE,,10310,1,0,1,"4,000","1,560",1920,1,A1,"389,500",09/30/2025
5,SILVER LAKE,01 ONE FAMILY DWELLINGS,1,277,131,,A1,1 WHITEWOOD AVENUE,,10310,1,0,1,"5,200","1,896",1899,1,A1,"870,000",12/15/2025
5,SILVER LAKE,01 ONE FAMILY DWELLINGS,1,278,63,,A1,100 LAWRENCE AVENUE,,10310,1,0,1,"3,300","1,390",1901,1,A1,"899,000",12/16/2025
5,SILVER LAKE,01 ONE FAMILY DWELLINGS,1,279,10,,A1,52 PARK VIEW PLACE,,10310,1,0,1,"5,780","3,190",1950,1,A1,10,06/17/2025
5,SILVER LAKE,02 TWO FAMILY DWELLINGS,1,121,80,,B3,47 SILVER LAKE ROAD,,10301,2,0,2,"7,712","2,649",1935,1,B3,0,09/25/2025
5,SILVER LAKE,02 TWO FAMILY DWELLINGS,1,122,52,,B2,63 FOREST AVENUE,,10301,2,0,2,"6,250","4,649",1930,1,B2,"1,380,000",11/05/2025
5,SILVER LAKE,02 TWO FAMILY DWELLINGS,1,253,54,,B2,N/A SHARON AVENUE,,10301,2,0,2,"4,732","4,415",2025,1,B2,"1,578,288",02/18/2026
5,SILVER LAKE,02 TWO FAMILY DWELLINGS,1,260,1,,B3,49 CITY BOULEVARD,,10301,2,0,2,"4,900","2,160",1910,1,B3,0,04/29/2025
5,SILVER LAKE,02 TWO FAMILY DWELLINGS,1,277,62,,B1,34 HARVEST AVENUE,,10310,2,0,2,"5,194","3,197",1984,1,B1,"1,175,000",12/16/2025
5,SILVER LAKE,02 TWO FAMILY DWELLINGS,1,278,77,,B2,132 LAWRENCE AVENUE,,10310,2,0,2,"8,550","1,458",1960,1,B2,"500,000",07/16/2025
5,SILVER LAKE,05 TAX CLASS 1 VACANT LAND,1B,253,54,,V0,N/A SHARON AVENUE,,10301,0,0,0,"4,732",0,2025,1,V0,"375,000",04/23/2025
5,SILVER LAKE,05 TAX CLASS 1 VACANT LAND,1B,264,27,,V0,N/A THAMES AVENUE,,10301,0,0,0,"2,500",0,,1,V0,"150,000",12/29/2025
5,SILVER LAKE,05 TAX CLASS 1 VACANT LAND,1B,264,28,,V0,N/A THAMES AVENUE,,10301,0,0,0,"4,375",0,,1,V0,"415,000",07/31/2025
5,SILVER LAKE,06 TAX CLASS 1 - OTHER,1,254,139,,G0,6 LAKEWOOD ROAD,,10301,0,0,0,"4,000",0,1950,1,G0,"700,000",09/09/2025
5,SILVER LAKE,06 TAX CLASS 1 - OTHER,1,269,28,,Z0,N/A SUNSET HILL DRIVE,,10301,0,0,0,"6,267",0,,1,Z0,"1,400,000",12/23/2025
5,SILVER LAKE,07 RENTALS - WALKUP APARTMENTS,2A,253,49,,C3,358 SHARON AVENUE,,10301,4,0,4,"6,958","3,800",1948,2,C3,"1,150,000",09/19/2025
5,SILVER LAKE,07 RENTALS - WALKUP APARTMENTS,2A,253,71,,C3,613 METROPOLITAN AVENUE,,10301,4,0,4,"4,775","3,468",1932,2,C3,0,08/04/2025
5,SILVER LAKE,07 RENTALS - WALKUP APARTMENTS,2A,275,11,,C3,75 LAWRENCE AVENUE,,10310,4,0,4,"4,500","3,520",1931,2,C3,"499,000",09/02/2025
5,SILVER LAKE,13 CONDOS - ELEVATOR APARTMENTS,2,250,1006,,R4,"215 HART BOULEVARD, 1G",1G,10301,1,,1,,,1931,2,R4,0,07/28/2025
5,SILVER LAKE,13 CONDOS - ELEVATOR APARTMENTS,2,250,1034,,R4,"215 HART BOULEVARD, 4C",4C,10301,1,,1,,,1931,2,R4,"260,000",10/23/2025
5,SILVER LAKE,13 CONDOS - ELEVATOR APARTMENTS,2,251,1038,,R4,"200 HART BOULEVARD, 5F",5F,10301,1,,1,,,1937,2,R4,0,09/12/2025
5,SILVER LAKE,22 STORE BUILDINGS,4,252,3,,K7,"386 FOREST AVENUE, 1",,10301,0,1,1,"5,000","3,165",2010,4,K7,"2,200,000",06/26/2025
5,SILVER LAKE,29 COMMERCIAL GARAGES,4,252,1,,G7,N/A FOREST AVENUE,,10301,0,0,0,"5,000",0,,4,G7,"2,200,000",06/26/2025
5,SOUTH BEACH,01 ONE FAMILY DWELLINGS,1,3111,39,,A5,83 ARTHUR AVENUE,,10305,1,0,1,"2,350","1,200",2002,1,A5,0,11/14/2025
5,SOUTH BEACH,01 ONE FAMILY DWELLINGS,1,3111,112,,A5,147 ROBIN ROAD,,10305,1,0,1,"1,400","1,120",1986,1,A5,"480,000",01/15/2026
5,SOUTH BEACH,01 ONE FAMILY DWELLINGS,1,3117,16,,A9,37 AUSTIN AVENUE,,10305,1,0,1,"1,900",752,1915,1,A9,"525,000",08/15/2025
5,SOUTH BEACH,01 ONE FAMILY DWELLINGS,1,3117,134,,A5,N/A ROBIN ROAD,,10305,1,0,1,"2,551","1,512",2023,1,A5,"753,505",06/03/2025
5,SOUTH BEACH,01 ONE FAMILY DWELLINGS,1,3117,136,,A5,91 ROBIN ROAD,,10305,1,0,1,"2,127","1,274",2023,1,A5,"677,136",10/09/2025
5,SOUTH BEACH,01 ONE FAMILY DWELLINGS,1,3117,198,,A5,76 RAILROAD AVENUE,,10305,1,0,1,"2,460","2,160",1999,1,A5,"915,000",07/29/2025
5,SOUTH BEACH,01 ONE FAMILY DWELLINGS,1,3119,82,,A1,61 ROBIN ROAD,,10305,1,0,1,"1,600","1,284",1930,1,A1,"655,000",05/22/2025
5,SOUTH BEACH,01 ONE FAMILY DWELLINGS,1,3120,14,,A1,29 WINDOM AVENUE,,10305,1,0,1,"2,000",936,1925,1,A1,0,11/22/2025
5,SOUTH BEACH,01 ONE FAMILY DWELLINGS,1,3120,32,,A5,10 CEDAR AVENUE,,10305,1,0,1,"1,400","1,176",1999,1,A5,"710,000",05/15/2025
5,SOUTH BEACH,01 ONE FAMILY DWELLINGS,1,3120,33,,A5,8 CEDAR AVENUE,,10305,1,0,1,"2,200","1,176",1999,1,A5,"777,000",07/29/2025
5,SOUTH BEACH,01 ONE FAMILY DWELLINGS,1,3121,9,,A5,93 OCEAN AVENUE,,10305,1,0,1,"2,267","1,204",2017,1,A5,0,11/01/2025
5,SOUTH BEACH,01 ONE FAMILY DWELLINGS,1,3121,40,,A5,35 OCEAN AVENUE,,10305,1,0,1,"3,250","1,584",1996,1,A5,0,02/12/2026
5,SOUTH BEACH,01 ONE FAMILY DWELLINGS,1,3121,74,,A9,68 MC CLEAN AVENUE,,10305,1,0,1,"2,970","1,000",1920,1,A9,"570,000",11/05/2025
5,SOUTH BEACH,01 ONE FAMILY DWELLINGS,1,3121,77,,A2,202 LILY POND AVENUE,,10305,1,0,1,"2,555",560,1940,1,A2,0,12/04/2025
5,SOUTH BEACH,01 ONE FAMILY DWELLINGS,1,3121,98,,A5,N/A WATERFORD COURT,,10305,1,0,1,"2,700","1,460",2019,1,A5,"53,500",12/04/2025
5,SOUTH BEACH,01 ONE FAMILY DWELLINGS,1,3121,151,,A5,25 PALISADE STREET,,10305,1,0,1,"2,250","1,200",2003,1,A5,"730,000",09/24/2025
5,SOUTH BEACH,01 ONE FAMILY DWELLINGS,1,3121,198,,A1,16 GUILFORD STREET,,10305,1,0,1,"2,700","1,467",1960,1,A1,0,11/16/2025
5,SOUTH BEACH,01 ONE FAMILY DWELLINGS,1,3122,32,,A5,190 ARTHUR AVENUE,,10305,1,0,1,"2,350","1,519",1999,1,A5,"768,000",04/22/2025
5,SOUTH BEACH,01 ONE FAMILY DWELLINGS,1,3122,144,,A1,235 FATHER CAPODANNO BLVD,,10305,1,0,1,"1,950","1,600",1945,1,A1,"585,000",07/03/2025
5,SOUTH BEACH,01 ONE FAMILY DWELLINGS,1,3122,154,,A1,253 FATHER CAPODANNO BL,,10305,1,0,1,"1,950","1,344",1955,1,A1,"593,336",04/09/2025
5,SOUTH BEACH,01 ONE FAMILY DWELLINGS,1,3122,225,,A5,193 FATHER CAPODANNO BLVD.,,10305,1,0,1,"1,185","1,450",2004,1,A5,0,04/24/2025
5,SOUTH BEACH,01 ONE FAMILY DWELLINGS,1,3122,306,,A5,22 RAGAZZI LANE,,10305,1,0,1,"1,400","1,844",2000,1,A5,"628,000",01/12/2026
5,SOUTH BEACH,01 ONE FAMILY DWELLINGS,1,3122,334,,A5,66 OCEANSIDE AVENUE,,10305,1,0,1,"2,650","2,210",2000,1,A5,0,06/25/2025
5,SOUTH BEACH,01 ONE FAMILY DWELLINGS,1,3124,17,,A5,29 DOTY AVENUE,,10305,1,0,1,"1,201","1,636",1999,1,A5,0,07/25/2025
5,SOUTH BEACH,01 ONE FAMILY DWELLINGS,1,3124,20,,A5,23A DOTY AVENUE,,10305,1,0,1,"1,960","1,990",2004,1,A5,0,09/08/2025
5,SOUTH BEACH,01 ONE FAMILY DWELLINGS,1,3124,200,,A1,32 LINDA AVENUE,,10305,1,0,1,"9,027","1,392",1925,1,A1,"491,790",12/18/2025
5,SOUTH BEACH,01 ONE FAMILY DWELLINGS,1,3124,302,,A5,9 LINDA AVENUE,,10305,1,0,1,"2,610","1,200",1986,1,A5,"680,000",06/17/2025
5,SOUTH BEACH,01 ONE FAMILY DWELLINGS,1,3124,308,,A5,27 LINDA AVENUE,,10305,1,0,1,"2,750","1,200",1986,1,A5,"595,000",04/29/2025
5,SOUTH BEACH,01 ONE FAMILY DWELLINGS,1,3124,314,,A5,45 LINDA AVENUE,,10305,1,0,1,"2,750","1,200",1986,1,A5,0,09/29/2025
5,SOUTH BEACH,01 ONE FAMILY DWELLINGS,1,3124,352,,A5,12 SEA GATE COURT,,10305,1,0,1,"1,175","1,420",1999,1,A5,"638,000",08/21/2025
5,SOUTH BEACH,01 ONE FAMILY DWELLINGS,1,3124,383,,A5,66 SEA GATE COURT,,10305,1,0,1,990,"1,096",1999,1,A5,"660,000",12/09/2025
5,SOUTH BEACH,01 ONE FAMILY DWELLINGS,1,3124,390,,A5,82 SEAGATE COURT,,10305,1,0,1,"1,000","1,096",1999,1,A5,"650,000",11/14/2025
5,SOUTH BEACH,01 ONE FAMILY DWELLINGS,1,3235,65,,A5,11 KERMIT AVENUE,,10305,1,0,1,"1,800","1,280",2009,1,A5,0,05/20/2025
5,SOUTH BEACH,01 ONE FAMILY DWELLINGS,1,3236,52,,A5,22 KERMIT AVENUE,,10305,1,0,1,"2,000","1,176",1992,1,A5,"631,315",07/30/2025
5,SOUTH BEACH,01 ONE FAMILY DWELLINGS,1,3237,36,,A5,21 NORWAY AVENUE,,10305,1,0,1,"2,300","1,200",1960,1,A5,"545,000",01/13/2026
5,SOUTH BEACH,01 ONE FAMILY DWELLINGS,1,3237,61,,A1,20 MALLORY AVENUE,,10305,1,0,1,"4,000","2,216",1965,1,A1,"835,000",05/13/2025
5,SOUTH BEACH,01 ONE FAMILY DWELLINGS,1,3246,13,,A5,149 LAMPORT BOULEVARD,,10305,1,0,1,"2,058","1,230",1960,1,A5,"570,000",09/15/2025
5,SOUTH BEACH,01 ONE FAMILY DWELLINGS,1,3246,65,,A1,68 KENSINGTON AVENUE,,10305,1,0,1,"6,000","2,138",1950,1,A1,"1,380,000",12/11/2025
5,SOUTH BEACH,01 ONE FAMILY DWELLINGS,1,3248,35,,A2,236 MALLORY AVENUE,,10305,1,0,1,"4,000",988,1955,1,A2,"785,000",01/07/2026
5,SOUTH BEACH,01 ONE FAMILY DWELLINGS,1,3248,38,,A5,240 MALLORY AVENUE,,10305,1,0,1,"2,500","1,320",1960,1,A5,"660,000",09/26/2025
5,SOUTH BEACH,01 ONE FAMILY DWELLINGS,1,3249,43,,A2,243 MALLORY AVENUE,,10305,1,0,1,"5,000","1,080",1950,1,A2,"335,000",04/09/2025
5,SOUTH BEACH,01 ONE FAMILY DWELLINGS,1,3249,52,,A2,229 MALLORY AVENUE,,10305,1,0,1,"4,000",960,1950,1,A2,"835,000",09/02/2025
5,SOUTH BEACH,01 ONE FAMILY DWELLINGS,1,3250,17,,A2,172 KENSINGTON AVENUE,,10305,1,0,1,"4,000",960,1950,1,A2,"700,000",05/01/2025
5,SOUTH BEACH,01 ONE FAMILY DWELLINGS,1,3250,17,,A2,172 KENSINGTON AVENUE,,10305,1,0,1,"4,000",960,1950,1,A2,"750,000",09/04/2025
5,SOUTH BEACH,01 ONE FAMILY DWELLINGS,1,3250,70,,A5,179 LAMPORT BOULEVARD,,10305,1,0,1,"2,280","1,120",1965,1,A5,"750,000",04/22/2025
5,SOUTH BEACH,01 ONE FAMILY DWELLINGS,1,3253,51,,A2,285 MALLORY AVENUE,,10305,1,0,1,"4,000",616,1940,1,A2,"580,000",04/18/2025
5,SOUTH BEACH,01 ONE FAMILY DWELLINGS,1,3254,23,,A5,260B KENSINGTON AVENUE,,10305,1,0,1,"2,000","1,200",2002,1,A5,"685,000",08/26/2025
5,SOUTH BEACH,01 ONE FAMILY DWELLINGS,1,3254,38,,A2,193 OLYMPIA BOULEVARD,,10305,1,0,1,"3,800","1,144",1955,1,A2,"655,000",11/04/2025
5,SOUTH BEACH,01 ONE FAMILY DWELLINGS,1,3255,25,,A2,254 JEROME AVENUE,,10305,1,0,1,"4,000",844,1935,1,A2,"610,000",05/02/2025
5,SOUTH BEACH,01 ONE FAMILY DWELLINGS,1,3256,2,,A2,129 OLYMPIA BOULEVARD,,10305,1,0,1,"4,360","1,290",1930,1,A2,"567,500",09/10/2025
5,SOUTH BEACH,01 ONE FAMILY DWELLINGS,1,3256,4,,A1,131 OLYMPIA BOULEVARD,,10305,1,0,1,"4,360","1,456",1960,1,A1,"685,000",05/19/2025
5,SOUTH BEACH,01 ONE FAMILY DWELLINGS,1,3263,39,,A5,18 JEROME AVENUE,,10305,1,0,1,"2,000","1,200",2013,1,A5,"810,000",09/04/2025
5,SOUTH BEACH,01 ONE FAMILY DWELLINGS,1,3269,32,,A1,43 BIONIA AVENUE,,10305,1,0,1,"5,300","1,375",1930,1,A1,0,04/07/2025
5,SOUTH BEACH,01 ONE FAMILY DWELLINGS,1,3270,36,,A2,65 JEROME AVE,,10305,1,0,1,"3,300",832,1960,1,A2,0,09/02/2025
5,SOUTH BEACH,01 ONE FAMILY DWELLINGS,1,3270,59,,A1,2 BIONIA AVENUE,,10305,1,0,1,"6,000","1,320",1930,1,A1,"1,180,000",08/20/2025
5,SOUTH BEACH,01 ONE FAMILY DWELLINGS,1,3274,19,,A2,11 PIAVE AVENUE,,10305,1,0,1,"6,000","1,040",1960,1,A2,"780,000",10/03/2025
5,SOUTH BEACH,01 ONE FAMILY DWELLINGS,1,3274,48,,A2,162 SAND LANE,,10305,1,0,1,"4,000","2,016",1950,1,A2,"999,900",06/09/2025
5,SOUTH BEACH,01 ONE FAMILY DWELLINGS,1,3275,48,,A1,84 LINWOOD AVENUE,,10305,1,0,1,"3,000","1,728",1996,1,A1,0,12/19/2025
5,SOUTH BEACH,01 ONE FAMILY DWELLINGS,1,3276,5,,A1,101 FOCH AVENUE,,10305,1,0,1,"4,000","2,250",1940,1,A1,0,02/17/2026
5,SOUTH BEACH,01 ONE FAMILY DWELLINGS,1,3276,46,,A6,90 HICKORY AVENUE,,10305,1,0,1,"2,000",385,1899,1,A6,"525,000",10/27/2025
5,SOUTH BEACH,01 ONE FAMILY DWELLINGS,1,3277,24,,A3,169 JEROME AVENUE,,10305,1,0,1,"4,000","3,310",1920,1,A3,0,09/04/2025
5,SOUTH BEACH,01 ONE FAMILY DWELLINGS,1,3277,31,,A2,157 JEROME AVENUE,,10305,1,0,1,"4,000",702,1920,1,A2,0,06/09/2025
5,SOUTH BEACH,01 ONE FAMILY DWELLINGS,1,3277,43,,A5,100 BIONIA AVENUE,,10305,1,0,1,"2,080","1,020",1978,1,A5,"699,888",07/22/2025
5,SOUTH BEACH,01 ONE FAMILY DWELLINGS,1,3277,49,,A2,116 BIONIA AVENUE,,10305,1,0,1,"4,000",678,1925,1,A2,"645,000",11/24/2025
5,SOUTH BEACH,01 ONE FAMILY DWELLINGS,1,3278,32,,A5,150 LINWOOD AVENUE,,10305,1,0,1,"2,700","1,400",2003,1,A5,"795,000",11/24/2025
5,SOUTH BEACH,01 ONE FAMILY DWELLINGS,1,3279,8,,A1,49 FOCH AVENUE,,10305,1,0,1,"2,040",940,1920,1,A1,"212,500",09/08/2025
5,SOUTH BEACH,01 ONE FAMILY DWELLINGS,1,3284,51,,A5,53 PIAVE AVENUE,,10305,1,0,1,"2,000","1,190",1990,1,A5,"635,000",02/27/2026
5,SOUTH BEACH,01 ONE FAMILY DWELLINGS,1,3347,1,,A2,189 REID AVENUE,,10305,1,0,1,"6,000","3,000",1965,1,A2,0,11/24/2025
5,SOUTH BEACH,01 ONE FAMILY DWELLINGS,1,3347,16,,A5,30 JEROME ROAD,,10305,1,0,1,"2,507","1,442",1999,1,A5,0,09/17/2025
5,SOUTH BEACH,01 ONE FAMILY DWELLINGS,1,3347,51,,A2,37 LACONIA AVENUE,,10305,1,0,1,"1,900",900,1915,1,A2,0,01/27/2026
5,SOUTH BEACH,01 ONE FAMILY DWELLINGS,1,3347,57,,A5,51 LACONIA AVENUE,,10305,1,0,1,"2,375","1,800",1991,1,A5,"850,000",11/06/2025
5,SOUTH BEACH,01 ONE FAMILY DWELLINGS,1,3349,8,,A5,126 HURLBERT STREET,,10305,1,0,1,"2,320","1,232",2006,1,A5,"776,000",12/11/2025
5,SOUTH BEACH,01 ONE FAMILY DWELLINGS,1,3351,4,,A5,132 JEROME ROAD,,10305,1,0,1,"3,000","1,960",2001,1,A5,"490,000",08/20/2025
5,SOUTH BEACH,01 ONE FAMILY DWELLINGS,1,3351,56,,A1,109 LACONIA AVENUE,,10305,1,0,1,"3,800","1,900",1960,1,A1,"957,999",06/09/2025
5,SOUTH BEACH,01 ONE FAMILY DWELLINGS,1,3352,38,,A5,160 REID AVENUE,,10305,1,0,1,"2,085","1,584",1996,1,A5,"710,000",11/06/2025
5,SOUTH BEACH,01 ONE FAMILY DWELLINGS,1,3352,62,,A5,215 HURLBERT STREET,,10305,1,0,1,"2,328","1,248",1965,1,A5,0,02/11/2026
5,SOUTH BEACH,01 ONE FAMILY DWELLINGS,1,3354,77,,A5,181 BENTON AVENUE,,10305,1,0,1,"2,200","1,108",1970,1,A5,"710,000",09/30/2025
5,SOUTH BEACH,01 ONE FAMILY DWELLINGS,1,3354,78,,A5,179 BENTON AVENUE,,10305,1,0,1,"2,200","1,108",1970,1,A5,"688,000",07/08/2025
5,SOUTH BEACH,01 ONE FAMILY DWELLINGS,1,3354,82,,A5,173 BENTON AVENUE,,10305,1,0,1,"2,200","1,108",1960,1,A5,0,10/23/2025
5,SOUTH BEACH,01 ONE FAMILY DWELLINGS,1,3362,46,,A2,176 LACONIA AVENUE,,10305,1,0,1,"6,600","1,172",1960,1,A2,0,06/11/2025
5,SOUTH BEACH,01 ONE FAMILY DWELLINGS,1,3362,80,,A2,275 HURLBERT STREET,,10305,1,0,1,"4,922","1,124",1960,1,A2,"800,000",12/02/2025
5,SOUTH BEACH,01 ONE FAMILY DWELLINGS,1,3370,24,,A2,395 ATLANTIC AVENUE,,10305,1,0,1,"4,400","1,080",1960,1,A2,"750,000",08/04/2025
5,SOUTH BEACH,01 ONE FAMILY DWELLINGS,1,3370,36,,A1,386 BURGHER AVENUE,,10305,1,0,1,"4,100","2,391",1960,1,A1,0,12/01/2025
5,SOUTH BEACH,01 ONE FAMILY DWELLINGS,1,3371,44,,A5,430 ATLANTIC AVENUE,,10305,1,0,1,"2,400","1,170",1965,1,A5,10,09/04/2025
5,SOUTH BEACH,01 ONE FAMILY DWELLINGS,1,3375,20,,A5,N/A ALTER AVENUE,,10305,1,0,1,"2,470","1,725",2024,1,A5,"954,100",07/02/2025
5,SOUTH BEACH,01 ONE FAMILY DWELLINGS,1,3375,21,,A5,N/A ALTER AVENUE,,10305,1,0,1,"2,470","1,724",2024,1,A5,"967,338",06/27/2025
5,SOUTH BEACH,01 ONE FAMILY DWELLINGS,1,3375,50,,A2,428 DELAWARE AVENUE,,10305,1,0,1,"3,417","1,000",1955,1,A2,0,06/12/2025
5,SOUTH BEACH,01 ONE FAMILY DWELLINGS,1,3376,5,,A2,369 CROMWELL AVENUE,,10305,1,0,1,"4,080","1,260",1925,1,A2,"770,000",07/02/2025
5,SOUTH BEACH,01 ONE FAMILY DWELLINGS,1,3376,14,,A5,357 CROMWELL AVENUE,,10305,1,0,1,"2,060","1,185",2004,1,A5,"745,000",03/09/2026
5,SOUTH BEACH,01 ONE FAMILY DWELLINGS,1,3378,109,,A2,366 CROMWELL AVENUE,,10305,1,0,1,"3,880","1,050",1950,1,A2,"813,000",10/15/2025
5,SOUTH BEACH,01 ONE FAMILY DWELLINGS,1,3379,71,,A5,404 GARRETSON AVENUE,,10305,1,0,1,"1,400","1,120",1990,1,A5,"625,000",06/18/2025
5,SOUTH BEACH,01 ONE FAMILY DWELLINGS,1,3390,8,,A5,71 CAMERON AVENUE,,10305,1,0,1,"2,000","1,288",1983,1,A5,"663,990",12/08/2025
5,SOUTH BEACH,01 ONE FAMILY DWELLINGS,1,3390,17,,A5,209 QUINTARD ST,,10305,1,0,1,"2,100","1,200",1992,1,A5,0,10/01/2025
5,SOUTH BEACH,01 ONE FAMILY DWELLINGS,1,3390,66,,A5,197 QUINTARD STREET,,10305,1,0,1,"1,096",756,1987,1,A5,0,07/15/2025
5,SOUTH BEACH,01 ONE FAMILY DWELLINGS,1,3391,1,,A5,104 OBERLIN STREET,,10305,1,0,1,"2,600","1,120",1998,1,A5,"730,000",10/03/2025
5,SOUTH BEACH,01 ONE FAMILY DWELLINGS,1,3391,118,,A5,341 PARKINSON AVENUE,,10305,1,0,1,"2,180","1,230",2000,1,A5,"680,000",08/01/2025
5,SOUTH BEACH,01 ONE FAMILY DWELLINGS,1,3392,28,,A5,14 REID AVENUE,,10305,1,0,1,"1,825","1,350",1999,1,A5,"502,000",01/07/2026
5,SOUTH BEACH,01 ONE FAMILY DWELLINGS,1,3392,29,,A5,12 REID AVENUE,,10305,1,0,1,"1,825","1,350",1999,1,A5,"673,000",02/03/2026
5,SOUTH BEACH,01 ONE FAMILY DWELLINGS,1,3394,39,,A5,255 QUINTARD STREET,,10305,1,0,1,"2,131","1,240",1975,1,A5,0,11/20/2025
5,SOUTH BEACH,01 ONE FAMILY DWELLINGS,1,3394,48,,A5,86 SCOTT AVENUE,,10305,1,0,1,"2,400","1,408",1999,1,A5,0,05/02/2025
5,SOUTH BEACH,01 ONE FAMILY DWELLINGS,1,3394,75,,A1,32 SCOTT AVENUE,,10305,1,0,1,"3,000","1,148",1965,1,A1,0,11/17/2025
5,SOUTH BEACH,01 ONE FAMILY DWELLINGS,1,3394,75,,A1,32 SCOTT AVENUE,,10305,1,0,1,"3,000","1,148",1965,1,A1,0,11/18/2025
5,SOUTH BEACH,01 ONE FAMILY DWELLINGS,1,3394,85,,A5,10 SCOTT AVENUE,,10305,1,0,1,"2,242","1,359",1987,1,A5,0,06/16/2025
5,SOUTH BEACH,01 ONE FAMILY DWELLINGS,1,3396,122,,A5,316A NORWAY AVENUE,,10305,1,0,1,"1,350","1,008",1999,1,A5,0,05/16/2025
5,SOUTH BEACH,01 ONE FAMILY DWELLINGS,1,3403,6,,A5,66 OLYMPIA BOULEVARD,,10305,1,0,1,"2,400","1,152",1975,1,A5,"638,000",08/20/2025
5,SOUTH BEACH,01 ONE FAMILY DWELLINGS,1,3406,8,,A5,326 SAND LANE,,10305,1,0,1,"2,200","1,492",2001,1,A5,0,11/14/2025
5,SOUTH BEACH,01 ONE FAMILY DWELLINGS,1,3406,31,,A5,16 QUINCY AVENUE,,10305,1,0,1,"1,624","1,492",2001,1,A5,0,10/03/2025
5,SOUTH BEACH,01 ONE FAMILY DWELLINGS,1,3406,33,,A5,12 QUINCY AVE,,10305,1,0,1,"1,442","1,492",2001,1,A5,"725,000",09/18/2025
5,SOUTH BEACH,01 ONE FAMILY DWELLINGS,1,3412,92,,A5,25 PEARSALL STREET,,10305,1,0,1,"2,267","1,160",2002,1,A5,"768,000",09/05/2025
5,SOUTH BEACH,01 ONE FAMILY DWELLINGS,1,3417,163,,A5,355C MALLORY AVENUE,,10305,1,0,1,"1,040","1,800",1990,1,A5,0,08/18/2025
5,SOUTH BEACH,01 ONE FAMILY DWELLINGS,1,3417,201,,A5,104 PEARSALL STREET,,10305,1,0,1,"2,350","1,300",1990,1,A5,"597,500",08/26/2025
5,SOUTH BEACH,01 ONE FAMILY DWELLINGS,1,3418,27,,A5,11 LAVA STREET,,10305,1,0,1,"2,300","1,600",1994,1,A5,"745,000",01/21/2026
5,SOUTH BEACH,01 ONE FAMILY DWELLINGS,1,3419,18,,A5,64 VULCAN STREET,,10305,1,0,1,"2,300","1,290",2005,1,A5,0,12/10/2025
5,SOUTH BEACH,01 ONE FAMILY DWELLINGS,1,3419,60,,A5,87 WINFIELD STREET,,10305,1,0,1,"2,200","1,408",1999,1,A5,0,09/16/2025
5,SOUTH BEACH,01 ONE FAMILY DWELLINGS,1,3420,13,,A5,104 WINFIELD STREET,,10305,1,0,1,"2,185","1,408",1997,1,A5,"755,000",01/23/2026
5,SOUTH BEACH,01 ONE FAMILY DWELLINGS,1,3420,23,,A5,84 WINFIELD STREET,,10305,1,0,1,"2,185","1,408",1997,1,A5,"750,000",02/03/2026
5,SOUTH BEACH,01 ONE FAMILY DWELLINGS,1,3420,27,,A5,76 WINFIELD STREET,,10305,1,0,1,"2,300","1,408",1998,1,A5,0,07/29/2025
5,SOUTH BEACH,01 ONE FAMILY DWELLINGS,1,3420,77,,A5,415 QUINTARD STREET,,10305,1,0,1,"2,138","1,408",1997,1,A5,0,04/15/2025
5,SOUTH BEACH,01 ONE FAMILY DWELLINGS,1,3491,68,,A5,364 SAND LANE,,10305,1,0,1,"2,723","1,376",2003,1,A5,10,07/31/2025
5,SOUTH BEACH,01 ONE FAMILY DWELLINGS,1,3491,118,,A5,47 CRESTWATER COURT,,10305,1,0,1,"1,035","1,675",2002,1,A5,0,09/08/2025
5,SOUTH BEACH,01 ONE FAMILY DWELLINGS,1,3491,120,,A5,51 CRESTWATER COURT,,10305,1,0,1,"1,035","1,675",2002,1,A5,"658,000",09/09/2025
5,SOUTH BEACH,01 ONE FAMILY DWELLINGS,1,3491,122,,A5,55 CRESTWATER COURT,,10305,1,0,1,"1,035","1,675",2002,1,A5,"639,999",07/29/2025
5,SOUTH BEACH,02 TWO FAMILY DWELLINGS,1,3110,22,,B2,253 SAND LANE,,10305,2,0,2,"5,000","1,496",1920,1,B2,0,01/14/2026
5,SOUTH BEACH,02 TWO FAMILY DWELLINGS,1,3110,65,,B2,206 CEDAR AVENUE,,10305,2,0,2,"4,440","2,896",1910,1,B2,0,08/06/2025
5,SOUTH BEACH,02 TWO FAMILY DWELLINGS,1,3111,17,,B3,123 ARTHUR AVE,,10305,2,0,2,"2,000","2,080",1910,1,B3,0,04/02/2025
5,SOUTH BEACH,02 TWO FAMILY DWELLINGS,1,3111,53,,B2,72 MILLS AVENUE,,10305,2,0,2,"6,313","2,226",1925,1,B2,"1,400,000",07/08/2025
5,SOUTH BEACH,02 TWO FAMILY DWELLINGS,1,3116,64,,B9,18 AUSTIN AVENUE,,10305,2,0,2,"2,816","1,870",1975,1,B9,0,01/14/2026
5,SOUTH BEACH,02 TWO FAMILY DWELLINGS,1,3116,89,,B2,68 AUSTIN AVENUE,,10305,2,0,2,"5,900","4,572",1940,1,B2,"1,200,000",08/07/2025
5,SOUTH BEACH,02 TWO FAMILY DWELLINGS,1,3117,30,,B1,15 AUSTIN AVENUE,,10305,2,0,2,"1,900","2,616",1920,1,B1,0,04/16/2025
5,SOUTH BEACH,02 TWO FAMILY DWELLINGS,1,3117,34,,B3,5 AUSTIN AVENUE,,10305,2,0,2,"4,400","1,632",1930,1,B3,0,04/16/2025
5,SOUTH BEACH,02 TWO FAMILY DWELLINGS,1,3121,84,,B2,N/A WATERFORD COURT,,10305,2,0,2,"3,800","2,536",2024,1,B2,"1,474,935",07/02/2025
5,SOUTH BEACH,02 TWO FAMILY DWELLINGS,1,3121,221,,B9,33 FATHER CAPODANNO BLVD,,10305,2,0,2,"3,055","1,600",2005,1,B9,0,10/02/2025
5,SOUTH BEACH,02 TWO FAMILY DWELLINGS,1,3124,30,,B2,98 ROBIN ROAD,,10305,2,0,2,"3,750","1,800",1930,1,B2,0,12/29/2025
5,SOUTH BEACH,02 TWO FAMILY DWELLINGS,1,3124,42,,B2,141 JACKSON AVENUE,,10305,2,0,2,"3,379","1,600",2004,1,B2,"100,000",04/17/2025
5,SOUTH BEACH,02 TWO FAMILY DWELLINGS,1,3124,253,,B2,151 JACKSON AVENUE,,10305,2,0,2,"2,636","1,640",2002,1,B2,0,12/13/2025
5,SOUTH BEACH,02 TWO FAMILY DWELLINGS,1,3124,254,,B9,149 JACKSON AVENUE,,10305,2,0,2,"2,630","1,640",2003,1,B9,0,12/13/2025
5,SOUTH BEACH,02 TWO FAMILY DWELLINGS,1,3238,26,,B2,29 MALLORY AVENUE,,10305,2,0,2,"4,000","1,788",1950,1,B2,0,09/12/2025
5,SOUTH BEACH,02 TWO FAMILY DWELLINGS,1,3248,54,,B3,241 NORWAY AVENUE,,10305,2,0,2,"4,000","1,579",1910,1,B3,0,08/25/2025
5,SOUTH BEACH,02 TWO FAMILY DWELLINGS,1,3251,20,,B2,166 JEROME AVENUE,,10305,2,0,2,"6,000","1,936",1940,1,B2,"865,820",07/22/2025
5,SOUTH BEACH,02 TWO FAMILY DWELLINGS,1,3251,20,,B2,166 JEROME AVENUE,,10305,2,0,2,"6,000","1,936",1940,1,B2,"930,777",12/18/2025
5,SOUTH BEACH,02 TWO FAMILY DWELLINGS,1,3252,22,,B2,288 MALLORY AVENUE,,10305,2,0,2,"4,000","2,070",2006,1,B2,0,12/03/2025
5,SOUTH BEACH,02 TWO FAMILY DWELLINGS,1,3252,55,,B2,293 NORWAY AVENUE,,10305,2,0,2,"4,000","2,512",1979,1,B2,0,04/30/2025
5,SOUTH BEACH,02 TWO FAMILY DWELLINGS,1,3254,54,,B2,267 LAMPORT BOULEVARD,,10305,2,0,2,"6,000","2,850",1960,1,B2,"1,280,500",08/06/2025
5,SOUTH BEACH,02 TWO FAMILY DWELLINGS,1,3257,25,,B3,114 FOCH AVENUE,,10305,2,0,2,"4,000","1,960",1930,1,B3,0,01/08/2026
5,SOUTH BEACH,02 TWO FAMILY DWELLINGS,1,3268,3,,B2,379 MC CLEAN AVENUE,,10305,2,0,2,"4,040","2,700",2024,1,B2,"1,451,911",07/09/2025
5,SOUTH BEACH,02 TWO FAMILY DWELLINGS,1,3268,28,,B2,29 HICKORY AVENUE,,10305,2,0,2,"3,500","2,202",2024,1,B2,"1,374,638",08/08/2025
5,SOUTH BEACH,02 TWO FAMILY DWELLINGS,1,3268,29,,B2,25 HICKORY AVENUE,,10305,2,0,2,"3,500","2,202",2024,1,B2,"1,374,638",08/01/2025
5,SOUTH BEACH,02 TWO FAMILY DWELLINGS,1,3270,1,,B2,125 JEROME AVENUE,,10305,2,0,2,"4,158","2,506",,1,B2,"1,400,000",09/08/2025
5,SOUTH BEACH,02 TWO FAMILY DWELLINGS,1,3270,5,,B2,117 JEROME AVENUE,,10305,2,0,2,"3,900","2,663",2025,1,B2,"1,424,532",08/13/2025
5,SOUTH BEACH,02 TWO FAMILY DWELLINGS,1,3270,7,,B2,113 JEROME AVENUE,,10305,2,0,2,"3,900","2,663",,1,B2,"1,405,185",07/21/2025
5,SOUTH BEACH,02 TWO FAMILY DWELLINGS,1,3270,9,,B2,N/A JEROME AVENUE,,10305,2,0,2,"3,900","2,663",2025,1,B2,"1,413,331",08/18/2025
5,SOUTH BEACH,02 TWO FAMILY DWELLINGS,1,3270,11,,B2,105 JEROME AVENUE,,10305,2,0,2,"3,900","2,663",2025,1,B2,"1,425,550",06/12/2025
5,SOUTH BEACH,02 TWO FAMILY DWELLINGS,1,3270,95,,B2,N/A BIONIA AVENUE,,10305,2,0,2,"3,900","2,659",2025,1,B2,"1,425,550",05/08/2025
5,SOUTH BEACH,02 TWO FAMILY DWELLINGS,1,3270,120,,B2,N/A BIONIA AVENUE,,10305,2,0,2,"4,700","2,726",2025,1,B2,"975,000",09/01/2025
5,SOUTH BEACH,02 TWO FAMILY DWELLINGS,1,3272,1,,B2,15 PERSHING STREET,,10305,2,0,2,"4,000","2,170",2005,1,B2,"1,225,000",04/03/2025
5,SOUTH BEACH,02 TWO FAMILY DWELLINGS,1,3274,3,,B3,306 HUMBERT STREET,,10305,2,0,2,"9,300","1,028",1925,1,B3,"735,000",02/26/2026
5,SOUTH BEACH,02 TWO FAMILY DWELLINGS,1,3275,39,,B3,382 MC CLEAN AVENUE,,10305,2,0,2,"4,360","2,270",1950,1,B3,"400,000",06/23/2025
5,SOUTH BEACH,02 TWO FAMILY DWELLINGS,1,3275,41,,B1,378 MC CLEAN AVENUE,,10305,2,0,2,"4,360","2,112",1965,1,B1,"970,000",04/23/2025
5,SOUTH BEACH,02 TWO FAMILY DWELLINGS,1,3276,18,,B3,139 BIONIA AVENUE,,10305,2,0,2,"4,000",748,1965,1,B3,"750,000",08/07/2025
5,SOUTH BEACH,02 TWO FAMILY DWELLINGS,1,3277,59,,B2,136 BIONIA AVENUE,,10305,2,0,2,"4,000","1,144",1955,1,B2,"865,000",06/26/2025
5,SOUTH BEACH,02 TWO FAMILY DWELLINGS,1,3282,67,,B2,114 PIAVE AVENUE,,10305,2,0,2,"4,000","2,364",1965,1,B2,0,04/26/2025
5,SOUTH BEACH,02 TWO FAMILY DWELLINGS,1,3284,5,,C0,7 OLYMPIA BOULEVARD,,10305,3,0,3,"3,268","1,752",1920,1,B2,0,10/14/2025
5,SOUTH BEACH,02 TWO FAMILY DWELLINGS,1,3284,96,,B2,260 SAND LANE,,10305,2,0,2,"1,540","1,768",1925,1,B2,"770,000",11/17/2025
5,SOUTH BEACH,02 TWO FAMILY DWELLINGS,1,3346,34,,B2,30 QUINTARD STREET,,10305,2,0,2,"2,740","1,402",1997,1,B2,0,01/19/2026
5,SOUTH BEACH,02 TWO FAMILY DWELLINGS,1,3350,53,,B9,101 JEROME ROAD,,10305,2,0,2,"3,000","1,600",1991,1,B9,0,04/21/2025
5,SOUTH BEACH,02 TWO FAMILY DWELLINGS,1,3351,32,,B2,76 JEROME ROAD,,10305,2,0,2,"4,000","1,872",1945,1,B2,0,10/13/2025
5,SOUTH BEACH,02 TWO FAMILY DWELLINGS,1,3351,66,,B2,125 LACONIA AVENUE,,10305,2,0,2,"3,800","2,205",1960,1,B2,"1,130,000",12/23/2025
5,SOUTH BEACH,02 TWO FAMILY DWELLINGS,1,3353,67,,B2,17 RUTH PLACE,,10305,2,0,2,"4,800","1,680",1925,1,B2,"655,000",07/10/2025
5,SOUTH BEACH,02 TWO FAMILY DWELLINGS,1,3359,64,,B2,199 EVERGREEN AVENUE,,10305,2,0,2,"5,390","2,376",1960,1,B2,"999,799",05/21/2025
5,SOUTH BEACH,02 TWO FAMILY DWELLINGS,1,3360,9,,B3,351 BURGHER AVENUE,,10305,2,0,2,"5,000","1,130",1955,1,B3,0,10/06/2025
5,SOUTH BEACH,02 TWO FAMILY DWELLINGS,1,3360,35,,B2,188 EVERGREEN AVENUE,,10305,2,0,2,"4,410","2,080",1960,1,B2,"1,044,500",02/12/2026
5,SOUTH BEACH,02 TWO FAMILY DWELLINGS,1,3360,39,,B2,196 EVERGREEN AVENUE,,10305,2,0,2,"4,725","2,184",1960,1,B2,0,08/04/2025
5,SOUTH BEACH,02 TWO FAMILY DWELLINGS,1,3360,43,,B2,204 EVERGREEN AVENUE,,10305,2,0,2,"4,725","2,184",1960,1,B2,0,04/11/2025
5,SOUTH BEACH,02 TWO FAMILY DWELLINGS,1,3360,44,,B2,210 EVERGREEN AVENUE,,10305,2,0,2,"4,725","2,080",1960,1,B2,0,05/27/2025
5,SOUTH BEACH,02 TWO FAMILY DWELLINGS,1,3362,43,,B2,186 LACONIA AVENUE,,10305,2,0,2,"4,840","2,764",2014,1,B2,"1,435,000",07/28/2025
5,SOUTH BEACH,02 TWO FAMILY DWELLINGS,1,3362,54,,B2,160 LACONIA AVENUE,,10305,2,0,2,"4,840","2,184",1960,1,B2,"999,000",10/01/2025
5,SOUTH BEACH,02 TWO FAMILY DWELLINGS,1,3362,58,,B9,150 LACONIA AVENUE,,10305,2,0,2,"3,375","1,250",1964,1,B9,0,08/04/2025
5,SOUTH BEACH,02 TWO FAMILY DWELLINGS,1,3362,61,,B9,144 LACONIA AVENUE,,10305,2,0,2,"3,375","1,250",1964,1,B9,0,08/04/2025
5,SOUTH BEACH,02 TWO FAMILY DWELLINGS,1,3375,7,,B9,453 ALTER AVENUE,,10305,2,0,2,"2,375","1,050",2004,1,B9,"769,000",08/19/2025
5,SOUTH BEACH,02 TWO FAMILY DWELLINGS,1,3378,47,,B9,422 CROMWELL AVENUE,,10305,2,0,2,"2,910","1,320",1970,1,B9,"733,000",02/12/2026
5,SOUTH BEACH,02 TWO FAMILY DWELLINGS,1,3378,48,,B9,424 CROMWELL AVENUE,,10305,2,0,2,"2,910","1,290",1965,1,B9,"725,000",02/06/2026
5,SOUTH BEACH,02 TWO FAMILY DWELLINGS,1,3378,50,,B1,428 CROMWELL AVENUE,,10305,2,0,2,"4,785","2,310",1955,1,B1,"1,075,000",10/22/2025
5,SOUTH BEACH,02 TWO FAMILY DWELLINGS,1,3396,42,,B2,23 VULCAN STREET,,10305,2,0,2,"3,984","4,070",2024,1,B2,"1,445,915",07/10/2025
5,SOUTH BEACH,02 TWO FAMILY DWELLINGS,1,3401,24,,B3,11 BALFOUR STREET,,10305,2,0,2,"3,200","1,632",1915,1,B3,"600,000",06/10/2025
5,SOUTH BEACH,02 TWO FAMILY DWELLINGS,1,3402,6,,B3,44 OLYMPIA BOULEVARD,,10305,2,0,2,"1,896",864,1925,1,B3,"625,000",01/29/2026
5,SOUTH BEACH,02 TWO FAMILY DWELLINGS,1,3402,7,,B3,46 OLYMPIA BOULEVARD,,10305,2,0,2,"2,226","1,452",1925,1,B3,"700,000",01/29/2026
5,SOUTH BEACH,02 TWO FAMILY DWELLINGS,1,3402,13,,B2,18 BALFOUR STREET,,10305,2,0,2,"3,200","2,208",1930,1,B2,"835,000",06/02/2025
5,SOUTH BEACH,02 TWO FAMILY DWELLINGS,1,3410,81,,B2,35 ANDREWS STREET,,10305,2,0,2,"5,000","2,460",1931,1,B2,"960,000",06/26/2025
5,SOUTH BEACH,02 TWO FAMILY DWELLINGS,1,3412,3,,B3,182 OLYMPIA BOULEVARD,,10305,2,0,2,"3,920","2,541",1925,1,B3,"943,800",03/19/2026
5,SOUTH BEACH,02 TWO FAMILY DWELLINGS,1,3412,7,,B3,176 OLYMPIA BOULEVARD,,10305,2,0,2,"3,880","2,130",1920,1,B3,0,06/10/2025
5,SOUTH BEACH,02 TWO FAMILY DWELLINGS,1,3417,108,,B2,14 PEARSALL STREET,,10305,2,0,2,"8,960","1,356",1955,1,B2,0,01/08/2026
5,SOUTH BEACH,02 TWO FAMILY DWELLINGS,1,3491,4,,B9,417 FATHER CAPODANNO BOULEVARD,,10305,2,0,2,"5,460","1,344",2004,1,B9,0,05/08/2025
5,SOUTH BEACH,02 TWO FAMILY DWELLINGS,1,3500,18,,B9,481L FR CAPODANNO BLVD,,10305,2,0,2,"3,835","1,290",2004,1,B9,0,06/05/2025
5,SOUTH BEACH,03 THREE FAMILY DWELLINGS,1,3377,1,,C0,435 CROMWELL AVENUE,,10305,3,0,3,"4,200","3,584",1930,1,C0,"1,320,000",04/24/2025
5,SOUTH BEACH,03 THREE FAMILY DWELLINGS,1,3377,5,,C0,427 CROMWELL AVENUE,,10305,3,0,3,"4,000","2,516",1925,1,C0,"930,000",06/05/2025
5,SOUTH BEACH,03 THREE FAMILY DWELLINGS,1B,3393,23,,V0,45 SCOTT AVENUE,,10305,0,0,0,"2,000",0,1935,1,C0,"670,000",07/28/2025
5,SOUTH BEACH,03 THREE FAMILY DWELLINGS,1,3398,15,,C0,24 WINFIELD STREET,,10305,3,0,3,"4,400","1,824",1960,1,C0,"1,039,800",07/25/2025
5,SOUTH BEACH,04 TAX CLASS 1 CONDOS,1C,3398,1002,,R6,"329 OLYMPIA BOULEVARD, B",B,10305,1,,1,,,1925,1,R6,"780,000",09/19/2025
5,SOUTH BEACH,04 TAX CLASS 1 CONDOS,1A,3417,1001,,R3,"46 PEARSALL STREET, C",C,10305,1,,1,,,2012,1,R3,0,01/23/2026
5,SOUTH BEACH,05 TAX CLASS 1 VACANT LAND,1,3110,68,,B2,68 ARTHUR AVENUE,,10305,2,0,2,"4,480",0,2025,1,V0,0,06/03/2025
5,SOUTH BEACH,05 TAX CLASS 1 VACANT LAND,1B,3117,29,,V0,N/A AUSTIN AVENUE,,10305,0,0,0,"1,900",0,,1,V0,0,04/16/2025
5,SOUTH BEACH,05 TAX CLASS 1 VACANT LAND,1B,3120,13,,V0,N/A WINDOM AVENUE,,10305,0,0,0,"2,000",0,,1,V0,0,11/22/2025
5,SOUTH BEACH,05 TAX CLASS 1 VACANT LAND,1B,3121,73,,V0,N/A MC CLEAN AVENUE,,10305,0,0,0,396,0,,1,V0,"570,000",11/05/2025
5,SOUTH BEACH,05 TAX CLASS 1 VACANT LAND,1B,3270,100,,V0,76 BIONIA AVENUE,,10305,0,0,0,"3,900",0,,1,V0,"1,423,514",05/29/2025
5,SOUTH BEACH,05 TAX CLASS 1 VACANT LAND,1,3270,105,,B2,N/A BIONIA AVENUE,,10305,2,0,2,"3,900",0,2025,1,V0,"1,456,098",09/12/2025
5,SOUTH BEACH,05 TAX CLASS 1 VACANT LAND,1,3270,110,,B2,84 BIONIA AVENUE,,10305,2,0,2,"3,900",0,2025,1,V0,"1,423,514",08/01/2025
5,SOUTH BEACH,05 TAX CLASS 1 VACANT LAND,1,3270,115,,B2,N/A BIONIA AVENUE,,10305,2,0,2,"3,900",0,2025,1,V0,"1,430,093",08/08/2025
5,SOUTH BEACH,05 TAX CLASS 1 VACANT LAND,1B,3347,4,,V0,N/A JEROME ROAD,,10305,0,0,0,"2,000",0,,1,V0,0,11/24/2025
5,SOUTH BEACH,05 TAX CLASS 1 VACANT LAND,1B,3347,5,,V0,N/A JEROME ROAD,,10305,0,0,0,"2,000",0,,1,V0,0,11/24/2025
5,SOUTH BEACH,05 TAX CLASS 1 VACANT LAND,1B,3347,6,,V0,N/A JEROME ROAD,,10305,0,0,0,"1,000",0,,1,V0,0,11/24/2025
5,SOUTH BEACH,05 TAX CLASS 1 VACANT LAND,1B,3355,2,,V0,N/A MASON AVENUE,,10305,0,0,0,"708,200",0,,1,V0,0,06/20/2025
5,SOUTH BEACH,05 TAX CLASS 1 VACANT LAND,1B,3401,16,,V0,N/A LANSING STREET,,10305,0,0,0,"1,360",0,,1,V0,"6,000",04/29/2025
5,SOUTH BEACH,07 RENTALS - WALKUP APARTMENTS,2A,3237,59,,C3,16 MALLORY AVENUE,,10305,4,0,4,"4,000","1,984",1975,2,C3,0,05/15/2025
5,SOUTH BEACH,07 RENTALS - WALKUP APARTMENTS,2A,3284,63,,C3,188-192 SAND LANE,,10305,4,0,4,"6,800","5,600",1954,2,C3,0,08/06/2025
5,SOUTH BEACH,07 RENTALS - WALKUP APARTMENTS,2B,3379,72,,C1,414 GARRETSON AVENUE,,10305,8,0,8,"9,144","4,560",1985,2,C1,"1,525,000",04/02/2025
5,SOUTH BEACH,07 RENTALS - WALKUP APARTMENTS,2A,3402,11,,C3,12 BALFOUR STREET,,10305,4,0,4,"3,200","3,245",1931,2,C3,0,06/05/2025
5,SOUTH BEACH,21 OFFICE BUILDINGS,4,3122,20,,O7,343 SAND LANE,,10305,0,1,1,"3,480","2,880",2002,4,O7,"999,000",05/06/2025
5,SOUTH BEACH,21 OFFICE BUILDINGS,4,3235,23,,O7,1186 HYLAN BOULEVARD,,10305,0,3,3,"3,550","3,468",1986,4,O7,"1,270,000",05/22/2025
5,SOUTH BEACH,22 STORE BUILDINGS,4,3350,13,,K1,1450 HYLAN BOULEVARD,,10305,0,1,1,"6,000","3,080",1960,4,K1,"1,750,000",10/22/2025
5,SOUTH BEACH,29 COMMERCIAL GARAGES,4,3223,12,,G2,111 QUINTARD STREET,,10305,0,1,1,"57,200","36,000",1976,4,G2,"11,721,900",11/07/2025
5,SOUTH BEACH,29 COMMERCIAL GARAGES,4,3369,34,,G8,1590 HYLAN BOULEVARD,,10305,0,1,1,"32,900","20,425",1985,4,G8,"9,215,800",11/07/2025
5,SOUTH BEACH,30 WAREHOUSES,4,3402,8,,E2,10 BALFOUR STREET,,10305,0,1,1,"3,883",880,1938,4,E2,"100,000",01/29/2026
5,SOUTH BEACH,31 COMMERCIAL VACANT LAND,4,3406,11,,V1,N/A SAND LANE,,10305,0,0,0,"6,050",0,,4,V1,"1,050,000",08/27/2025
5,STAPLETON,01 ONE FAMILY DWELLINGS,1,513,53,,A5,105 BEACH STREET,,10304,1,0,1,"2,142","1,440",2003,1,A5,"639,800",07/25/2025
5,STAPLETON,01 ONE FAMILY DWELLINGS,1,516,68,,A1,4 JACKSON STREET,,10304,1,0,1,"4,346","1,598",1915,1,A1,0,07/24/2025
5,STAPLETON,01 ONE FAMILY DWELLINGS,1,516,74,,A1,14 JACKSON STREET,,10304,1,0,1,"5,050","2,130",1915,1,A1,"1,000",08/20/2025
5,STAPLETON,01 ONE FAMILY DWELLINGS,1,519,103,,A1,46 SMITH TERRACE,,10304,1,0,1,"4,107","2,961",1905,1,A1,"870,000",10/09/2025
5,STAPLETON,01 ONE FAMILY DWELLINGS,1,522,17,,A5,12 TOMPKINS PLACE,,10304,1,0,1,"1,600","1,200",2005,1,A5,"390,390",10/28/2025
5,STAPLETON,01 ONE FAMILY DWELLINGS,1,527,73,,A5,15 TAPPEN COURT,,10304,1,0,1,"2,166","1,100",1989,1,A5,"499,000",01/02/2026
5,STAPLETON,01 ONE FAMILY DWELLINGS,1,527,77,,A5,23 TAPPEN COURT,,10304,1,0,1,"1,080","1,000",1989,1,A5,"436,000",06/20/2025
5,STAPLETON,01 ONE FAMILY DWELLINGS,1,527,78,,A5,25 TAPPEN COURT,,10304,1,0,1,"1,080","1,000",1989,1,A5,"443,000",12/02/2025
5,STAPLETON,01 ONE FAMILY DWELLINGS,1,527,82,,A5,66 TAPPEN COURT,,10304,1,0,1,"1,080","1,080",1989,1,A5,"405,000",01/06/2026
5,STAPLETON,01 ONE FAMILY DWELLINGS,1,527,103,,A5,145 BOYD STREET,,10304,1,0,1,"1,456","1,208",1989,1,A5,0,10/03/2025
5,STAPLETON,01 ONE FAMILY DWELLINGS,1,529,44,,A1,17 TOMPKINS STREET,,10304,1,0,1,"2,500","1,432",1915,1,A1,"500,000",04/29/2025
5,STAPLETON,01 ONE FAMILY DWELLINGS,1,532,5,,A5,112B BROAD STREET,,10304,1,0,1,"1,900","1,086",2004,1,A5,0,12/23/2025
5,STAPLETON,01 ONE FAMILY DWELLINGS,1,536,6,,A1,463 VAN DUZER STREET,,10304,1,0,1,"2,440","1,207",1931,1,A1,"300,000",01/15/2026
5,STAPLETON,01 ONE FAMILY DWELLINGS,1,536,91,,A1,483 VAN DUZER STREET,,10304,1,0,1,"8,208",800,1935,1,A1,"545,000",11/19/2025
5,STAPLETON,01 ONE FAMILY DWELLINGS,1,540,14,,A1,85 GORDON STREET,,10304,1,0,1,"2,475","1,984",1910,1,A1,10,05/21/2025
5,STAPLETON,01 ONE FAMILY DWELLINGS,1,544,60,,A1,599 VAN DUZER STREET,,10304,1,0,1,"3,683","1,384",1930,1,A1,"420,610",10/14/2025
5,STAPLETON,01 ONE FAMILY DWELLINGS,1,544,134,,A1,90 TARGEE STREET,,10304,1,0,1,"5,481","1,744",1935,1,A1,"759,000",06/09/2025
5,STAPLETON,01 ONE FAMILY DWELLINGS,1,556,133,,A5,36 HILL STREET,,10304,1,0,1,976,900,1998,1,A5,"418,888",06/23/2025
5,STAPLETON,01 ONE FAMILY DWELLINGS,1,556,136,,A5,30 HILL STREET,,10304,1,0,1,"2,170",900,1998,1,A5,"425,000",04/28/2025
5,STAPLETON,01 ONE FAMILY DWELLINGS,1,556,160,,A5,37 SUSAN CT,,10304,1,0,1,"1,715",900,1998,1,A5,"493,800",08/05/2025
5,STAPLETON,01 ONE FAMILY DWELLINGS,1,556,252,,A1,88 COURSEN PL,,10304,1,0,1,"2,100","1,144",1925,1,A1,"359,970",07/22/2025
5,STAPLETON,01 ONE FAMILY DWELLINGS,1,556,252,,A1,88 COURSEN PLACE,,10304,1,0,1,"2,100","1,144",1925,1,A1,10,05/13/2025
5,STAPLETON,01 ONE FAMILY DWELLINGS,1,556,255,,A1,94 COURSEN PLACE,,10304,1,0,1,"2,100","1,128",1925,1,A1,"490,000",07/24/2025
5,STAPLETON,01 ONE FAMILY DWELLINGS,1,556,267,,A1,116 COURSEN PLACE,,10304,1,0,1,"3,000","1,280",1925,1,A1,"610,000",06/04/2025
5,STAPLETON,01 ONE FAMILY DWELLINGS,1,556,299,,A1,119 OSGOOD AVENUE,,10304,1,0,1,"2,950","1,180",1915,1,A1,"579,000",08/05/2025
5,STAPLETON,01 ONE FAMILY DWELLINGS,1,559,36,,A1,50 COURSEN PLACE,,10304,1,0,1,"3,000","1,336",1920,1,A1,"622,000",08/22/2025
5,STAPLETON,01 ONE FAMILY DWELLINGS,1,561,44,,A5,114 WARREN STREET,,10304,1,0,1,"2,297","1,100",1975,1,A5,"390,000",03/19/2026
5,STAPLETON,01 ONE FAMILY DWELLINGS,1,562,38,,A1,245 GORDON STREET,,10304,1,0,1,"3,000","1,060",1901,1,A1,0,02/03/2026
5,STAPLETON,01 ONE FAMILY DWELLINGS,1,562,44,,A1,229 GORDON STREET,,10304,1,0,1,"2,533",993,1920,1,A1,"635,000",11/12/2025
5,STAPLETON,01 ONE FAMILY DWELLINGS,1,563,21,,A2,249 TARGEE STREET,,10304,1,0,1,"3,000",528,1930,1,A2,"348,900",12/29/2025
5,STAPLETON,01 ONE FAMILY DWELLINGS,1,567,3,,A1,17 LAUREL AVENUE,,10304,1,0,1,"1,950","1,296",1920,1,A1,"600,000",05/07/2025
5,STAPLETON,01 ONE FAMILY DWELLINGS,1,581,20,,A1,36 CATLIN AVENUE,,10304,1,0,1,"6,250","2,450",1905,1,A1,0,06/26/2025
5,STAPLETON,01 ONE FAMILY DWELLINGS,1,582,6,,A1,14 MARION AVE,,10304,1,0,1,"6,213","2,380",1910,1,A1,0,02/06/2026
5,STAPLETON,01 ONE FAMILY DWELLINGS,1,583,20,,A1,19 OCCIDENT AVENUE,,10304,1,0,1,"6,250","4,080",1915,1,A1,"1,250,000",08/11/2025
5,STAPLETON,01 ONE FAMILY DWELLINGS,1,583,24,,A9,15 OCCIDENT AVENUE,,10304,1,0,1,"2,250","1,720",1975,1,A9,"650,000",08/28/2025
5,STAPLETON,01 ONE FAMILY DWELLINGS,1,583,47,,A5,22 POMMER AVE,,10304,1,0,1,"2,699","1,438",1987,1,A5,"510,000",11/14/2025
5,STAPLETON,01 ONE FAMILY DWELLINGS,1,612,6,,A2,17 MURRAY PLACE,,10304,1,0,1,"5,000","2,219",1955,1,A2,0,09/03/2025
5,STAPLETON,01 ONE FAMILY DWELLINGS,1,612,28,,A1,12 PEARL STREET,,10304,1,0,1,"5,300","2,024",1901,1,A1,"350,000",09/15/2025
5,STAPLETON,02 TWO FAMILY DWELLINGS,1,492,3,,S2,595 BAY STREET,,10304,2,1,3,"1,660","4,820",1910,1,S2,"190,000",12/10/2025
5,STAPLETON,02 TWO FAMILY DWELLINGS,1,493,8,,S2,26 WATER STREET,,10304,2,1,3,"1,075","3,418",1931,1,S2,"640,000",11/06/2025
5,STAPLETON,02 TWO FAMILY DWELLINGS,1,494,70,,S2,637 BAY STREET,,10304,2,1,3,"1,730","3,730",1910,1,S2,"555,000",08/04/2025
5,STAPLETON,02 TWO FAMILY DWELLINGS,1,506,26,,B2,57 CLINTON STREET,,10304,2,0,2,"2,232","2,649",1899,1,B2,"455,000",10/07/2025
5,STAPLETON,02 TWO FAMILY DWELLINGS,1,507,26,,B2,253 VAN DUZER STREET,,10304,2,0,2,"3,811","1,320",1910,1,B2,"1,000",04/04/2025
5,STAPLETON,02 TWO FAMILY DWELLINGS,1,512,29,,B3,115 PROSPECT STREET,,10304,2,0,2,"3,330","2,318",1901,1,B3,"685,000",07/30/2025
5,STAPLETON,02 TWO FAMILY DWELLINGS,1,512,65,,B2,72 SANDS STREET,,10304,2,0,2,"2,125","2,046",1901,1,B2,0,08/04/2025
5,STAPLETON,02 TWO FAMILY DWELLINGS,1,517,11,,B2,48 JACKSON STREET,,10304,2,0,2,"2,500","2,106",1920,1,B2,0,05/12/2025
5,STAPLETON,02 TWO FAMILY DWELLINGS,1,517,11,,B2,48 JACKSON STREET,,10304,2,0,2,"2,500","2,106",1920,1,B2,0,02/12/2026
5,STAPLETON,02 TWO FAMILY DWELLINGS,1,518,20,,B2,161 WRIGHT STREET,,10304,2,0,2,"2,418","1,801",1915,1,B2,"479,750",08/20/2025
5,STAPLETON,02 TWO FAMILY DWELLINGS,1,518,132,,B2,146 BEACH STREET,,10304,2,0,2,"3,726","2,200",2024,1,B2,"1,055,000",10/07/2025
5,STAPLETON,02 TWO FAMILY DWELLINGS,1,518,133,,B2,144 BEACH STREET,,10304,2,0,2,"3,764","2,200",2024,1,B2,"1,058,980",10/29/2025
5,STAPLETON,02 TWO FAMILY DWELLINGS,1,518,135,,B2,140 BEACH STREET,,10304,2,0,2,"3,783","2,200",2024,1,B2,"1,050,000",07/11/2025
5,STAPLETON,02 TWO FAMILY DWELLINGS,1,518,137,,B2,136 BEACH STREET,,10304,2,0,2,"4,089","2,200",2024,1,B2,"992,794",10/08/2025
5,STAPLETON,02 TWO FAMILY DWELLINGS,1,521,22,,S2,586 BAY STREET,,10304,2,1,3,"4,350","6,690",2002,1,S2,"1,200,000",10/08/2025
5,STAPLETON,02 TWO FAMILY DWELLINGS,1,522,86,,B2,90 BOYD STREET,,10304,2,0,2,"6,600","3,040",1910,1,B2,0,04/23/2025
5,STAPLETON,02 TWO FAMILY DWELLINGS,1,536,67,,B2,27 TARGEE STREET,,10304,2,0,2,"2,550",848,1899,1,B2,"450,000",01/22/2026
5,STAPLETON,02 TWO FAMILY DWELLINGS,1,537,10,,B9,24 HYGEIA PLACE,,10304,2,0,2,"2,970","2,224",2006,1,B9,0,01/12/2026
5,STAPLETON,02 TWO FAMILY DWELLINGS,1,541,32,,B9,107 GORDON STREET,,10304,2,0,2,"3,390","1,404",2005,1,B9,0,09/09/2025
5,STAPLETON,02 TWO FAMILY DWELLINGS,1,541,45,,B2,30 HUDSON STREET,,10304,2,0,2,"2,500","1,748",1920,1,B2,"550,000",06/17/2025
5,STAPLETON,02 TWO FAMILY DWELLINGS,1,542,16,,B2,70 GORDON STREET,,10304,2,0,2,"2,550","2,128",1930,1,B2,"760,000",04/24/2025
5,STAPLETON,02 TWO FAMILY DWELLINGS,1,556,298,,B2,121 OSGOOD AVENUE,,10304,2,0,2,"2,902","1,980",1925,1,B2,"660,000",08/21/2025
5,STAPLETON,02 TWO FAMILY DWELLINGS,1,558,14,,B1,199 VANDERBILT AVENUE,,10304,2,0,2,"5,000","1,576",1955,1,B1,0,12/22/2025
5,STAPLETON,02 TWO FAMILY DWELLINGS,1,559,42,,B2,174 PINE PLACE,,10304,2,0,2,"2,082",990,2005,1,B2,"550,000",06/06/2025
5,STAPLETON,02 TWO FAMILY DWELLINGS,1,583,35,,B2,243 WARD AVENUE,,10304,2,0,2,"4,650","2,640",1920,1,B2,"510,000",04/21/2025
5,STAPLETON,02 TWO FAMILY DWELLINGS,1,613,107,,B2,26 PEARL STREET,,10304,2,0,2,"3,737","1,936",1901,1,B2,0,05/13/2025
5,STAPLETON,03 THREE FAMILY DWELLINGS,1,529,28,,C0,34 BROAD STREET,,10304,3,0,3,"2,225","2,772",1901,1,C0,"925,000",02/06/2026
5,STAPLETON,03 THREE FAMILY DWELLINGS,1,536,1,,C0,29 COURT STREET,,10304,3,0,3,"5,879","3,400",1899,1,C0,0,06/09/2025
5,STAPLETON,03 THREE FAMILY DWELLINGS,1,542,5,,C0,46 GORDON STREET,,10304,3,0,3,"1,938","2,240",1901,1,C0,"590,000",12/17/2025
5,STAPLETON,03 THREE FAMILY DWELLINGS,1,542,8,,C0,52 GORDON STREET,,10304,3,0,3,"2,244","1,296",1901,1,C0,"470,000",04/07/2025
5,STAPLETON,03 THREE FAMILY DWELLINGS,1,563,43,,C0,207 TARGEE STREET,,10304,3,0,3,"3,950","2,800",1930,1,C0,"380,000",09/19/2025
5,STAPLETON,03 THREE FAMILY DWELLINGS,1,563,43,,C0,207 TARGEE STREET,,10304,3,0,3,"3,950","2,800",1930,1,C0,"480,000",07/03/2025
5,STAPLETON,06 TAX CLASS 1 - OTHER,1,541,51,,G0,16 HUDSON STREET,,10304,0,0,0,"2,500",0,1950,1,G0,"157,170",10/30/2025
5,STAPLETON,14 RENTALS - 4-10 UNIT,2A,492,10,,S9,12 CROSS STREET,,10304,2,2,4,"1,875","4,376",2008,2,S9,"1,100,000",06/09/2025
5,STAPLETON,14 RENTALS - 4-10 UNIT,2A,521,20,,S9,582 BAY STREET,,10304,2,2,4,"1,850","3,000",1931,2,S9,"770,000",11/03/2025
5,STAPLETON,14 RENTALS - 4-10 UNIT,2A,541,1,,S9,171 BROAD STREET,,10304,2,3,5,"3,200","6,400",1850,2,S9,"950,000",01/29/2026
5,STAPLETON,22 STORE BUILDINGS,4,490,1,,K4,541 BAY STREET,,10304,0,9,9,"24,579","16,500",1931,4,K4,0,04/18/2025
5,STAPLETON,22 STORE BUILDINGS,4,524,21,,K1,78 CANAL STREET,,10304,0,1,1,"2,800","2,100",1931,4,K1,"1,600,000",04/01/2025
5,STAPLETON,29 COMMERCIAL GARAGES,4,492,11,,G2,10 CROSS STREET,,10304,2,1,3,"1,875","2,680",1931,4,G2,"525,000",01/21/2026
5,STAPLETON,29 COMMERCIAL GARAGES,4,505,17,,G1,404 BAY STREET,,10301,0,2,2,"2,288","3,311",1931,4,G1,0,04/24/2025
5,STAPLETON,31 COMMERCIAL VACANT LAND,4,492,9,,V1,14 CROSS STREET,,10304,0,0,0,"1,875",0,,4,V1,"1,100,000",06/09/2025
5,STAPLETON,31 COMMERCIAL VACANT LAND,4,493,9,,V1,N/A WATER STREET,,10304,0,0,0,"3,375",0,,4,V1,"300,000",04/25/2025
5,STAPLETON-CLIFTON,01 ONE FAMILY DWELLINGS,1,2839,8,,S1,241 TOMPKINS AVENUE,,10304,1,1,2,"3,775","2,016",1998,1,S1,"675,000",03/06/2026
5,STAPLETON-CLIFTON,01 ONE FAMILY DWELLINGS,1,2839,17,,A1,146 NORWOOD AVENUE,,10304,1,0,1,"5,000","1,848",1899,1,A1,"80,000",08/21/2025
5,STAPLETON-CLIFTON,01 ONE FAMILY DWELLINGS,1,2839,36,,A1,112 NORWOOD AVENUE,,10304,1,0,1,"6,000","2,394",1905,1,A1,"515,000",04/01/2025
5,STAPLETON-CLIFTON,01 ONE FAMILY DWELLINGS,1,2839,162,,A5,103 TOWNSEND AVENUE,,10304,1,0,1,"1,733","1,380",2005,1,A5,"720,000",02/06/2026
5,STAPLETON-CLIFTON,01 ONE FAMILY DWELLINGS,1,2840,1,,A1,311 TOMPKINS AVENUE,,10304,1,0,1,"5,487","1,842",1901,1,A1,"467,000",05/29/2025
5,STAPLETON-CLIFTON,01 ONE FAMILY DWELLINGS,1,2840,111,,A5,25 DEL RAY COURT,,10304,1,0,1,"2,350","2,100",2001,1,A5,0,07/21/2025
5,STAPLETON-CLIFTON,01 ONE FAMILY DWELLINGS,1,2840,144,,A5,17 OPUS COURT,,10304,1,0,1,"2,976","1,280",1997,1,A5,0,11/10/2025
5,STAPLETON-CLIFTON,01 ONE FAMILY DWELLINGS,1,2840,265,,A5,15 AMAZON COURT,,10304,1,0,1,"2,450","1,400",1999,1,A5,0,10/16/2025
5,STAPLETON-CLIFTON,01 ONE FAMILY DWELLINGS,1,2840,273,,A5,22 GREENFIELD COURT,,10304,1,0,1,825,960,1991,1,A5,"600,000",09/19/2025
5,STAPLETON-CLIFTON,01 ONE FAMILY DWELLINGS,1,2840,425,,A5,68 MERIVALE LANE,,10304,1,0,1,"1,185","1,405",2002,1,A5,"80,000",04/02/2025
5,STAPLETON-CLIFTON,01 ONE FAMILY DWELLINGS,1,2840,429,,A5,61 MERIVALE LANE,,10304,1,0,1,"1,875","1,405",2002,1,A5,0,08/02/2025
5,STAPLETON-CLIFTON,01 ONE FAMILY DWELLINGS,1,2867,23,,A2,236 TOMPKINS AVENUE,,10304,1,0,1,"4,050","2,080",1988,1,A2,0,10/15/2025
5,STAPLETON-CLIFTON,01 ONE FAMILY DWELLINGS,1,2868,30,,A1,190 VANDERBILT AVENUE,,10304,1,0,1,"4,230","1,152",1940,1,A1,"560,000",07/28/2025
5,STAPLETON-CLIFTON,01 ONE FAMILY DWELLINGS,1,2868,65,,A1,59 PARKHILL AVENUE,,10304,1,0,1,"4,050","1,152",1940,1,A1,"550,000",12/18/2025
5,STAPLETON-CLIFTON,01 ONE FAMILY DWELLINGS,1,2869,100,,A5,92 PARK HILL LANE,,10304,1,0,1,"1,968","1,624",1965,1,A5,"595,000",04/04/2025
5,STAPLETON-CLIFTON,01 ONE FAMILY DWELLINGS,1,2873,83,,A5,104 BURGUNDY LOOP,,10304,1,0,1,"1,534","1,778",2014,1,A5,0,11/21/2025
5,STAPLETON-CLIFTON,01 ONE FAMILY DWELLINGS,1,2873,121,,A5,41 BURGUNDY LOOP,,10304,1,0,1,"4,240","1,778",2015,1,A5,"780,000",10/06/2025
5,STAPLETON-CLIFTON,02 TWO FAMILY DWELLINGS,1,2836,29,,B9,17 NORWOOD AVENUE,,10304,2,0,2,"5,000","2,738",2006,1,B9,"550,000",01/09/2026
5,STAPLETON-CLIFTON,02 TWO FAMILY DWELLINGS,1,2836,31,,B9,21A NORWOOD AVENUE,,10304,2,0,2,"3,700","2,738",2006,1,B9,"550,000",01/09/2026
5,STAPLETON-CLIFTON,02 TWO FAMILY DWELLINGS,1,2837,26,,B3,58 VANDERBILT AVENUE,,10304,2,0,2,"4,800","2,272",1901,1,B3,"780,000",08/20/2025
5,STAPLETON-CLIFTON,02 TWO FAMILY DWELLINGS,1,2839,105,,B2,18 NORWOOD AVENUE,,10304,2,0,2,"3,713","1,888",1899,1,B2,0,12/30/2025
5,STAPLETON-CLIFTON,07 RENTALS - WALKUP APARTMENTS,2B,2839,100,,C1,24 NORWOOD AVENUE,,10304,7,0,7,"7,550","6,638",1940,2,C1,"550,000",01/09/2026
5,SUNNYSIDE,01 ONE FAMILY DWELLINGS,1,598,69,,A1,96 HIGHLAND AVE,,10301,1,0,1,"4,000","1,555",1965,1,A1,"750,000",06/23/2025
5,SUNNYSIDE,01 ONE FAMILY DWELLINGS,1,598,75,,A0,106 HIGHLAND AVENUE,,10301,1,0,1,"6,000","1,469",1955,1,A0,"785,000",10/30/2025
5,SUNNYSIDE,01 ONE FAMILY DWELLINGS,1,604,63,,S1,149 GLENWOOD AVENUE,,10301,1,1,2,"4,000","1,800",1935,1,S1,"5,100,000",12/29/2025
5,SUNNYSIDE,01 ONE FAMILY DWELLINGS,1,606,18,,A1,150 DUDLEY AVENUE,,10301,1,0,1,"4,000","1,936",2024,1,A1,"1,200,000",09/29/2025
5,SUNNYSIDE,01 ONE FAMILY DWELLINGS,1,607,10,,A0,118 VAN CORTLANDT AVENUE,,10301,1,0,1,"4,000","1,300",1945,1,A0,"860,000",08/19/2025
5,SUNNYSIDE,01 ONE FAMILY DWELLINGS,1,607,28,,A1,43 ALPINE AVENUE,,10301,1,0,1,"4,000","1,214",1955,1,A1,0,12/08/2025
5,SUNNYSIDE,01 ONE FAMILY DWELLINGS,1,608,30,,A0,18 ELM PLACE,,10301,1,0,1,"4,400","1,196",1945,1,A0,"775,000",10/28/2025
5,SUNNYSIDE,01 ONE FAMILY DWELLINGS,1,608,47,,A2,67 SUNNYSIDE TERRACE,,10301,1,0,1,"3,800","1,152",1965,1,A2,0,08/04/2025
5,SUNNYSIDE,01 ONE FAMILY DWELLINGS,1,609,15,,A1,46 ALPINE AVENUE,,10301,1,0,1,"7,061","2,500",1993,1,A1,0,01/30/2026
5,SUNNYSIDE,01 ONE FAMILY DWELLINGS,1,609,26,,A1,112 GRAND AVENUE,,10301,1,0,1,"3,000","1,064",1930,1,A1,"280,000",10/15/2025
5,SUNNYSIDE,01 ONE FAMILY DWELLINGS,1,609,47,,A1,7 SUNNYSIDE TERRACE,,10301,1,0,1,"3,800","2,392",1965,1,A1,"560,038",06/23/2025
5,SUNNYSIDE,01 ONE FAMILY DWELLINGS,1,610,64,,A2,36 SUNNYSIDE TERRACE,,10301,1,0,1,"3,800",864,1960,1,A2,"720,000",04/30/2025
5,SUNNYSIDE,01 ONE FAMILY DWELLINGS,1,610,267,,A5,131 GRAND AVENUE,,10301,1,0,1,"2,760","1,536",1985,1,A5,"729,988",04/08/2025
5,SUNNYSIDE,01 ONE FAMILY DWELLINGS,1,610,360,,A1,14 RIDGE COURT,,10301,1,0,1,"4,458","2,779",2024,1,A1,"1,099,710",06/20/2025
5,SUNNYSIDE,01 ONE FAMILY DWELLINGS,1,610,363,,A1,12 RIDGE COURT,,10301,1,0,1,"3,710","2,751",2024,1,A1,"1,038,615",11/19/2025
5,SUNNYSIDE,01 ONE FAMILY DWELLINGS,1,654,28,,A0,48 SENECA AVENUE,,10301,1,0,1,"4,300","1,399",1955,1,A0,"800,000",05/14/2025
5,SUNNYSIDE,01 ONE FAMILY DWELLINGS,1,654,45,,A1,55 SCHOHARIE STREET,,10301,1,0,1,"9,000","2,800",2009,1,A1,0,12/03/2025
5,SUNNYSIDE,01 ONE FAMILY DWELLINGS,1,657,44,,A1,87 ONTARIO AVENUE,,10301,1,0,1,"8,517","3,800",1915,1,A1,0,02/06/2026
5,SUNNYSIDE,01 ONE FAMILY DWELLINGS,1,657,46,,A5,85 ONTARIO AVENUE,,10301,1,0,1,"2,100","2,617",1988,1,A5,"737,000",04/15/2025
5,SUNNYSIDE,01 ONE FAMILY DWELLINGS,1,662,4,,A2,34 TIOGA STREET,,10301,1,0,1,"4,000","1,040",1930,1,A2,"650,000",10/14/2025
5,SUNNYSIDE,01 ONE FAMILY DWELLINGS,1,662,16,,A2,74 ONEIDA AVENUE,,10301,1,0,1,"6,000",800,1970,1,A2,0,12/19/2025
5,SUNNYSIDE,01 ONE FAMILY DWELLINGS,1,662,16,,A2,74 ONEIDA AVENUE,,10301,1,0,1,"6,000",800,1970,1,A2,10,10/15/2025
5,SUNNYSIDE,01 ONE FAMILY DWELLINGS,1,663,9,,A2,52 TIOGA STREET,,10301,1,0,1,"5,225",988,1950,1,A2,0,04/07/2025
5,SUNNYSIDE,01 ONE FAMILY DWELLINGS,1,665,43,,A5,151 ONTARIO AVENUE,,10301,1,0,1,"1,990","1,128",1987,1,A5,0,01/09/2026
5,SUNNYSIDE,01 ONE FAMILY DWELLINGS,1,669,64,,A5,110 ONTARIO AVENUE,,10301,1,0,1,"3,000","1,386",1982,1,A5,"770,000",11/03/2025
5,SUNNYSIDE,01 ONE FAMILY DWELLINGS,1,670,58,,A5,105 LABAU AVENUE,,10301,1,0,1,"2,167","1,440",1970,1,A5,"690,000",05/12/2025
5,SUNNYSIDE,01 ONE FAMILY DWELLINGS,1,675,7,,A5,70 NORTHERN BOULEVARD,,10301,1,0,1,"3,000","2,000",1999,1,A5,0,08/13/2025
5,SUNNYSIDE,01 ONE FAMILY DWELLINGS,1,681,103,,A1,5 AYMAR AVENUE,,10301,1,0,1,"6,000","1,280",1950,1,A1,0,05/29/2025
5,SUNNYSIDE,01 ONE FAMILY DWELLINGS,1,681,210,,A2,67 WALTERS AVENUE,,10301,1,0,1,"4,500",780,1960,1,A2,"625,000",05/09/2025
5,SUNNYSIDE,01 ONE FAMILY DWELLINGS,1,681,237,,A2,9 WALTERS AVENUE,,10301,1,0,1,"3,600","1,911",1960,1,A2,0,09/10/2025
5,SUNNYSIDE,01 ONE FAMILY DWELLINGS,1,692,317,,A1,398 LITTLE CLOVE ROAD,,10301,1,0,1,"4,200","2,352",1975,1,A1,"1,130,000",02/13/2026
5,SUNNYSIDE,01 ONE FAMILY DWELLINGS,1,694,144,,A1,90 WINDSOR ROAD,,10314,1,0,1,"7,266","2,560",1920,1,A1,0,05/25/2025
5,SUNNYSIDE,01 ONE FAMILY DWELLINGS,1,694,148,,A1,84 WINDSOR ROAD,,10314,1,0,1,"5,805","1,362",1910,1,A1,0,06/09/2025
5,SUNNYSIDE,01 ONE FAMILY DWELLINGS,1,694,150,,A1,80 WINDSOR ROAD,,10314,1,0,1,"5,577","1,468",1899,1,A1,"100,000",05/05/2025
5,SUNNYSIDE,02 TWO FAMILY DWELLINGS,1,606,80,,B3,169 VAN CORTLANDT AVENUE,,10301,2,0,2,"4,000","1,694",1945,1,B3,"864,000",11/03/2025
5,SUNNYSIDE,02 TWO FAMILY DWELLINGS,1,610,125,,B1,1 FOOTE AVENUE,,10301,2,0,2,"5,035","1,900",1965,1,B1,"1,085,000",09/10/2025
5,SUNNYSIDE,02 TWO FAMILY DWELLINGS,1,655,24,,B2,1386 CLOVE ROAD,,10301,2,0,2,"3,688","3,600",2025,1,B2,"1,344,090",12/16/2025
5,SUNNYSIDE,02 TWO FAMILY DWELLINGS,1,655,45,,B9,21 CAYUGA AVENUE,,10301,2,0,2,"2,600","1,700",2003,1,B9,"820,000",07/10/2025
5,SUNNYSIDE,02 TWO FAMILY DWELLINGS,1,657,20,,B3,108 SENECA AVENUE,,10301,2,0,2,"4,000","1,323",1935,1,B3,10,10/07/2025
5,SUNNYSIDE,02 TWO FAMILY DWELLINGS,1,666,33,,B2,125 TIOGA STREET,,10301,2,0,2,"4,000","3,968",1970,1,B2,"1,350,000",01/21/2026
5,SUNNYSIDE,02 TWO FAMILY DWELLINGS,1,668,1,,B2,137 RENWICK AVENUE,,10301,2,0,2,"3,400","1,976",1920,1,B2,0,09/12/2025
5,SUNNYSIDE,02 TWO FAMILY DWELLINGS,1,669,83,,B9,103 LOGAN AVENUE,,10301,2,0,2,"2,673","1,670",1980,1,B9,0,01/08/2026
5,SUNNYSIDE,02 TWO FAMILY DWELLINGS,1,670,32,,B9,98 LOGAN AVENUE,,10301,2,0,2,"3,025","1,828",1975,1,B9,"810,000",12/11/2025
5,SUNNYSIDE,02 TWO FAMILY DWELLINGS,1,670,38,,B9,110 LOGAN AVENUE,,10301,2,0,2,"3,000","1,828",1975,1,B9,"925,000",04/01/2025
5,SUNNYSIDE,02 TWO FAMILY DWELLINGS,1,673,54,,B2,17 RENWICK AVENUE,,10301,2,0,2,"4,000","2,305",1920,1,B2,"820,000",07/25/2025
5,SUNNYSIDE,02 TWO FAMILY DWELLINGS,1,674,63,,B2,35 CYPRESS AVENUE,,10301,2,0,2,"4,000","2,214",1965,1,B2,"880,000",12/03/2025
5,SUNNYSIDE,02 TWO FAMILY DWELLINGS,1,679,19,,B2,35 BRISTOL AVENUE,,10301,2,0,2,"8,000","1,054",1950,1,B2,0,12/05/2025
5,SUNNYSIDE,02 TWO FAMILY DWELLINGS,1,679,23,,B1,27 BRISTOL AVENUE,,10301,2,0,2,"7,400","3,734",1970,1,B1,0,12/16/2025
5,SUNNYSIDE,02 TWO FAMILY DWELLINGS,1,681,55,,S2,1428 VICTORY BOULEVARD,,10301,2,1,3,"14,240","5,531",1965,1,S2,"1,800,000",01/15/2026
5,SUNNYSIDE,03 THREE FAMILY DWELLINGS,1,598,61,,C0,76 HIGHLAND AVENUE,,10301,3,0,3,"4,000","1,976",1975,1,C0,"800,000",07/01/2025
5,SUNNYSIDE,05 TAX CLASS 1 VACANT LAND,1B,658,16,,V0,N/A CLOVE ROAD,,10301,0,0,0,"5,570",0,,1,V0,"950,000",11/24/2025
5,SUNNYSIDE,05 TAX CLASS 1 VACANT LAND,1B,658,18,,V0,N/A CLOVE ROAD,,10301,0,0,0,"2,985",0,,1,V0,"950,000",11/24/2025
5,SUNNYSIDE,13 CONDOS - ELEVATOR APARTMENTS,2,610,1007,,R4,"830 HOWARD AVENUE, 2K",2K,10301,1,,1,,,1981,2,R4,10,11/24/2025
5,SUNNYSIDE,13 CONDOS - ELEVATOR APARTMENTS,2,610,1032,,R4,"830 HOWARD AVENUE, 4F",4F,10301,1,,1,,,1981,2,R4,0,08/29/2025
5,SUNNYSIDE,13 CONDOS - ELEVATOR APARTMENTS,2,610,1034,,R4,"830 HOWARD AVENUE, 4H",4H,10301,1,,1,,,1981,2,R4,"407,000",07/28/2025
5,SUNNYSIDE,13 CONDOS - ELEVATOR APARTMENTS,2,610,1050,,R4,"830 HOWARD AVENUE, 6D",6D,10301,1,,1,,,1981,2,R4,"350,000",10/30/2025
5,SUNNYSIDE,13 CONDOS - ELEVATOR APARTMENTS,2,610,1086,,R4,"850 HOWARD AVENUE, 1J",1J,10301,1,,1,,,1981,2,R4,"359,000",05/30/2025
5,SUNNYSIDE,13 CONDOS - ELEVATOR APARTMENTS,2,610,1105,,R4,"850 HOWARD AVENUE, 3H",3H,10301,1,,1,,,1981,2,R4,0,02/10/2026
5,SUNNYSIDE,13 CONDOS - ELEVATOR APARTMENTS,2,610,1106,,R4,"850 HOWARD AVENUE, 3J",3J,10301,1,,1,,,1981,2,R4,0,08/19/2025
5,SUNNYSIDE,13 CONDOS - ELEVATOR APARTMENTS,2,610,1106,,R4,"850 HOWARD AVENUE, 3J",3J,10301,1,,1,,,1981,2,R4,"375,000",07/09/2025
5,SUNNYSIDE,13 CONDOS - ELEVATOR APARTMENTS,2,610,1116,,R4,"850 HOWARD AVENUE, 4J",4J,10301,1,,1,,,1981,2,R4,0,02/10/2026
5,SUNNYSIDE,13 CONDOS - ELEVATOR APARTMENTS,2,610,1134,,R4,"850 HOWARD AVENUE, 6G",6G,10301,1,,1,,,1981,2,R4,0,08/11/2025
5,SUNNYSIDE,13 CONDOS - ELEVATOR APARTMENTS,2,610,1137,,R4,"850 HOWARD AVENUE, 6K",6K,10301,1,,1,,,1981,2,R4,"355,000",04/10/2025
5,SUNNYSIDE,21 OFFICE BUILDINGS,4,604,34,,O7,1130 VICTORY BOULEVARD,,10301,0,2,2,"5,820","3,875",1970,4,O7,0,01/12/2026
5,SUNNYSIDE,21 OFFICE BUILDINGS,4,655,15,,O8,1368 CLOVE ROAD,,10301,2,3,5,"5,247","3,480",1964,4,O8,"1,635,000",04/28/2025
5,SUNNYSIDE,21 OFFICE BUILDINGS,1,672,6,,A2,1292 VICTORY BOULEVARD,,10301,1,0,1,"4,040","1,220",1955,4,O1,"655,000",07/23/2025
5,SUNNYSIDE,22 STORE BUILDINGS,4,604,10,,K1,1172 VICTORY BOULEVARD,,10301,0,6,6,"17,938","8,228",1945,4,K1,"5,100,000",12/29/2025
5,TODT HILL,01 ONE FAMILY DWELLINGS,1,683,257,,A3,11 SHIELDS PLACE,,10301,1,0,1,"16,740","3,495",1975,1,A3,"1,200,000",09/24/2025
5,TODT HILL,01 ONE FAMILY DWELLINGS,1,684,130,,A1,90 PORTSMOUTH AVENUE,,10301,1,0,1,"10,706","3,000",1950,1,A1,0,01/13/2026
5,TODT HILL,01 ONE FAMILY DWELLINGS,1,684,292,,A1,653 OCEAN TERRACE,,10301,1,0,1,"13,612","4,408",1980,1,A1,0,09/25/2025
5,TODT HILL,01 ONE FAMILY DWELLINGS,1,686,376,,A3,354 DEERE PARK PLACE,,10301,1,0,1,"22,572","4,200",1935,1,A3,"1,275,000",04/08/2025
5,TODT HILL,01 ONE FAMILY DWELLINGS,1,686,382,,A1,7 PORTSMOUTH AVENUE,,10301,1,0,1,"11,286","2,088",1899,1,A1,0,12/03/2025
5,TODT HILL,01 ONE FAMILY DWELLINGS,1,687,49,,A2,399 OCEAN TERRACE,,10301,1,0,1,"9,660","2,645",1960,1,A2,"960,000",11/12/2025
5,TODT HILL,01 ONE FAMILY DWELLINGS,1,688,1,,A3,289 OCEAN TERRACE,,10301,1,0,1,"29,016","4,800",1965,1,A3,0,10/15/2025
5,TODT HILL,01 ONE FAMILY DWELLINGS,1,688,10,,A2,283 OCEAN TERRACE,,10301,1,0,1,"33,640","3,100",1935,1,A2,"2,400,000",05/28/2025
5,TODT HILL,01 ONE FAMILY DWELLINGS,1,689,23,,A3,70 DRESDEN PLACE,,10301,1,0,1,"9,859","4,049",1986,1,A3,0,02/17/2026
5,TODT HILL,01 ONE FAMILY DWELLINGS,1,837,422,,A3,29 MILDEN AVENUE,,10301,1,0,1,"10,000","4,890",1987,1,A3,0,07/01/2025
5,TODT HILL,01 ONE FAMILY DWELLINGS,1,837,477,,A2,69 LONGFELLOW AVENUE,,10301,1,0,1,"10,000","1,690",1950,1,A2,"1,231,229",01/23/2026
5,TODT HILL,01 ONE FAMILY DWELLINGS,1,864,21,,A2,334 OCEAN TERRACE,,10301,1,0,1,"25,000","1,864",1970,1,A2,"1,750,000",07/29/2025
5,TODT HILL,01 ONE FAMILY DWELLINGS,1,864,482,,A3,61 WOODHAVEN AVENUE,,10301,1,0,1,"12,533","2,760",1970,1,A3,"1,800,000",12/05/2025
5,TODT HILL,01 ONE FAMILY DWELLINGS,1,865,424,,A3,5 SALZBURG COURT,,10304,1,0,1,"10,201","3,500",1994,1,A3,0,08/04/2025
5,TODT HILL,01 ONE FAMILY DWELLINGS,1,870,95,,A3,100 ROMER ROAD,,10304,1,0,1,"21,358","5,302",1970,1,A3,0,11/20/2025
5,TODT HILL,01 ONE FAMILY DWELLINGS,1,870,118,,A3,60 ROMER ROAD,,10304,1,0,1,"21,442","6,758",1965,1,A3,"2,225,000",06/20/2025
5,TODT HILL,01 ONE FAMILY DWELLINGS,1,870,145,,A3,12 ROMER ROAD,,10304,1,0,1,"19,550","6,000",1982,1,A3,"3,000,000",05/02/2025
5,TODT HILL,01 ONE FAMILY DWELLINGS,1,870,225,,A3,35 PETER COURT,,10304,1,0,1,"17,167","5,600",2001,1,A3,"4,800,000",05/27/2025
5,TODT HILL,01 ONE FAMILY DWELLINGS,1,871,80,,A3,41 ROMER ROAD,,10304,1,0,1,"10,925","5,376",1997,1,A3,"1,088,000",07/22/2025
5,TODT HILL,01 ONE FAMILY DWELLINGS,1,871,148,,A3,281 BENEDICT ROAD,,10304,1,0,1,"62,009","6,400",1980,1,A3,0,04/19/2025
5,TODT HILL,01 ONE FAMILY DWELLINGS,1,871,240,,A3,221 BENEDICT ROAD,,10304,1,0,1,"19,980","3,420",1940,1,A3,"1,800,000",06/03/2025
5,TODT HILL,01 ONE FAMILY DWELLINGS,1,874,18,,A1,20 CORNWALL AVENUE,,10304,1,0,1,"11,200","3,494",1940,1,A1,"1,475,000",04/09/2025
5,TODT HILL,01 ONE FAMILY DWELLINGS,1,874,30,,A3,57 ST JAMES PLACE,,10304,1,0,1,"16,680","6,595",1970,1,A3,"8,500,000",08/29/2025
5,TODT HILL,01 ONE FAMILY DWELLINGS,1,876,96,,A1,55 BUTTONWOOD ROAD,,10304,1,0,1,"10,681","3,288",1960,1,A1,"1,500,000",04/17/2025
5,TODT HILL,01 ONE FAMILY DWELLINGS,1,877,15,,A3,46 BUTTONWOOD ROAD,,10304,1,0,1,"13,768","2,187",1965,1,A3,"1,999,500",12/10/2025
5,TODT HILL,01 ONE FAMILY DWELLINGS,1,877,91,,A1,647 TODT HILL ROAD,,10304,1,0,1,"15,806","3,232",1925,1,A1,"2,200,000",06/05/2025
5,TODT HILL,01 ONE FAMILY DWELLINGS,1,878,150,,A3,97 WESTMINSTER COURT,,10304,1,0,1,"22,630","3,412",1945,1,A3,0,08/22/2025
5,TODT HILL,01 ONE FAMILY DWELLINGS,1,879,45,,A1,57 WILLOW POND ROAD,,10304,1,0,1,"11,220","2,576",1970,1,A1,0,05/30/2025
5,TODT HILL,01 ONE FAMILY DWELLINGS,1,881,10,,A3,563 TODT HILL ROAD,,10304,1,0,1,"14,000","4,066",2012,1,A3,"2,950,000",08/05/2025
5,TODT HILL,01 ONE FAMILY DWELLINGS,1,881,23,,A2,543 TODT HILL ROAD,,10304,1,0,1,"12,772",788,1965,1,A2,0,05/25/2025
5,TODT HILL,01 ONE FAMILY DWELLINGS,1,881,112,,A3,13 WHITWELL PLACE,,10304,1,0,1,"10,000","3,144",1985,1,A3,"2,200,000",04/23/2025
5,TODT HILL,01 ONE FAMILY DWELLINGS,1,881,285,,A3,6 HUNT LANE,,10304,1,0,1,"10,600","2,590",1978,1,A3,"1,394,724",12/19/2025
5,TODT HILL,01 ONE FAMILY DWELLINGS,1,881,339,,A3,N/A BENEDICT ROAD,,10301,1,0,1,"10,000","4,830",2024,1,A3,0,06/12/2025
5,TODT HILL,01 ONE FAMILY DWELLINGS,1,882,105,,A3,40 WOODHAVEN AVE,,10301,1,0,1,"29,480","3,540",1971,1,A3,0,02/17/2026
5,TODT HILL,01 ONE FAMILY DWELLINGS,1,882,200,,A3,42 ELMHURST AVENUE,,10301,1,0,1,"10,023","4,022",1987,1,A3,"2,350,000",12/23/2025
5,TODT HILL,01 ONE FAMILY DWELLINGS,1,882,335,,A3,500 WOODDALE AVENUE,,10301,1,0,1,"11,000","2,790",1960,1,A3,0,01/09/2026
5,TODT HILL,01 ONE FAMILY DWELLINGS,1,891,67,,A1,5 WESTENTRY ROAD,,10304,1,0,1,"18,375","4,096",1899,1,A1,"1,350,000",09/11/2025
5,TODT HILL,01 ONE FAMILY DWELLINGS,1,891,80,,A1,85 WESTENTRY ROAD,,10304,1,0,1,"20,046","2,880",1970,1,A1,0,04/17/2025
5,TODT HILL,01 ONE FAMILY DWELLINGS,1,891,175,,A1,81 COPPERLEAF TERRACE,,10304,1,0,1,"6,800","2,295",1955,1,A1,"1,980,000",10/28/2025
5,TODT HILL,01 ONE FAMILY DWELLINGS,1,892,35,,A3,25 THE OVAL,,10304,1,0,1,"18,974","6,984",1950,1,A3,"2,350,000",12/02/2025
5,TODT HILL,01 ONE FAMILY DWELLINGS,1,894,65,,A3,44 FARVIEW PLACE,,10304,1,0,1,"15,488","7,252",1960,1,A3,0,10/30/2025
5,TODT HILL,01 ONE FAMILY DWELLINGS,1,894,121,,A2,66 CROMWELL CIRCLE,,10304,1,0,1,"14,144","1,664",1970,1,A2,"2,093,000",01/27/2026
5,TODT HILL,01 ONE FAMILY DWELLINGS,1,894,198,,A3,35 JULIEANN COURT,,10304,1,0,1,"12,475","3,540",1997,1,A3,"2,050,000",01/15/2026
5,TODT HILL,01 ONE FAMILY DWELLINGS,1,894,272,,A1,795 TODT HILL ROAD,,10304,1,0,1,"18,070","2,900",1955,1,A1,0,11/17/2025
5,TODT HILL,01 ONE FAMILY DWELLINGS,1,894,405,,A3,40 CHARTER OAK ROAD,,10304,1,0,1,"13,400","4,615",1955,1,A3,"1,955,000",04/30/2025
5,TODT HILL,01 ONE FAMILY DWELLINGS,1,894,552,,A2,949 TODT HILL ROAD,,10304,1,0,1,"7,998","1,088",1950,1,A2,"900,000",10/30/2025
5,TODT HILL,01 ONE FAMILY DWELLINGS,1,896,15,,A1,35 WINDY HOLLOW WAY,,10304,1,0,1,"17,970","5,136",1960,1,A1,0,04/08/2025
5,TODT HILL,01 ONE FAMILY DWELLINGS,1,896,50,,A3,76 COPPERLEAF TERRACE,,10304,1,0,1,"10,000","6,818",1960,1,A3,0,06/16/2025
5,TODT HILL,01 ONE FAMILY DWELLINGS,1,898,94,,A3,1015 TODT HILL ROAD,,10304,1,0,1,"17,870","6,000",1955,1,A3,0,10/01/2025
5,TODT HILL,01 ONE FAMILY DWELLINGS,1,898,205,,A0,123 IRON MINE DRIVE,,10304,1,0,1,"12,600","1,558",1950,1,A0,0,07/14/2025
5,TODT HILL,01 ONE FAMILY DWELLINGS,1,908,11,,A3,55 WHITLOCK AVENUE,,10304,1,0,1,"15,900","5,490",1991,1,A3,"2,450,000",01/29/2026
5,TODT HILL,01 ONE FAMILY DWELLINGS,1,908,75,,A1,131 CLIFFWOOD AVENUE,,10304,1,0,1,"88,945","5,130",1925,1,A1,"3,600,000",04/25/2025
5,TODT HILL,01 ONE FAMILY DWELLINGS,1,908,75,,A1,18 HELENA RD,,10304,1,0,1,"88,945","5,130",1925,1,A1,0,06/03/2025
5,TODT HILL,05 TAX CLASS 1 VACANT LAND,1B,864,3,,V0,2 WOODHAVEN AVE,,10301,0,0,0,"31,979",0,,1,V0,"400,000",10/23/2025
5,TOMPKINSVILLE,01 ONE FAMILY DWELLINGS,1,114,89,,A2,63 OXFORD PLACE,,10301,1,0,1,"4,000","1,951",1960,1,A2,"720,000",09/19/2025
5,TOMPKINSVILLE,01 ONE FAMILY DWELLINGS,1,115,25,,A5,68 OXFORD PLACE,,10301,1,0,1,"3,800","1,544",1920,1,A5,0,01/15/2026
5,TOMPKINSVILLE,01 ONE FAMILY DWELLINGS,1,504,2,,A5,49 GRANT STREET,,10301,1,0,1,"2,043","1,176",2001,1,A5,"640,000",07/22/2025
5,TOMPKINSVILLE,01 ONE FAMILY DWELLINGS,1,504,44,,A5,39 DULANCEY COURT,,10301,1,0,1,"1,935","1,200",2001,1,A5,0,05/05/2025
5,TOMPKINSVILLE,01 ONE FAMILY DWELLINGS,1,504,96,,A5,42 MARGO LOOP,,10301,1,0,1,"2,186","1,176",2001,1,A5,0,08/23/2025
5,TOMPKINSVILLE,01 ONE FAMILY DWELLINGS,1,569,294,,A1,27 TOMPKINS CIRCLE,,10301,1,0,1,"8,209","1,344",1916,1,A1,"767,000",12/18/2025
5,TOMPKINSVILLE,01 ONE FAMILY DWELLINGS,1,570,1,,A1,172 ST PAULS AVENUE,,10301,1,0,1,"7,500","2,440",1899,1,A1,"855,000",05/07/2025
5,TOMPKINSVILLE,01 ONE FAMILY DWELLINGS,1,571,110,,A3,1 WARD AVENUE,,10304,1,0,1,"13,800","5,905",1920,1,A3,0,12/13/2025
5,TOMPKINSVILLE,01 ONE FAMILY DWELLINGS,1,571,180,,A1,39 NIXON AVENUE,,10304,1,0,1,"8,510","2,114",1988,1,A1,0,01/08/2026
5,TOMPKINSVILLE,01 ONE FAMILY DWELLINGS,1,572,31,,A2,135 WARD AVENUE,,10304,1,0,1,"6,044",920,1955,1,A2,"613,000",05/29/2025
5,TOMPKINSVILLE,01 ONE FAMILY DWELLINGS,1,572,39,,A1,12 NIXON AVENUE,,10304,1,0,1,"5,247","1,839",1910,1,A1,"940,000",08/11/2025
5,TOMPKINSVILLE,01 ONE FAMILY DWELLINGS,1,575,9,,A5,53 WILLIS AVENUE,,10301,1,0,1,"2,209","1,325",2005,1,A5,"650,000",06/23/2025
5,TOMPKINSVILLE,01 ONE FAMILY DWELLINGS,1,576,78,,A2,59 BAYVIEW PLACE,,10304,1,0,1,"6,097","1,742",1960,1,A2,"735,000",12/11/2025
5,TOMPKINSVILLE,01 ONE FAMILY DWELLINGS,1,576,90,,A1,45 BAYVIEW PLACE,,10304,1,0,1,"6,565","1,989",1935,1,A1,"690,000",08/21/2025
5,TOMPKINSVILLE,01 ONE FAMILY DWELLINGS,1,576,109,,A1,11 BAYVIEW PLACE,,10304,1,0,1,"6,615","1,577",1920,1,A1,"825,000",12/19/2025
5,TOMPKINSVILLE,01 ONE FAMILY DWELLINGS,1,579,85,,A5,208 WARD AVE,,10304,1,0,1,"2,232","1,744",1989,1,A5,"555,000",06/16/2025
5,TOMPKINSVILLE,01 ONE FAMILY DWELLINGS,1,579,85,,A5,208 WARD AVENUE,,10304,1,0,1,"2,232","1,744",1989,1,A5,0,09/16/2025
5,TOMPKINSVILLE,01 ONE FAMILY DWELLINGS,1,579,169,,A9,41 CHESTER PLACE,,10304,1,0,1,"2,500","3,840",1989,1,A9,"665,000",11/03/2025
5,TOMPKINSVILLE,01 ONE FAMILY DWELLINGS,1,580,62,,A5,264 WARD AVENUE,,10304,1,0,1,"5,025","2,300",1999,1,A5,"610,000",02/11/2026
5,TOMPKINSVILLE,01 ONE FAMILY DWELLINGS,1,580,89,,A5,87 LOUIS STREET,,10304,1,0,1,"2,200",960,1960,1,A5,"530,000",01/06/2026
5,TOMPKINSVILLE,02 TWO FAMILY DWELLINGS,1,115,42,,B2,42 OXFORD PLACE,,10301,2,0,2,"5,280","2,616",1901,1,B2,"400,000",10/06/2025
5,TOMPKINSVILLE,02 TWO FAMILY DWELLINGS,1,115,69,,S2,353 VICTORY BOULEVARD,,10301,2,1,3,"6,000","2,640",1910,1,S2,0,02/03/2026
5,TOMPKINSVILLE,02 TWO FAMILY DWELLINGS,1,115,76,,B2,365 VICTORY BOULEVARD,,10301,2,0,2,"6,000","2,928",1910,1,B2,0,05/29/2025
5,TOMPKINSVILLE,02 TWO FAMILY DWELLINGS,1,115,76,,B2,365 VICTORY BOULEVARD,,10301,2,0,2,"6,000","2,928",1910,1,B2,"350,000",09/23/2025
5,TOMPKINSVILLE,02 TWO FAMILY DWELLINGS,1,504,32,,B2,135 ST PAULS AVE,,10301,2,0,2,"4,950","2,392",1899,1,B2,"575,000",12/15/2025
5,TOMPKINSVILLE,02 TWO FAMILY DWELLINGS,1,569,210,,B1,102 TOMPKINS CIRCLE,,10301,2,0,2,"8,190","2,046",1925,1,B1,"100,000",10/14/2025
5,TOMPKINSVILLE,02 TWO FAMILY DWELLINGS,1,573,35,,B9,10 FIEDLER AVENUE,,10301,2,0,2,"1,195","1,492",1931,1,B9,"495,000",08/08/2025
5,TOMPKINSVILLE,02 TWO FAMILY DWELLINGS,1,573,36,,B9,32 FIEDLER AVENUE,,10301,2,0,2,"1,013","1,494",1931,1,B9,"495,000",08/08/2025
5,TOMPKINSVILLE,02 TWO FAMILY DWELLINGS,1,573,37,,B9,8 EDGAR TERRACE,,10301,2,0,2,"1,274","1,493",1931,1,B9,"495,000",08/08/2025
5,TOMPKINSVILLE,02 TWO FAMILY DWELLINGS,1,573,38,,B9,10 EDGAR TERR,,10301,2,0,2,"1,098","1,493",1931,1,B9,"615,000",08/08/2025
5,TOMPKINSVILLE,02 TWO FAMILY DWELLINGS,1,576,140,,B2,1 ROSEWOOD PLACE,,10304,2,0,2,"2,091","2,120",1915,1,B2,"850,000",07/09/2025
5,TOMPKINSVILLE,02 TWO FAMILY DWELLINGS,1,577,30,,B2,12 ROSEWOOD PLACE,,10304,2,0,2,"4,000","2,592",1920,1,B2,0,08/12/2025
5,TOMPKINSVILLE,02 TWO FAMILY DWELLINGS,1,579,25,,B2,358 VICTORY BOULEVARD,,10301,2,0,2,"2,700","2,164",1915,1,B2,0,12/09/2025
5,TOMPKINSVILLE,02 TWO FAMILY DWELLINGS,1,579,31,,S2,346 VICTORY BOULEVARD,,10301,2,1,3,"3,000","3,974",1915,1,S2,0,12/09/2025
5,TOMPKINSVILLE,02 TWO FAMILY DWELLINGS,1,579,55,,B9,78 CEBRA AVENUE,,10304,2,0,2,"3,533","1,632",1988,1,B9,0,06/02/2025
5,TOMPKINSVILLE,02 TWO FAMILY DWELLINGS,1,579,174,,B2,N/A CHESTER PLACE,,10301,2,0,2,"5,000","2,106",2023,1,B2,"916,425",04/29/2025
5,TOMPKINSVILLE,02 TWO FAMILY DWELLINGS,1,579,177,,B2,N/A CHESTER PLACE,,10301,2,0,2,"6,136","2,106",2023,1,B2,"916,425",05/06/2025
5,TOMPKINSVILLE,02 TWO FAMILY DWELLINGS,1,579,208,,B9,29A CLARK LANE,,10304,2,0,2,"1,600","1,312",1990,1,B9,"625,000",07/30/2025
5,TOMPKINSVILLE,02 TWO FAMILY DWELLINGS,1,579,238,,B9,79 CLARK LANE,,10304,2,0,2,"1,720","1,200",1990,1,B9,"464,879",07/31/2025
5,TOMPKINSVILLE,03 THREE FAMILY DWELLINGS,1,498,22,,C0,59 VAN DUZER STREET,,10301,3,0,3,"7,500","1,248",1931,1,C0,"1,236,000",12/23/2025
5,TOMPKINSVILLE,03 THREE FAMILY DWELLINGS,1,499,62,,C0,45 ST PAULS AVENUE,,10301,3,0,3,"1,570","2,350",1915,1,C0,"441,090",09/25/2025
5,TOMPKINSVILLE,05 TAX CLASS 1 VACANT LAND,1B,115,78,,V0,N/A VICTORY BOULEVARD,,10301,0,0,0,"6,000",0,,1,V0,0,05/29/2025
5,TOMPKINSVILLE,05 TAX CLASS 1 VACANT LAND,1B,569,318,,V0,N/A TOMPKINS CIRCLE,,10301,0,0,0,"33,796",0,,1,V0,"120,000",08/20/2025
5,TOMPKINSVILLE,05 TAX CLASS 1 VACANT LAND,1B,573,40,,V0,N/A EDGAR TERRACE,,10301,0,0,0,"2,180",0,,1,V0,"615,000",08/08/2025
5,TOMPKINSVILLE,05 TAX CLASS 1 VACANT LAND,1B,578,52,,V0,N/A CRESTON PLACE,,10304,0,0,0,"4,333",0,,1,V0,"400,000",10/15/2025
5,TOMPKINSVILLE,05 TAX CLASS 1 VACANT LAND,1B,580,91,,V0,N/A LOUIS STREET,,10301,0,0,0,"1,940",0,,1,V0,"530,000",01/06/2026
5,TOMPKINSVILLE,07 RENTALS - WALKUP APARTMENTS,2A,114,1,,C3,89 OXFORD PLACE,,10301,4,0,4,"4,250","4,096",1931,2,C3,"815,000",06/03/2025
5,TOMPKINSVILLE,07 RENTALS - WALKUP APARTMENTS,2A,579,24,,C3,360 VICTORY BOULEVARD,,10301,4,0,4,"2,742","2,705",1915,2,C3,"770,000",10/29/2025
5,TOMPKINSVILLE,13 CONDOS - ELEVATOR APARTMENTS,2,579,1105,,R4,"55 AUSTIN PLACE, 1T",1T,10304,1,,1,,,1962,2,R4,"230,500",06/30/2025
5,TOMPKINSVILLE,13 CONDOS - ELEVATOR APARTMENTS,2,579,1124,,R4,"55 AUSTIN PLACE, 2T",2T,10304,1,,1,,,1962,2,R4,"75,000",06/05/2025
5,TOMPKINSVILLE,13 CONDOS - ELEVATOR APARTMENTS,2,579,1179,,R4,"55 AUSTIN PLACE, 5F",5F,10304,1,,1,,,1962,2,R4,"147,500",12/11/2025
5,TOMPKINSVILLE,13 CONDOS - ELEVATOR APARTMENTS,2,579,1187,,R4,"55 AUSTIN PLACE, 5P",5P,10304,1,,1,,,1962,2,R4,"375,000",04/04/2025
5,TOMPKINSVILLE,13 CONDOS - ELEVATOR APARTMENTS,2,579,1189,,R4,"55 AUSTIN PLACE, 5S",5S,10304,1,,1,,,1962,2,R4,"305,000",02/17/2026
5,TOMPKINSVILLE,13 CONDOS - ELEVATOR APARTMENTS,2,579,1221,,R4,"55 AUSTIN PLACE, 7D",7D,10304,1,,1,,,1962,2,R4,"325,000",12/04/2025
5,TOMPKINSVILLE,13 CONDOS - ELEVATOR APARTMENTS,2,579,1225,,R4,"55 AUSTIN PLACE, 7H",7H,10304,1,,1,,,1962,2,R4,"290,000",02/24/2026
5,TOMPKINSVILLE,13 CONDOS - ELEVATOR APARTMENTS,2,579,1229,,R4,"55 AUSTIN PLACE, 7M",7M,10304,1,,1,,,1962,2,R4,"330,000",10/29/2025
5,TOMPKINSVILLE,13 CONDOS - ELEVATOR APARTMENTS,2,579,1236,,R4,"55 AUSTIN PLACE, 7W",7W,10304,1,,1,,,1962,2,R4,"325,000",01/27/2026
5,TOMPKINSVILLE,21 OFFICE BUILDINGS,4,499,1,,O7,15 ST PAULS AVENUE,,10301,0,1,1,"11,327","5,568",1930,4,O7,"1,050,000",06/05/2025
5,TOMPKINSVILLE,31 COMMERCIAL VACANT LAND,4,576,25,,V1,N/A VICTORY BOULEVARD,,10301,0,0,0,"30,267",0,,4,V1,"3,000,000",07/11/2025
5,TOMPKINSVILLE,44 CONDO PARKING,4,579,1075,,RP,55 AUSTIN PLACE,,10304,,1,1,,,1962,4,RP,"325,000",01/27/2026
5,TOTTENVILLE,01 ONE FAMILY DWELLINGS,1,7775,4,,A3,27 BELWOOD LOOP,,10307,1,0,1,"7,553","3,356",2009,1,A3,"2,000,000",05/21/2025
5,TOTTENVILLE,01 ONE FAMILY DWELLINGS,1,7775,27,,A1,26 DINTREE LANE,,10307,1,0,1,"6,079","1,200",2010,1,A1,0,01/22/2026
5,TOTTENVILLE,01 ONE FAMILY DWELLINGS,1,7775,124,,A1,80 BELWOOD LOOP,,10307,1,0,1,"6,784","2,770",2012,1,A1,"1,300,000",11/13/2025
5,TOTTENVILLE,01 ONE FAMILY DWELLINGS,1,7792,246,,A1,428 PAGE AVENUE,,10307,1,0,1,"5,927","2,781",2019,1,A1,"1,240,000",10/24/2025
5,TOTTENVILLE,01 ONE FAMILY DWELLINGS,1,7792,278,,A1,394 PAGE AVENUE,,10307,1,0,1,"9,694","2,493",2019,1,A1,"1,275,000",06/30/2025
5,TOTTENVILLE,01 ONE FAMILY DWELLINGS,1,7792,310,,A3,211 CHEEVERS LANE,,10307,1,0,1,"5,996","4,548",2019,1,A3,"1,500,000",07/08/2025
5,TOTTENVILLE,01 ONE FAMILY DWELLINGS,1,7793,73,,A3,23 HAYWOOD STREET,,10307,1,0,1,"10,530","4,160",1988,1,A3,"1,500,000",12/22/2025
5,TOTTENVILLE,01 ONE FAMILY DWELLINGS,1,7793,147,,A3,74 HAYWOOD STREET,,10307,1,0,1,"9,000","4,560",1988,1,A3,0,09/10/2025
5,TOTTENVILLE,01 ONE FAMILY DWELLINGS,1,7812,128,,A2,226 BEDELL AVENUE,,10307,1,0,1,"13,160",804,1901,1,A2,0,10/09/2025
5,TOTTENVILLE,01 ONE FAMILY DWELLINGS,1,7818,19,,A3,71 JOLINE AVENUE,,10307,1,0,1,"10,000","4,680",1988,1,A3,0,04/30/2025
5,TOTTENVILLE,01 ONE FAMILY DWELLINGS,1,7821,23,,A3,7126 AMBOY ROAD,,10307,1,0,1,"12,945","4,170",2002,1,A3,"670,970",08/14/2025
5,TOTTENVILLE,01 ONE FAMILY DWELLINGS,1,7826,104,,A1,30 BRUNO LANE,,10307,1,0,1,"4,253","3,718",2004,1,A1,10,10/21/2025
5,TOTTENVILLE,01 ONE FAMILY DWELLINGS,1,7841,66,,A1,91 SPRAGUE AVENUE,,10307,1,0,1,"4,458","2,229",2005,1,A1,"950,000",04/30/2025
5,TOTTENVILLE,01 ONE FAMILY DWELLINGS,1,7850,74,,A1,27 HONEY LANE,,10307,1,0,1,"4,720","2,600",1994,1,A1,"990,000",02/10/2026
5,TOTTENVILLE,01 ONE FAMILY DWELLINGS,1,7851,27,,A1,362 BREHAUT AVENUE,,10307,1,0,1,"6,440",880,1920,1,A1,"783,750",06/06/2025
5,TOTTENVILLE,01 ONE FAMILY DWELLINGS,1,7854,3,,A2,39 SPRAGUE AVENUE,,10307,1,0,1,"2,850",840,1940,1,A2,"515,000",04/01/2025
5,TOTTENVILLE,01 ONE FAMILY DWELLINGS,1,7860,38,,A5,76 SURFSIDE PLAZA,,10307,1,0,1,"1,275","1,500",1988,1,A5,0,11/19/2025
5,TOTTENVILLE,01 ONE FAMILY DWELLINGS,1,7860,233,,A1,343 LORETTO STREET,,10307,1,0,1,"4,050","1,950",1999,1,A1,0,04/21/2025
5,TOTTENVILLE,01 ONE FAMILY DWELLINGS,1,7863,2,,A5,237 LORETTO STREET,,10307,1,0,1,"1,377","1,716",1990,1,A5,"575,000",04/14/2025
5,TOTTENVILLE,01 ONE FAMILY DWELLINGS,1,7863,5,,A5,241 LORETTO STREET,,10307,1,0,1,791,"1,503",1990,1,A5,"569,000",09/10/2025
5,TOTTENVILLE,01 ONE FAMILY DWELLINGS,1,7863,16,,A5,259 LORETTO STREET,,10307,1,0,1,899,"1,503",1990,1,A5,"565,000",07/16/2025
5,TOTTENVILLE,01 ONE FAMILY DWELLINGS,1,7863,21,,A5,57 SUNSET LANE,,10307,1,0,1,"1,276","1,716",1990,1,A5,"599,000",12/04/2025
5,TOTTENVILLE,01 ONE FAMILY DWELLINGS,1,7863,76,,A5,18 SUNSET LANE,,10307,1,0,1,667,832,1990,1,A5,0,07/17/2025
5,TOTTENVILLE,01 ONE FAMILY DWELLINGS,1,7863,104,,A5,36 WINDING WOODS LOOP,,10307,1,0,1,"1,150","1,100",1999,1,A5,"555,000",07/18/2025
5,TOTTENVILLE,01 ONE FAMILY DWELLINGS,1,7863,153,,A5,67 WILDWOOD,,10307,1,0,1,655,930,1994,1,A5,"499,000",05/09/2025
5,TOTTENVILLE,01 ONE FAMILY DWELLINGS,1,7863,176,,A5,41 WILDWOOD LANE,,10307,1,0,1,574,756,1989,1,A5,"313,750",01/22/2026
5,TOTTENVILLE,01 ONE FAMILY DWELLINGS,1,7863,284,,A5,14 SANDY LANE,,10307,1,0,1,911,"1,060",1998,1,A5,0,09/04/2025
5,TOTTENVILLE,01 ONE FAMILY DWELLINGS,1,7864,34,,A5,300 LORETTO STREET,,10307,1,0,1,"2,500","1,480",1994,1,A5,10,07/29/2025
5,TOTTENVILLE,01 ONE FAMILY DWELLINGS,1,7864,62,,A5,579 ROCKAWAY STREET,,10307,1,0,1,"2,500","1,480",1994,1,A5,"780,000",10/10/2025
5,TOTTENVILLE,01 ONE FAMILY DWELLINGS,1,7865,59,,A1,537 YETMAN AVENUE,,10307,1,0,1,"2,500","1,680",2002,1,A1,"760,000",04/02/2025
5,TOTTENVILLE,01 ONE FAMILY DWELLINGS,1,7865,84,,A1,485 YETMAN AVENUE,,10307,1,0,1,"5,000","1,750",1988,1,A1,0,10/21/2025
5,TOTTENVILLE,01 ONE FAMILY DWELLINGS,1,7866,45,,A1,220 SPRAGUE AVENUE,,10307,1,0,1,"5,000","1,088",1915,1,A1,"865,000",12/18/2025
5,TOTTENVILLE,01 ONE FAMILY DWELLINGS,1,7867,10,,A1,82 SPRAGUE AVENUE,,10307,1,0,1,"25,750","2,624",1920,1,A1,"2,500,000",05/21/2025
5,TOTTENVILLE,01 ONE FAMILY DWELLINGS,1,7867,10,,G0,N/A KEPPEL AVENUE,,10307,0,0,0,"3,944",125,1920,1,A1,0,10/01/2025
5,TOTTENVILLE,01 ONE FAMILY DWELLINGS,1,7867,141,,A2,357 SLEIGHT AVENUE,,10307,1,0,1,"10,050","1,000",1945,1,A2,"750,000",06/02/2025
5,TOTTENVILLE,01 ONE FAMILY DWELLINGS,1,7868,41,,A1,24 SPRAGUE AVENUE,,10307,1,0,1,"7,875","3,224",1899,1,A1,"1,050,000",04/28/2025
5,TOTTENVILLE,01 ONE FAMILY DWELLINGS,1,7880,1,,A1,662 YETMAN AVENUE,,10307,1,0,1,"5,000","1,040",1920,1,A1,0,04/29/2025
5,TOTTENVILLE,01 ONE FAMILY DWELLINGS,1,7880,5,,A1,668 YETMAN AVENUE,,10307,1,0,1,"2,500","1,082",2016,1,A1,"635,000",09/05/2025
5,TOTTENVILLE,01 ONE FAMILY DWELLINGS,1,7880,6,,A5,670 YETMAN AVENUE,,10307,1,0,1,"3,750","1,800",1994,1,A5,"765,000",05/19/2025
5,TOTTENVILLE,01 ONE FAMILY DWELLINGS,1,7881,1,,A1,432 MANHATTAN STREET,,10307,1,0,1,"2,500","1,392",1930,1,A1,0,05/16/2025
5,TOTTENVILLE,01 ONE FAMILY DWELLINGS,1,7886,37,,A1,526 YETMAN AVENUE,,10307,1,0,1,"4,500","2,700",1997,1,A1,"1,050,000",08/04/2025
5,TOTTENVILLE,01 ONE FAMILY DWELLINGS,1,7887,31,,A1,280 MANHATTAN STREET,,10307,1,0,1,"4,000","1,632",1920,1,A1,"475,000",01/20/2026
5,TOTTENVILLE,01 ONE FAMILY DWELLINGS,1,7888,38,,A1,296 BRIGHTON STREET,,10307,1,0,1,"2,500","1,350",1994,1,A1,0,06/25/2025
5,TOTTENVILLE,01 ONE FAMILY DWELLINGS,1,7889,79,,A2,411 YETMAN AVENUE,,10307,1,0,1,"3,550",843,1945,1,A2,"1,325,000",05/13/2025
5,TOTTENVILLE,01 ONE FAMILY DWELLINGS,1,7889,79,,B2,411 YETMAN AVENUE,,10307,2,0,2,"4,240","3,256",2025,1,A2,0,08/29/2025
5,TOTTENVILLE,01 ONE FAMILY DWELLINGS,1,7890,37,,A1,434 YETMAN AVENUE,,10307,1,0,1,"3,300","1,184",1935,1,A1,"735,000",11/13/2025
5,TOTTENVILLE,01 ONE FAMILY DWELLINGS,1,7890,69,,A2,189 MANHATTAN STREET,,10307,1,0,1,"4,166","1,152",1965,1,A2,"590,000",07/16/2025
5,TOTTENVILLE,01 ONE FAMILY DWELLINGS,1,7890,93,,A1,141 MANHATTAN STREET,,10307,1,0,1,"5,000",834,1930,1,A1,0,07/28/2025
5,TOTTENVILLE,01 ONE FAMILY DWELLINGS,1,7900,34,,A1,40 BRIGHTON STREET,,10307,1,0,1,"8,050","1,936",1910,1,A1,"910,000",02/26/2026
5,TOTTENVILLE,01 ONE FAMILY DWELLINGS,1,7905,12,,A5,342 CHELSEA STREET,,10307,1,0,1,"2,500","1,408",1995,1,A5,"705,000",02/04/2026
5,TOTTENVILLE,01 ONE FAMILY DWELLINGS,1,7905,24,,A1,362 CHELSEA STREET,,10307,1,0,1,"3,500","1,890",1999,1,A1,0,11/04/2025
5,TOTTENVILLE,01 ONE FAMILY DWELLINGS,1,7906,103,,A5,315 SWINNERTON STREET,,10307,1,0,1,"2,400","1,492",1995,1,A5,0,07/23/2025
5,TOTTENVILLE,01 ONE FAMILY DWELLINGS,1,7912,23,,A2,380 MAIN STREET,,10307,1,0,1,"5,820",960,1965,1,A2,0,10/29/2025
5,TOTTENVILLE,01 ONE FAMILY DWELLINGS,1,7912,35,,A2,404 MAIN STREET,,10307,1,0,1,"3,880",960,1965,1,A2,"605,000",04/10/2025
5,TOTTENVILLE,01 ONE FAMILY DWELLINGS,1,7913,65,,A3,153 CARTERET ST,,10307,1,0,1,"6,500","3,360",1985,1,A3,"1,285,000",02/13/2026
5,TOTTENVILLE,01 ONE FAMILY DWELLINGS,1,7924,23,,A3,224 ASPINWALL STREET,,10307,1,0,1,"5,850","2,520",1989,1,A3,0,05/27/2025
5,TOTTENVILLE,01 ONE FAMILY DWELLINGS,1,7925,72,,A1,227 CONNECTICUT STREET,,10307,1,0,1,"6,650","3,450",1994,1,A1,"1,400,000",05/02/2025
5,TOTTENVILLE,01 ONE FAMILY DWELLINGS,1,7926,23,,A1,128 CARTERET STREET,,10307,1,0,1,"6,370","2,460",1985,1,A1,0,01/08/2026
5,TOTTENVILLE,01 ONE FAMILY DWELLINGS,1,7926,71,,A3,143 ASPINWALL STREET,,10307,1,0,1,"7,760","3,464",1986,1,A3,0,04/04/2025
5,TOTTENVILLE,01 ONE FAMILY DWELLINGS,1,7928,54,,A1,7355 HYLAN BOULEVARD,,10307,1,0,1,"10,500","2,630",1983,1,A1,0,10/09/2025
5,TOTTENVILLE,01 ONE FAMILY DWELLINGS,1,7929,4,,A2,7610 AMBOY ROAD,,10307,1,0,1,"4,000","1,100",1960,1,A2,"550,000",06/20/2025
5,TOTTENVILLE,01 ONE FAMILY DWELLINGS,1,7932,5,,A1,7638 AMBOY ROAD,,10307,1,0,1,"4,000","1,986",1925,1,A1,"875,000",04/30/2025
5,TOTTENVILLE,01 ONE FAMILY DWELLINGS,1,7939,20,,A1,92 CONNECTICUT STREET,,10307,1,0,1,"3,600","2,000",1988,1,A1,"500,000",09/19/2025
5,TOTTENVILLE,01 ONE FAMILY DWELLINGS,1,7943,8,,A1,669 CRAIG AVENUE,,10307,1,0,1,"3,800","1,802",1975,1,A1,0,07/12/2025
5,TOTTENVILLE,01 ONE FAMILY DWELLINGS,1,7945,70,,A1,11 SATTERLEE STREET,,10307,1,0,1,"4,000","2,140",1920,1,A1,"950,000",01/09/2026
5,TOTTENVILLE,01 ONE FAMILY DWELLINGS,1,7996,1,,A1,4 WOOD LANE,,10307,1,0,1,"2,590","2,642",2005,1,A1,"580,403",08/26/2025
5,TOTTENVILLE,01 ONE FAMILY DWELLINGS,1,7997,6,,A1,61 GIRARD STREET,,10307,1,0,1,"6,200","1,232",1910,1,A1,"30,000",04/24/2025
5,TOTTENVILLE,01 ONE FAMILY DWELLINGS,1,7999,26,,A1,5377 ARTHUR KILL ROAD,,10307,1,0,1,"3,840","1,610",1920,1,A1,0,10/23/2025
5,TOTTENVILLE,01 ONE FAMILY DWELLINGS,1,7999,53,,A5,22 GIRARD STREET,,10307,1,0,1,945,"1,680",1988,1,A5,"525,000",06/17/2025
5,TOTTENVILLE,01 ONE FAMILY DWELLINGS,1,7999,65,,A5,42 GIRARD STREET,,10307,1,0,1,"1,612","1,800",1988,1,A5,"510,000",10/31/2025
5,TOTTENVILLE,01 ONE FAMILY DWELLINGS,1,8001,21,,A1,60 TYRRELL STREET,,10307,1,0,1,"4,952","1,848",1901,1,A1,"647,000",04/01/2025
5,TOTTENVILLE,01 ONE FAMILY DWELLINGS,1,8001,84,,A5,30 CONFERENCE COURT,,10307,1,0,1,"1,510","1,700",1998,1,A5,"499,000",08/05/2025
5,TOTTENVILLE,01 ONE FAMILY DWELLINGS,1,8003,17,,A1,5461 ARTHUR KILL ROAD,,10307,1,0,1,"5,000","2,142",1901,1,A1,"880,000",05/01/2025
5,TOTTENVILLE,01 ONE FAMILY DWELLINGS,1,8005,189,,A3,25 AVIVA COURT,,10307,1,0,1,"11,410","4,852",1995,1,A3,"1,410,000",07/01/2025
5,TOTTENVILLE,01 ONE FAMILY DWELLINGS,1,8008,56,,A1,22 MURRAY STREET,,10309,1,0,1,"4,005","1,252",1915,1,A1,"710,000",10/30/2025
5,TOTTENVILLE,01 ONE FAMILY DWELLINGS,1,8013,9,,A1,59 LION STREET,,10307,1,0,1,"4,370","2,400",2001,1,A1,"1,100,000",07/15/2025
5,TOTTENVILLE,01 ONE FAMILY DWELLINGS,1,8021,2,,A1,185 FISHER AVENUE,,10307,1,0,1,"6,450","1,360",1915,1,A1,10,07/30/2025
5,TOTTENVILLE,01 ONE FAMILY DWELLINGS,1,8021,30,,A1,133 FISHER AVENUE,,10307,1,0,1,"7,350","1,885",1899,1,A1,"738,000",10/15/2025
5,TOTTENVILLE,01 ONE FAMILY DWELLINGS,1,8022,34,,A1,121 WOOD AVENUE,,10307,1,0,1,"8,400","2,504",1901,1,A1,"935,000",04/23/2025
5,TOTTENVILLE,01 ONE FAMILY DWELLINGS,1,8022,108,,A1,186 FISHER AVENUE,,10307,1,0,1,"3,500","1,365",1901,1,A1,"200,000",07/23/2025
5,TOTTENVILLE,01 ONE FAMILY DWELLINGS,1,8023,11,,A2,171 LEE AVENUE,,10307,1,0,1,"4,234",808,1901,1,A2,"779,000",09/16/2025
5,TOTTENVILLE,01 ONE FAMILY DWELLINGS,1,8023,82,,A1,162 WOOD AVENUE,,10307,1,0,1,"3,719","2,100",2005,1,A1,"975,000",04/17/2025
5,TOTTENVILLE,01 ONE FAMILY DWELLINGS,1,8025,16,,A1,153 JOHNSON AVENUE,,10307,1,0,1,"12,000","2,720",1901,1,A1,"993,950",12/08/2025
5,TOTTENVILLE,01 ONE FAMILY DWELLINGS,1,8032,9,,A1,535 CRAIG AVENUE,,10307,1,0,1,"9,196","3,818",1901,1,A1,"1,350,000",08/12/2025
5,TOTTENVILLE,01 ONE FAMILY DWELLINGS,1,8033,1,,A1,7725 AMBOY ROAD,,10307,1,0,1,"14,186","4,900",1901,1,A1,0,08/06/2025
5,TOTTENVILLE,01 ONE FAMILY DWELLINGS,1,8034,45,,A1,35 HALE STREET,,10307,1,0,1,"5,000","2,450",1997,1,A1,0,06/05/2025
5,TOTTENVILLE,01 ONE FAMILY DWELLINGS,1,8038,54,,A5,46 PARKER STREET,,10307,1,0,1,"2,500",721,1925,1,A5,"570,000",12/02/2025
5,TOTTENVILLE,01 ONE FAMILY DWELLINGS,1,8040,56,,A2,126 CRAIG AVENUE,,10307,1,0,1,"5,562",972,1965,1,A2,"880,000",08/13/2025
5,TOTTENVILLE,01 ONE FAMILY DWELLINGS,1,8040,56,,A2,126 CRAIG AVENUE,,10307,1,0,1,"10,890",972,1965,1,A2,"1,050,000",05/20/2025
5,TOTTENVILLE,01 ONE FAMILY DWELLINGS,1,8041,7,,S1,7247 AMBOY ROAD,,10307,1,1,2,"5,883","1,536",1911,1,S1,0,06/10/2025
5,TOTTENVILLE,01 ONE FAMILY DWELLINGS,1,8041,16,,A1,275 BARNARD AVENUE,,10307,1,0,1,"3,600","1,072",1905,1,A1,0,06/10/2025
5,TOTTENVILLE,01 ONE FAMILY DWELLINGS,1,8041,37,,A0,227 BARNARD AVENUE,,10307,1,0,1,"8,177","1,180",1910,1,A1,"200,000",06/19/2025
5,TOTTENVILLE,01 ONE FAMILY DWELLINGS,1,8042,14,,A1,269 FISHER AVENUE,,10307,1,0,1,"3,860","1,440",1997,1,A1,"865,000",07/09/2025
5,TOTTENVILLE,01 ONE FAMILY DWELLINGS,1,8043,51,,A1,213 WOOD AVENUE,,10307,1,0,1,"8,736","1,344",1905,1,A1,0,11/27/2025
5,TOTTENVILLE,01 ONE FAMILY DWELLINGS,1,8043,84,,A1,224 FISHER AVENUE,,10307,1,0,1,"8,760","1,368",1945,1,A1,"312,500",08/19/2025
5,TOTTENVILLE,01 ONE FAMILY DWELLINGS,1,8044,28,,A1,233 LEE AVENUE,,10307,1,0,1,"2,220","1,467",1910,1,A1,0,09/25/2025
5,TOTTENVILLE,01 ONE FAMILY DWELLINGS,1,8045,80,,A1,236 LEE AVENUE,,10307,1,0,1,"5,760","1,361",1920,1,A1,"730,000",02/20/2026
5,TOTTENVILLE,01 ONE FAMILY DWELLINGS,1,8046,48,,A1,197 JOHNSON AVENUE,,10307,1,0,1,"7,984","3,166",1920,1,A1,"999,999",07/09/2025
5,TOTTENVILLE,01 ONE FAMILY DWELLINGS,1,8047,5,,A1,7497 AMBOY ROAD,,10307,1,0,1,"41,325","2,667",1920,1,A1,0,04/04/2025
5,TOTTENVILLE,01 ONE FAMILY DWELLINGS,1,8050,58,,A1,572 CRAIG AVENUE,,10307,1,0,1,"5,800","1,032",1915,1,A1,0,02/20/2026
5,TOTTENVILLE,01 ONE FAMILY DWELLINGS,1,8050,86,,A1,146 BENTLEY STREET,,10307,1,0,1,"14,136","2,057",1915,1,A1,"875,000",02/11/2026
5,TOTTENVILLE,01 ONE FAMILY DWELLINGS,1,8050,94,,A1,162 BENTLEY STREET,,10307,1,0,1,"4,000","1,768",1945,1,A1,"905,000",12/09/2025
5,TOTTENVILLE,02 TWO FAMILY DWELLINGS,1,7780,73,,B2,10 IRENE LANE,,10307,2,0,2,"4,000","2,350",2001,1,B2,0,09/11/2025
5,TOTTENVILLE,02 TWO FAMILY DWELLINGS,1,7780,76,,B2,43 LERER LANE,,10307,2,0,2,"4,000","2,500",2001,1,B2,"1,070,000",03/03/2026
5,TOTTENVILLE,02 TWO FAMILY DWELLINGS,1,7780,84,,B2,31 CALLAHAN LANE,,10307,2,0,2,"4,000","2,500",2001,1,B2,0,05/07/2025
5,TOTTENVILLE,02 TWO FAMILY DWELLINGS,1,7786,43,,B1,10 SPRUCE COURT,,10307,2,0,2,"12,649","4,400",1995,1,B1,"1,550,000",10/28/2025
5,TOTTENVILLE,02 TWO FAMILY DWELLINGS,1,7786,254,,B2,31 DELL COURT,,10307,2,0,2,"4,095","2,200",2001,1,B2,"1,465,000",11/13/2025
5,TOTTENVILLE,02 TWO FAMILY DWELLINGS,1,7800,67,,B1,11 LULU COURT,,10307,2,0,2,"9,996","3,400",2000,1,B1,"1,800,000",11/06/2025
5,TOTTENVILLE,02 TWO FAMILY DWELLINGS,1,7812,24,,B2,6 KATHLEEN COURT,,10307,2,0,2,"9,960","2,950",1993,1,B2,"1,350,000",11/25/2025
5,TOTTENVILLE,02 TWO FAMILY DWELLINGS,1,7826,208,,B2,327 SPRAGUE AVENUE,,10307,2,0,2,"15,577","4,100",2001,1,B2,"2,500,000",11/18/2025
5,TOTTENVILLE,02 TWO FAMILY DWELLINGS,1,7826,226,,B2,303 SPRAGUE AVENUE,,10307,2,0,2,"7,315","2,700",2005,1,B2,"999,000",08/28/2025
5,TOTTENVILLE,02 TWO FAMILY DWELLINGS,1,7836,31,,B2,36 ADLERS LANE,,10307,2,0,2,"14,638","4,200",1993,1,B2,"1,460,000",12/04/2025
5,TOTTENVILLE,02 TWO FAMILY DWELLINGS,1,7841,71,,B2,81 SPRAGUE AVENUE,,10307,2,0,2,"14,004","2,940",1983,1,B2,"1,800,000",10/02/2025
5,TOTTENVILLE,02 TWO FAMILY DWELLINGS,1,7841,96,,B1,90 NANCY LANE,,10307,2,0,2,"12,525","3,800",1983,1,B1,0,04/02/2025
5,TOTTENVILLE,02 TWO FAMILY DWELLINGS,1,7850,151,,B2,133 HONEY LANE,,10307,2,0,2,"4,363","2,250",1996,1,B2,0,08/11/2025
5,TOTTENVILLE,02 TWO FAMILY DWELLINGS,1,7853,91,,B2,66 JOLINE AVENUE,,10307,2,0,2,"5,485","2,037",2004,1,B2,"1,050,000",07/09/2025
5,TOTTENVILLE,02 TWO FAMILY DWELLINGS,1,7853,106,,B2,94 JOLINE AVENUE,,10307,2,0,2,"4,725","2,580",1984,1,B2,"1,004,051",09/24/2025
5,TOTTENVILLE,02 TWO FAMILY DWELLINGS,1,7853,119,,B3,29 TRUMAN STREET,,10307,2,0,2,"10,530","1,938",1940,1,B3,"835,000",09/04/2025
5,TOTTENVILLE,02 TWO FAMILY DWELLINGS,1,7854,18,,B9,5 SPRAGUE AVENUE,,10307,2,0,2,"1,848","1,512",2001,1,B9,"835,000",09/11/2025
5,TOTTENVILLE,02 TWO FAMILY DWELLINGS,1,7854,23,,B3,7266 AMBOY ROAD,,10307,2,0,2,"8,375","2,311",1945,1,B3,0,01/23/2026
5,TOTTENVILLE,02 TWO FAMILY DWELLINGS,1,7861,26,,B2,378 LORETTO STREET,,10307,2,0,2,"4,063","2,700",1993,1,B2,0,06/04/2025
5,TOTTENVILLE,02 TWO FAMILY DWELLINGS,1,7861,61,,B2,659 ROCKAWAY STREET,,10307,2,0,2,"5,000","2,400",1995,1,B2,"1,300,000",02/06/2026
5,TOTTENVILLE,02 TWO FAMILY DWELLINGS,1,7862,29,,B2,660 ROCKAWAY STREET,,10307,2,0,2,"3,750","2,103",2006,1,B2,"1,325,000",11/20/2025
5,TOTTENVILLE,02 TWO FAMILY DWELLINGS,1,7862,35,,B2,670 ROCKAWAY STREET,,10307,2,0,2,"4,250","2,450",1995,1,B2,0,05/12/2025
5,TOTTENVILLE,02 TWO FAMILY DWELLINGS,1,7862,73,,B2,587 YETMAN AVENUE,,10307,2,0,2,"5,000","2,400",1999,1,B2,0,10/28/2025
5,TOTTENVILLE,02 TWO FAMILY DWELLINGS,1,7866,11,,B2,54 FAYANN LANE,,10307,2,0,2,"10,143","5,371",1994,1,B2,0,11/24/2025
5,TOTTENVILLE,02 TWO FAMILY DWELLINGS,1,7867,36,,B2,114 SPRAGUE AVENUE,,10307,2,0,2,"9,000","2,288",1930,1,B2,"775,000",05/06/2025
5,TOTTENVILLE,02 TWO FAMILY DWELLINGS,1,7867,80,,B2,329 GEORGE ST,,10307,2,0,2,"5,490","2,400",2001,1,B2,"1,295,000",01/23/2026
5,TOTTENVILLE,02 TWO FAMILY DWELLINGS,1,7867,207,,B2,34 DELIA COURT,,10307,2,0,2,"5,272","2,736",2001,1,B2,"875,000",05/08/2025
5,TOTTENVILLE,02 TWO FAMILY DWELLINGS,1,7868,148,,B2,15 JOYCE LANE,,10307,2,0,2,"11,980","3,700",1996,1,B2,0,06/10/2025
5,TOTTENVILLE,02 TWO FAMILY DWELLINGS,1,7884,19,,B2,366 MANHATTAN STREET,,10307,2,0,2,"10,000","2,340",1982,1,B2,0,04/29/2025
5,TOTTENVILLE,02 TWO FAMILY DWELLINGS,1,7884,24,,B2,376 MANHATTAN STREET,,10307,2,0,2,"5,000","4,075",2006,1,B2,"1,400,000",07/28/2025
5,TOTTENVILLE,02 TWO FAMILY DWELLINGS,1,7887,49,,B2,316 MANHATTAN STREET,,10307,2,0,2,"6,250","3,040",1991,1,B2,0,01/20/2026
5,TOTTENVILLE,02 TWO FAMILY DWELLINGS,1,7888,90,,B2,261 CHELSEA STREET,,10307,2,0,2,"9,500","4,286",1989,1,B2,"2,030,000",09/15/2025
5,TOTTENVILLE,02 TWO FAMILY DWELLINGS,1,7889,55,,B1,451 YETMAN AVENUE,,10307,2,0,2,"10,000","5,078",1975,1,B1,0,10/09/2025
5,TOTTENVILLE,02 TWO FAMILY DWELLINGS,1,7890,7,,B2,384 YETMAN AVENUE,,10307,2,0,2,"4,000","2,200",2000,1,B2,"1,100,000",08/22/2025
5,TOTTENVILLE,02 TWO FAMILY DWELLINGS,1,7891,75,,B2,183 BRIGHTON STREET,,10307,2,0,2,"4,000","2,226",2008,1,B2,"1,260,000",09/04/2025
5,TOTTENVILLE,02 TWO FAMILY DWELLINGS,1,7892,99,,B2,165 CHELSEA STREET,,10307,2,0,2,"6,160","2,820",1988,1,B2,"1,279,000",08/14/2025
5,TOTTENVILLE,02 TWO FAMILY DWELLINGS,1,7895,15,,B2,334 SLEIGHT AVENUE,,10307,2,0,2,"6,214","3,300",2002,1,B2,0,11/06/2025
5,TOTTENVILLE,02 TWO FAMILY DWELLINGS,1,7900,69,,B2,73 CHELSEA STREET,,10307,2,0,2,"3,686","2,420",1910,1,B2,"700,000",12/29/2025
5,TOTTENVILLE,02 TWO FAMILY DWELLINGS,1,7909,74,,B2,237 SWINNERTON STREET,,10307,2,0,2,"5,070","2,736",2001,1,B2,"1,392,500",11/03/2025
5,TOTTENVILLE,02 TWO FAMILY DWELLINGS,1,7910,72,,B2,239 CARTERET STREET,,10307,2,0,2,"3,600","2,811",2005,1,B2,0,05/12/2025
5,TOTTENVILLE,02 TWO FAMILY DWELLINGS,1,7911,24,,B2,N/A CHELSEA STREET,,10307,2,0,2,"3,800","2,384",2024,1,B2,"930,000",06/24/2025
5,TOTTENVILLE,02 TWO FAMILY DWELLINGS,1,7911,79,,B2,383 MAIN STREET,,10307,2,0,2,"3,800","2,250",1989,1,B2,0,08/06/2025
5,TOTTENVILLE,02 TWO FAMILY DWELLINGS,1,7913,69,,B2,147 CARTERET STREET,,10307,2,0,2,"6,500","2,950",1985,1,B2,0,10/06/2025
5,TOTTENVILLE,02 TWO FAMILY DWELLINGS,1,7916,36,,B2,68 SWINNERTON STREET,,10307,2,0,2,"6,510","2,806",1985,1,B2,"850,000",12/09/2025
5,TOTTENVILLE,02 TWO FAMILY DWELLINGS,1,7916,45,,B2,84 SWINNERTON STREET,,10307,2,0,2,"7,000","2,942",1980,1,B2,0,01/09/2026
5,TOTTENVILLE,02 TWO FAMILY DWELLINGS,1,7923,20,,B2,230 CARTERET STREET,,10307,2,0,2,"7,118","3,475",1992,1,B2,0,12/22/2025
5,TOTTENVILLE,02 TWO FAMILY DWELLINGS,1,7927,93,,B2,91 FINLAY STREET,,10307,2,0,2,"6,402","3,572",1988,1,B2,0,11/10/2025
5,TOTTENVILLE,02 TWO FAMILY DWELLINGS,1,7929,52,,B2,73 ASPINWALL STREET,,10307,2,0,2,"15,500","5,503",1985,1,B2,"1,936,000",01/16/2026
5,TOTTENVILLE,02 TWO FAMILY DWELLINGS,1,7929,58,,B2,61 ASPINWALL STREET,,10307,2,0,2,"10,600","3,870",2000,1,B2,"1,645,000",06/11/2025
5,TOTTENVILLE,02 TWO FAMILY DWELLINGS,1,7936,7,,B2,184 CONNECTICUT STREET,,10307,2,0,2,"6,000","3,000",1995,1,B2,"1,350,000",08/19/2025
5,TOTTENVILLE,02 TWO FAMILY DWELLINGS,1,7936,47,,B2,262 CONNECTICUT STREET,,10307,2,0,2,"6,100","3,400",1992,1,B2,0,12/15/2025
5,TOTTENVILLE,02 TWO FAMILY DWELLINGS,1,7966,70,,B2,46 SATTERLEE STREET,,10307,2,0,2,"3,060","1,568",1910,1,B2,0,05/06/2025
5,TOTTENVILLE,02 TWO FAMILY DWELLINGS,1,7997,28,,B2,60 MEAGAN LOOP,,10307,2,0,2,"3,430","2,000",2001,1,B2,10,07/18/2025
5,TOTTENVILLE,02 TWO FAMILY DWELLINGS,1,8001,40,,B2,5407 ARTHUR KILL ROAD,,10307,2,0,2,"6,005","2,440",2019,1,B2,"1,175,000",07/21/2025
5,TOTTENVILLE,02 TWO FAMILY DWELLINGS,1,8001,76,,B9,46 UTAH STREET,,10307,2,0,2,"1,130","1,680",1996,1,B9,0,07/15/2025
5,TOTTENVILLE,02 TWO FAMILY DWELLINGS,1,8002,7,,B2,327 ELLIS STREET,,10307,2,0,2,"5,950","2,647",2014,1,B2,0,07/01/2025
5,TOTTENVILLE,02 TWO FAMILY DWELLINGS,1,8002,12,,B2,307 ELLIS ST,,10307,2,0,2,"5,956","1,928",2013,1,B2,"885,000",12/15/2025
5,TOTTENVILLE,02 TWO FAMILY DWELLINGS,1,8003,10,,B2,5475C ARTHUR KILL ROAD,,10307,2,0,2,"8,504","2,746",2003,1,B2,"999,999",01/10/2026
5,TOTTENVILLE,02 TWO FAMILY DWELLINGS,1,8003,20,,B2,5457 ARTHUR KILL ROAD,,10307,2,0,2,"3,000","1,200",2003,1,B2,0,09/15/2025
5,TOTTENVILLE,02 TWO FAMILY DWELLINGS,1,8005,147,,B2,69 HOPPING AVENUE,,10307,2,0,2,"47,520","6,890",1955,1,B2,10,05/14/2025
5,TOTTENVILLE,02 TWO FAMILY DWELLINGS,1,8005,163,,B2,85 HOPPING AVENUE,,10307,2,0,2,"45,386","5,465",1945,1,B2,0,04/21/2025
5,TOTTENVILLE,02 TWO FAMILY DWELLINGS,1,8017,6,,B2,N/A NASHVILLE STREET,,10307,2,0,2,"3,802","2,534",2024,1,B2,"1,232,083",01/21/2026
5,TOTTENVILLE,02 TWO FAMILY DWELLINGS,1,8019,86,,B2,170 BREHAUT AVENUE,,10307,2,0,2,"5,720","2,855",2001,1,B2,"1,227,500",07/28/2025
5,TOTTENVILLE,02 TWO FAMILY DWELLINGS,1,8022,26,,B2,135 WOOD AVENUE,,10307,2,0,2,"6,300","2,120",1998,1,B2,0,12/01/2025
5,TOTTENVILLE,02 TWO FAMILY DWELLINGS,1,8024,79,,B2,164 LEE AVENUE,,10307,2,0,2,"5,650","2,520",1950,1,B2,"975,000",08/27/2025
5,TOTTENVILLE,02 TWO FAMILY DWELLINGS,1,8025,19,,B2,145 JOHNSON AVENUE,,10307,2,0,2,"12,000","2,586",1901,1,B2,0,05/06/2025
5,TOTTENVILLE,02 TWO FAMILY DWELLINGS,1,8025,22,,B2,139-141 JOHNSON AVENUE,,10307,2,0,2,"12,000","3,115",1901,1,B2,0,09/29/2025
5,TOTTENVILLE,02 TWO FAMILY DWELLINGS,1,8025,53,,B2,5362 ARTHUR KILL ROAD,,10307,2,0,2,"6,870","4,255",2004,1,B2,"1,250,000",10/08/2025
5,TOTTENVILLE,02 TWO FAMILY DWELLINGS,1,8026,107,,B2,112 JOHNSON AVENUE,,10307,2,0,2,"4,183","2,840",1901,1,B2,"777,500",01/14/2026
5,TOTTENVILLE,02 TWO FAMILY DWELLINGS,1,8028,19,,B2,N/A BUTLER AVENUE,,10307,2,0,2,"3,885","2,446",2025,1,B2,"1,221,900",10/16/2025
5,TOTTENVILLE,02 TWO FAMILY DWELLINGS,1,8028,21,,B2,137 BUTLER AVENUE,,10307,2,0,2,"3,858","2,446",2025,1,B2,"977,520",11/06/2025
5,TOTTENVILLE,02 TWO FAMILY DWELLINGS,1,8028,23,,B2,133 BUTLER AVENUE,,10307,2,0,2,"3,487","2,449",2025,1,B2,"1,058,980",11/06/2025
5,TOTTENVILLE,02 TWO FAMILY DWELLINGS,1,8033,30,,B2,98 HOPPING AVENUE,,10307,2,0,2,"10,380","2,056",1901,1,B2,0,04/09/2025
5,TOTTENVILLE,02 TWO FAMILY DWELLINGS,1,8033,56,,B3,110 PATTEN STREET,,10307,2,0,2,"3,600","2,864",1901,1,B3,0,04/21/2025
5,TOTTENVILLE,02 TWO FAMILY DWELLINGS,1,8033,79,,B2,595 CRAIG AVENUE,,10307,2,0,2,"8,600","2,616",1901,1,B2,0,08/05/2025
5,TOTTENVILLE,02 TWO FAMILY DWELLINGS,1,8034,70,,B2,10 SIMON COURT,,10307,2,0,2,"6,400","3,290",2001,1,B2,"975,000",05/07/2025
5,TOTTENVILLE,02 TWO FAMILY DWELLINGS,1,8034,92,,B2,23 FERGUSON COURT,,10307,2,0,2,"3,034","2,650",2000,1,B2,"1,049,000",05/28/2025
5,TOTTENVILLE,02 TWO FAMILY DWELLINGS,1,8034,104,,B2,24 FERGUSON COURT,,10307,2,0,2,"4,361","2,900",2000,1,B2,"999,000",11/21/2025
5,TOTTENVILLE,02 TWO FAMILY DWELLINGS,1,8035,50,,B2,6 HALE STREET,,10307,2,0,2,"4,750","2,700",2001,1,B2,"1,325,000",09/18/2025
5,TOTTENVILLE,02 TWO FAMILY DWELLINGS,1,8038,36,,B2,112 LENHART STREET,,10307,2,0,2,"3,772","3,130",2004,1,B2,"1,080,000",05/12/2025
5,TOTTENVILLE,02 TWO FAMILY DWELLINGS,1,8041,4,,B2,7239 AMBOY ROAD,,10307,2,0,2,"7,700","2,440",1915,1,B2,0,06/10/2025
5,TOTTENVILLE,02 TWO FAMILY DWELLINGS,1,8041,86,,B2,234 BREHAUT AVENUE,,10307,2,0,2,"8,250","3,056",2006,1,B2,0,09/08/2025
5,TOTTENVILLE,02 TWO FAMILY DWELLINGS,1,8041,100,,B2,256 BREHAUT AVENUE,,10307,2,0,2,"4,400","2,200",1998,1,B2,"995,000",01/22/2026
5,TOTTENVILLE,02 TWO FAMILY DWELLINGS,1,8043,65,,B2,234 CRAIG AVENUE,,10307,2,0,2,"11,554","2,404",1915,1,B2,0,11/17/2025
5,TOTTENVILLE,02 TWO FAMILY DWELLINGS,1,8045,6,,B3,7389 AMBOY ROAD,,10307,2,0,2,"7,680","2,337",1920,1,B3,0,12/18/2025
5,TOTTENVILLE,02 TWO FAMILY DWELLINGS,1,8045,49,,B2,195 YETMAN AVENUE,,10307,2,0,2,"7,280","1,824",1899,1,B2,"775,000",08/26/2025
5,TOTTENVILLE,02 TWO FAMILY DWELLINGS,1,8049,22,,B2,155 BENTLEY STREET,,10307,2,0,2,"5,602","2,728",2025,1,B2,"1,300,000",11/03/2025
5,TOTTENVILLE,02 TWO FAMILY DWELLINGS,1,8049,24,,B2,151 BENTLEY STREET,,10307,2,0,2,"5,890","2,728",2025,1,B2,"1,327,500",11/03/2025
5,TOTTENVILLE,04 TAX CLASS 1 CONDOS,1A,7860,1055,,R3,"221 WINDING WOODS LOOP, 55",55,10307,1,,1,,,1988,1,R3,"455,000",10/03/2025
5,TOTTENVILLE,04 TAX CLASS 1 CONDOS,1A,7860,1069,,R3,"175 WINDING WOODS LOOP, 69",69,10307,1,,1,,,1988,1,R3,"547,725",03/03/2026
5,TOTTENVILLE,04 TAX CLASS 1 CONDOS,1A,7860,1082,,R3,"207 WINDING WOODS LOOP, 82",82,10307,1,,1,,,1988,1,R3,"439,000",06/11/2025
5,TOTTENVILLE,04 TAX CLASS 1 CONDOS,1A,7860,1088,,R3,"110 SURFSIDE PLAZA, 88",88,10307,1,,1,,,1988,1,R3,"380,000",06/30/2025
5,TOTTENVILLE,04 TAX CLASS 1 CONDOS,1A,7860,1088,,R3,"110 SURFSIDE PLAZA, 88",88,10307,1,,1,,,1988,1,R3,"515,000",12/15/2025
5,TOTTENVILLE,04 TAX CLASS 1 CONDOS,1A,7860,1100,,R3,"156 SURFSIDE PLAZA, 100",100,10307,1,,1,,,1988,1,R3,"475,000",07/10/2025
5,TOTTENVILLE,05 TAX CLASS 1 VACANT LAND,1B,7775,174,,V0,43 OTTAVIO PROMENADE,,10307,0,0,0,"9,358",0,,1,V0,"1,020,000",02/11/2026
5,TOTTENVILLE,05 TAX CLASS 1 VACANT LAND,1B,7780,2,,V0,215 CLERMONT STREET,,10307,0,0,0,"11,404",0,,1,V0,"750,000",07/31/2025
5,TOTTENVILLE,05 TAX CLASS 1 VACANT LAND,1,7798,1,,A1,N/A AMBOY ROAD,,10307,1,0,1,"6,318",0,2025,1,V0,"315,000",10/09/2025
5,TOTTENVILLE,05 TAX CLASS 1 VACANT LAND,1B,7799,17,,V0,7080 AMBOY ROAD,,10307,0,0,0,"7,824",0,,1,V0,"500,000",07/29/2025
5,TOTTENVILLE,05 TAX CLASS 1 VACANT LAND,1B,7826,90,,V0,N/A BRUNO LANE,,10307,0,0,0,"18,962",0,,1,V0,0,12/10/2025
5,TOTTENVILLE,05 TAX CLASS 1 VACANT LAND,1,7867,19,,B2,80 SPRAGUE AVENUE,,10307,,,,,0,2025,1,V0,0,05/22/2025
5,TOTTENVILLE,05 TAX CLASS 1 VACANT LAND,1,7867,20,,B2,86 SPRAGUE AVENUE,,10307,,,,,0,2025,1,V0,0,05/22/2025
5,TOTTENVILLE,05 TAX CLASS 1 VACANT LAND,1B,7881,2,,V0,N/A MANHATTAN STREET,,10307,0,0,0,"2,500",0,,1,V0,0,05/16/2025
5,TOTTENVILLE,05 TAX CLASS 1 VACANT LAND,1,7889,79,,B2,411 YETMAN AVENUE,,10307,2,0,2,"4,240",0,2025,1,V0,0,10/27/2025
5,TOTTENVILLE,05 TAX CLASS 1 VACANT LAND,1,7889,81,,B2,N/A SLEIGHT AVENUE,,10307,2,0,2,"4,238",0,2025,1,V0,0,08/29/2025
5,TOTTENVILLE,05 TAX CLASS 1 VACANT LAND,1,7889,81,,B2,N/A YETMAN AVENUE,,10307,2,0,2,"4,238",0,2025,1,V0,"60,000",10/06/2025
5,TOTTENVILLE,05 TAX CLASS 1 VACANT LAND,1B,7889,81,,V0,N/A SLEIGHT AVENUE,,10307,0,0,0,"1,530",0,2025,1,V0,"1,325,000",05/13/2025
5,TOTTENVILLE,05 TAX CLASS 1 VACANT LAND,1,7889,82,,B2,N/A YETMAN AVENUE,,10307,2,0,2,"4,237",0,2025,1,V0,0,08/29/2025
5,TOTTENVILLE,05 TAX CLASS 1 VACANT LAND,1,7889,82,,B2,N/A YETMAN AVENUE,,10307,2,0,2,"4,237",0,2025,1,V0,"60,000",10/06/2025
5,TOTTENVILLE,05 TAX CLASS 1 VACANT LAND,1B,7889,82,,V0,N/A YETMAN AVENUE,,10307,0,0,0,"7,625",0,2025,1,V0,"1,325,000",05/13/2025
5,TOTTENVILLE,05 TAX CLASS 1 VACANT LAND,1B,7915,32,,V0,N/A MAIN STREET,,10307,0,0,0,"4,433",0,,1,V0,"500,000",01/20/2026
5,TOTTENVILLE,05 TAX CLASS 1 VACANT LAND,1B,7926,75,,V0,N/A ASPINWALL STREET,,10307,0,0,0,"2,925",0,,1,V0,0,08/08/2025
5,TOTTENVILLE,05 TAX CLASS 1 VACANT LAND,1B,8041,38,,V0,N/A BARNARD AVENUE,,10307,0,0,0,"4,025",0,,1,V0,"200,000",06/19/2025
5,TOTTENVILLE,06 TAX CLASS 1 - OTHER,1,7862,27,,Z0,656 ROCKAWAY STREET,,10307,0,0,0,"2,500",0,,1,Z0,"1,325,000",11/20/2025
5,TOTTENVILLE,07 RENTALS - WALKUP APARTMENTS,2A,8036,51,,C3,12 CRAIG AVENUE,,10307,4,0,4,"6,882","5,040",1931,2,C3,0,12/19/2025
5,TOTTENVILLE,21 OFFICE BUILDINGS,4,7999,28,,O2,5379 ARTHUR KILL ROAD,,10307,0,2,2,"3,960","3,948",1920,4,O2,0,10/30/2025
5,TOTTENVILLE,31 COMMERCIAL VACANT LAND,4,7991,39,,V1,N/A ELLIS STREET,,10307,0,0,0,"13,842",0,,4,V1,"200,000",04/28/2025
5,TOTTENVILLE,31 COMMERCIAL VACANT LAND,4,8045,1,,V1,N/A LEE AVENUE,,10307,0,0,0,"5,302",0,2024,4,V1,0,05/29/2025
5,TOTTENVILLE,31 COMMERCIAL VACANT LAND,4,8045,3,,V1,N/A AMBOY ROAD,,10307,0,0,0,"6,049",0,2024,4,V1,0,05/29/2025
5,TOTTENVILLE,31 COMMERCIAL VACANT LAND,4,8045,95,,V1,N/A LEE AVENUE,,10307,0,0,0,"5,189",0,2024,4,V1,0,05/29/2025
5,TRAVIS,01 ONE FAMILY DWELLINGS,1,2610,13,,A2,3880 VICTORY BOULEVARD,,10314,1,0,1,"6,371","1,144",1955,1,A2,"745,000",06/04/2025
5,TRAVIS,01 ONE FAMILY DWELLINGS,1,2610,107,,A5,131 RIDGEWAY AVENUE,,10314,1,0,1,"1,512","1,202",2004,1,A5,"390,390",07/31/2025
5,TRAVIS,01 ONE FAMILY DWELLINGS,1,2610,107,,A5,131 RIDGEWAY AVENUE,,10314,1,0,1,"1,512","1,202",2004,1,A5,"615,000",01/15/2026
5,TRAVIS,01 ONE FAMILY DWELLINGS,1,2610,116,,A5,53 CALVANICO LANE,,10314,1,0,1,"4,401","1,308",2004,1,A5,"712,400",01/22/2026
5,TRAVIS,01 ONE FAMILY DWELLINGS,1,2610,126,,A5,36 CALVANICO LANE,,10314,1,0,1,"2,170","1,202",2004,1,A5,"375,000",07/10/2025
5,TRAVIS,01 ONE FAMILY DWELLINGS,1,2610,265,,A2,124 RICHE AVENUE,,10314,1,0,1,"5,000","1,196",1955,1,A2,"760,000",12/15/2025
5,TRAVIS,01 ONE FAMILY DWELLINGS,1,2610,285,,A2,123 RICHE AVENUE,,10314,1,0,1,"5,000","1,196",1955,1,A2,0,07/08/2025
5,TRAVIS,01 ONE FAMILY DWELLINGS,1,2620,15,,A5,25 CHURCH AVENUE,,10314,1,0,1,"3,025","1,152",1975,1,A5,"650,000",05/28/2025
5,TRAVIS,01 ONE FAMILY DWELLINGS,1,2620,21,,A5,33 CHURCH AVENUE,,10314,1,0,1,"2,950","1,152",1975,1,A5,"675,000",10/24/2025
5,TRAVIS,01 ONE FAMILY DWELLINGS,1,2620,67,,A5,15 CHURCH AVENUE,,10314,1,0,1,"2,600","1,024",1975,1,A5,"685,000",01/06/2026
5,TRAVIS,01 ONE FAMILY DWELLINGS,1,2620,198,,A2,3900 VICTORY BOULEVARD,,10314,1,0,1,"2,925",921,1935,1,A2,"353,713",01/14/2026
5,TRAVIS,01 ONE FAMILY DWELLINGS,1,2620,383,,A5,53 SIMMONS LOOP,,10314,1,0,1,"2,208","1,240",1990,1,A5,0,09/24/2025
5,TRAVIS,01 ONE FAMILY DWELLINGS,1,2625,138,,A5,95 BURKE AVENUE,,10314,1,0,1,"2,483","1,450",2003,1,A5,"823,000",10/15/2025
5,TRAVIS,01 ONE FAMILY DWELLINGS,1,2625,141,,A5,87 BURKE AVENUE,,10314,1,0,1,"2,483","1,450",2003,1,A5,"720,888",06/11/2025
5,TRAVIS,01 ONE FAMILY DWELLINGS,1,2625,167,,A5,17 TEMPLE COURT,,10314,1,0,1,"1,430","1,348",1989,1,A5,"450,000",11/11/2025
5,TRAVIS,01 ONE FAMILY DWELLINGS,1,2628,7,,A1,152 BURKE AVENUE,,10314,1,0,1,"2,500","1,498",2015,1,A1,"800,000",02/11/2026
5,TRAVIS,01 ONE FAMILY DWELLINGS,1,2629,10,,A2,4070 VICTORY BOULEVARD,,10314,1,0,1,"10,353","1,240",1940,1,A2,"730,000",01/07/2026
5,TRAVIS,01 ONE FAMILY DWELLINGS,1,2631,15,,A5,44 MILDRED AVENUE,,10314,1,0,1,"3,742",960,1960,1,A5,"640,000",07/15/2025
5,TRAVIS,01 ONE FAMILY DWELLINGS,1,2633,1,,A2,52 WATSON AVENUE,,10314,1,0,1,"9,500",910,1935,1,A2,0,04/02/2025
5,TRAVIS,01 ONE FAMILY DWELLINGS,1,2634,29,,A5,130 WILD AVENUE,,10314,1,0,1,"2,500","1,584",2001,1,A5,0,10/17/2025
5,TRAVIS,01 ONE FAMILY DWELLINGS,1,2634,34,,A1,N/A WILD AVENUE,,10314,1,0,1,"2,530","1,514",2024,1,A1,"750,000",05/05/2025
5,TRAVIS,01 ONE FAMILY DWELLINGS,1,2634,45,,A5,193 MELVIN AVENUE,,10314,1,0,1,"2,100",924,1987,1,A5,0,10/09/2025
5,TRAVIS,01 ONE FAMILY DWELLINGS,1,2637,16,,A5,67 ALBERTA AVENUE,,10314,1,0,1,"2,500","1,176",1960,1,A5,0,05/19/2025
5,TRAVIS,01 ONE FAMILY DWELLINGS,1,2637,29,,A1,39 ALBERTA AVENUE,,10314,1,0,1,"2,850","1,644",2013,1,A1,"799,900",05/28/2025
5,TRAVIS,01 ONE FAMILY DWELLINGS,1,2641,24,,A1,246 MELVIN AVENUE,,10314,1,0,1,"5,000","1,940",1899,1,A1,"845,000",01/07/2026
5,TRAVIS,01 ONE FAMILY DWELLINGS,1,2641,64,,A1,153 ROSWELL AVENUE,,10314,1,0,1,"2,620","1,530",2012,1,A1,"838,000",01/07/2026
5,TRAVIS,01 ONE FAMILY DWELLINGS,1,2642,6,,A1,N/A WILD AVENUE,,10314,1,0,1,"3,739","1,814",2024,1,A1,"916,607",04/29/2025
5,TRAVIS,01 ONE FAMILY DWELLINGS,1,2642,7,,A1,N/A WILD AVENUE,,10305,1,0,1,"3,813","1,814",2024,1,A1,"916,424",06/30/2025
5,TRAVIS,01 ONE FAMILY DWELLINGS,1,2643,39,,A5,59 BERESFORD AVENUE,,10314,1,0,1,"2,240","1,350",2003,1,A5,"715,000",06/18/2025
5,TRAVIS,01 ONE FAMILY DWELLINGS,1,2770,48,,A1,N/A WILD AVENUE,,10314,1,0,1,"3,075","1,837",2025,1,A1,"864,494",11/20/2025
5,TRAVIS,01 ONE FAMILY DWELLINGS,1,2770,49,,A1,N/A WILD AVENUE,,10314,1,0,1,"3,075","1,837",2025,1,A1,"864,494",11/04/2025
5,TRAVIS,01 ONE FAMILY DWELLINGS,1,2770,62,,A1,52 WILD AVE,,10314,1,0,1,"2,500","1,440",2014,1,A1,"720,000",06/27/2025
5,TRAVIS,01 ONE FAMILY DWELLINGS,1,2770,68,,A5,66 WILD AVENUE,,10314,1,0,1,"2,200","1,480",1989,1,A5,"290,000",06/16/2025
5,TRAVIS,01 ONE FAMILY DWELLINGS,1,2772,23,,A5,14 PRICES LANE,,10314,1,0,1,"5,070","1,476",1965,1,A5,"755,000",08/25/2025
5,TRAVIS,01 ONE FAMILY DWELLINGS,1,2772,37,,A2,42 BURKE AVENUE,,10314,1,0,1,"9,600","1,020",1955,1,A2,"705,000",04/02/2025
5,TRAVIS,01 ONE FAMILY DWELLINGS,1,2774,90,,A1,49 BURKE AVENUE,,10314,1,0,1,"6,540","1,729",1960,1,A1,0,01/19/2026
5,TRAVIS,01 ONE FAMILY DWELLINGS,1,2776,21,,A5,165 CANNON AVENUE,,10314,1,0,1,"1,818","1,000",1990,1,A5,"690,000",10/24/2025
5,TRAVIS,01 ONE FAMILY DWELLINGS,1B,2776,89,,V0,129 CANNON AVENUE,,10306,0,0,0,"3,773",0,1901,1,A1,0,10/09/2025
5,TRAVIS,01 ONE FAMILY DWELLINGS,1,2780,77,,A1,39 CANNON AVE,,10314,1,0,1,"6,895","1,862",2017,1,A1,"880,000",09/16/2025
5,TRAVIS,01 ONE FAMILY DWELLINGS,1,2783,10,,A1,46 CANNON AVE,,10314,1,0,1,"2,982","1,944",2019,1,A1,"316,295",02/02/2026
5,TRAVIS,01 ONE FAMILY DWELLINGS,1,2783,50,,A1,3945 VICTORY BOULEVARD,,10314,1,0,1,"7,970","1,200",1899,1,A1,"650,000",12/09/2025
5,TRAVIS,01 ONE FAMILY DWELLINGS,1,2786,118,,A1,173 LATIMER AVENUE,,10314,1,0,1,"2,700","1,144",1901,1,A1,"420,000",06/26/2025
5,TRAVIS,02 TWO FAMILY DWELLINGS,1,2627,19,,B2,104 BURKE AVENUE,,10314,2,0,2,"2,500","1,984",2025,1,B2,"814,498",02/24/2026
5,TRAVIS,02 TWO FAMILY DWELLINGS,1,2627,20,,B2,106 BURKE AVENUE,,10314,2,0,2,"2,500","1,984",2025,1,B2,"799,326",03/03/2026
5,TRAVIS,02 TWO FAMILY DWELLINGS,1,2627,21,,B2,108 BURKE AVENUE,,10314,2,0,2,"2,500","1,984",2025,1,B2,"794,235",02/27/2026
5,TRAVIS,02 TWO FAMILY DWELLINGS,1,2627,64,,B3,19 SHELLEY AVENUE,,10314,2,0,2,"3,200","1,440",1901,1,B3,"767,920",12/23/2025
5,TRAVIS,02 TWO FAMILY DWELLINGS,1,2636,38,,S2,N/A VICTORY BOULEVARD,,10314,2,1,3,"2,750","2,880",2023,1,S2,0,07/01/2025
5,TRAVIS,02 TWO FAMILY DWELLINGS,1,2636,41,,S2,4128 VICTORY BLVD,,10314,2,1,3,"2,750","2,880",2023,1,S2,0,07/01/2025
5,TRAVIS,02 TWO FAMILY DWELLINGS,1,2642,22,,B9,118 ROSWELL AVENUE,,10314,2,0,2,"2,500","1,408",2000,1,B9,0,09/02/2025
5,TRAVIS,02 TWO FAMILY DWELLINGS,1,2642,80,,B9,117 ALBERTA AVENUE,,10314,2,0,2,"2,500","1,408",2000,1,B9,0,06/17/2025
5,TRAVIS,02 TWO FAMILY DWELLINGS,1,2774,26,,B2,106 CANNON AVENUE,,10314,2,0,2,"6,288","2,500",2006,1,B2,0,04/07/2025
5,TRAVIS,04 TAX CLASS 1 CONDOS,1A,2140,1005,,R3,261E SIGNS ROAD,,10314,1,,1,,,1983,1,R3,"570,000",09/09/2025
5,TRAVIS,04 TAX CLASS 1 CONDOS,1A,2140,1025,,R3,281C SIGNS ROAD,,10314,1,,1,,,1983,1,R3,"610,000",07/21/2025
5,TRAVIS,04 TAX CLASS 1 CONDOS,1A,2140,1073,,R3,225E SIGNS ROAD,,10314,1,,1,,,1983,1,R3,1,04/29/2025
5,TRAVIS,04 TAX CLASS 1 CONDOS,1A,2140,1097,,R3,180E DINSMORE STREET,,10314,1,,1,,,1983,1,R3,"615,000",12/01/2025
5,TRAVIS,04 TAX CLASS 1 CONDOS,1A,2140,1263,,R3,80A DINSMORE STREET,,10314,1,,1,,,1983,1,R3,"620,000",01/15/2026
5,TRAVIS,05 TAX CLASS 1 VACANT LAND,1,2770,50,,A1,N/A WILD AVENUE,,10314,1,0,1,"3,075",0,2025,1,V0,"864,494",10/21/2025
5,TRAVIS,05 TAX CLASS 1 VACANT LAND,1B,2772,36,,V0,N/A PRICES LANE,,10314,0,0,0,"3,151",0,,1,V0,0,09/09/2025
5,TRAVIS,05 TAX CLASS 1 VACANT LAND,1B,2772,36,,V0,N/A PRICES LANE,,10314,0,0,0,"3,151",0,,1,V0,"10,000",06/11/2025
5,TRAVIS,27 FACTORIES,4,2661,23,,F5,4352 VICTORY BOULEVARD,,10314,0,3,3,"21,403","26,201",1991,4,F5,"1,000",10/10/2025
5,TRAVIS,30 WAREHOUSES,4,2645,1,,E7,266 WILD AVENUE,,,0,1,1,"134,282","133,460",2019,4,E7,"45,438,280",01/22/2026
5,TRAVIS,30 WAREHOUSES,4,2705,68,,E1,443 WILD AVE,,10314,0,2,2,"2,500","2,568",2010,4,E1,"675,000",02/12/2026
5,TRAVIS,30 WAREHOUSES,4,2705,69,,E1,441 WILD AVE,,10314,0,2,2,"2,500","2,568",2010,4,E1,"675,000",02/12/2026
5,TRAVIS,30 WAREHOUSES,4,2705,140,,E1,385 WILD AVE,,10314,0,1,1,"25,570","15,480",1979,4,E1,0,08/04/2025
5,WEST NEW BRIGHTON,01 ONE FAMILY DWELLINGS,1,69,19,,A2,245 FILLMORE STREET,,10301,1,0,1,"4,600",988,1955,1,A2,"640,000",11/17/2025
5,WEST NEW BRIGHTON,01 ONE FAMILY DWELLINGS,1,69,55,,A2,238 VAN BUREN STREET,,10301,1,0,1,"4,488",988,1955,1,A2,"640,000",08/13/2025
5,WEST NEW BRIGHTON,01 ONE FAMILY DWELLINGS,1,91,106,,A1,243 PROSPECT AVENUE,,10301,1,0,1,"15,000","4,454",1901,1,A1,0,07/09/2025
5,WEST NEW BRIGHTON,01 ONE FAMILY DWELLINGS,1,91,140,,A1,30 CLINTON COURT,,10301,1,0,1,"7,770","2,257",1901,1,A1,"850,000",06/18/2025
5,WEST NEW BRIGHTON,01 ONE FAMILY DWELLINGS,1,93,52,,A1,35 ELLICOTT PLACE,,10301,1,0,1,"7,500","2,085",1901,1,A1,0,08/08/2025
5,WEST NEW BRIGHTON,01 ONE FAMILY DWELLINGS,1,95,29,,A3,176 ARNOLD STREET,,10301,1,0,1,"12,290","3,042",1901,1,A3,0,10/16/2025
5,WEST NEW BRIGHTON,01 ONE FAMILY DWELLINGS,1,101,57,,A1,44 WESTBURY AVENUE,,10301,1,0,1,"5,000","1,824",1950,1,A1,"995,000",02/05/2026
5,WEST NEW BRIGHTON,01 ONE FAMILY DWELLINGS,1,101,64,,A1,60 WESTBURY AVENUE,,10301,1,0,1,"6,000","2,336",1945,1,A1,"1,200,000",10/08/2025
5,WEST NEW BRIGHTON,01 ONE FAMILY DWELLINGS,1,101,86,,A1,15 WESTBURY AVENUE,,10301,1,0,1,"5,000","2,272",1920,1,A1,"1,050,000",07/03/2025
5,WEST NEW BRIGHTON,01 ONE FAMILY DWELLINGS,1,101,168,,A2,415 PROSPECT AVENUE,,10301,1,0,1,"6,000","1,451",1950,1,A2,0,07/21/2025
5,WEST NEW BRIGHTON,01 ONE FAMILY DWELLINGS,1,101,194,,A1,28 DEVON PLACE,,10301,1,0,1,"8,000","1,400",1950,1,A1,"938,000",08/18/2025
5,WEST NEW BRIGHTON,01 ONE FAMILY DWELLINGS,1,101,225,,A1,6 CALDERA PLACE,,10301,1,0,1,"6,368","2,688",1955,1,A1,"865,000",08/14/2025
5,WEST NEW BRIGHTON,01 ONE FAMILY DWELLINGS,1,101,337,,A1,400 PROSPECT AVENUE,,10301,1,0,1,"6,960","3,930",2016,1,A1,"1,900,000",05/08/2025
5,WEST NEW BRIGHTON,01 ONE FAMILY DWELLINGS,1,101,422,,A1,70 SPRINGHILL AVE,,10301,1,0,1,"6,000","2,340",1950,1,A1,"650,000",04/28/2025
5,WEST NEW BRIGHTON,01 ONE FAMILY DWELLINGS,1,101,448,,A1,48 CONYINGHAM AVENUE,,10301,1,0,1,"4,000","1,976",1935,1,A1,0,10/28/2025
5,WEST NEW BRIGHTON,01 ONE FAMILY DWELLINGS,1,101,450,,A1,50 CONYINGHAM AVENUE,,10301,1,0,1,"4,000","1,684",1935,1,A1,0,06/10/2025
5,WEST NEW BRIGHTON,01 ONE FAMILY DWELLINGS,1,101,469,,A1,88 CONYINGHAM AVENUE,,10301,1,0,1,"8,700","2,705",1930,1,A1,"880,000",05/29/2025
5,WEST NEW BRIGHTON,01 ONE FAMILY DWELLINGS,1,101,589,,A1,54 VALENCIA AVENUE,,10301,1,0,1,"4,000","1,716",1935,1,A1,0,02/09/2026
5,WEST NEW BRIGHTON,01 ONE FAMILY DWELLINGS,1,101,677,,A2,46 PENBROKE AVENUE,,10301,1,0,1,"5,000","1,470",1960,1,A2,0,12/08/2025
5,WEST NEW BRIGHTON,01 ONE FAMILY DWELLINGS,1,102,128,,A1,35 ROKEBY,,10310,1,0,1,"3,750","1,528",1935,1,A1,0,08/24/2025
5,WEST NEW BRIGHTON,01 ONE FAMILY DWELLINGS,1,102,156,,A1,46 ROKEBY PLACE,,10310,1,0,1,"3,750","1,556",1935,1,A1,"920,000",06/20/2025
5,WEST NEW BRIGHTON,01 ONE FAMILY DWELLINGS,1,102,159,,A1,42 ROKEBY PLACE,,10310,1,0,1,"3,750","2,114",1935,1,A1,0,11/14/2025
5,WEST NEW BRIGHTON,01 ONE FAMILY DWELLINGS,1,102,251,,A1,18 MOODY PLACE,,10310,1,0,1,"3,750","1,616",1935,1,A1,0,06/20/2025
5,WEST NEW BRIGHTON,01 ONE FAMILY DWELLINGS,1,125,77,,A2,328 STANLEY AVENUE,,10301,1,0,1,"8,016","1,296",1960,1,A2,"770,000",09/17/2025
5,WEST NEW BRIGHTON,01 ONE FAMILY DWELLINGS,1,128,5,,A1,147 SILVER LAKE ROAD,,10301,1,0,1,"2,332","1,134",1990,1,A1,0,02/02/2026
5,WEST NEW BRIGHTON,01 ONE FAMILY DWELLINGS,1,128,46,,A1,414 CASTLETON AVENUE,,10301,1,0,1,"3,115","1,290",1910,1,A1,"589,000",10/28/2025
5,WEST NEW BRIGHTON,01 ONE FAMILY DWELLINGS,1,130,59,,A1,111 RIDGEWOOD PLACE,,10301,1,0,1,"5,000","1,453",1925,1,A1,0,04/24/2025
5,WEST NEW BRIGHTON,01 ONE FAMILY DWELLINGS,1,131,86,,A1,33 RANDALL AVENUE,,10301,1,0,1,"6,120","1,706",1925,1,A1,0,05/29/2025
5,WEST NEW BRIGHTON,01 ONE FAMILY DWELLINGS,1,132,221,,A1,112 DELAFIELD AVENUE,,10301,1,0,1,"4,000","1,632",1925,1,A1,"810,000",12/02/2025
5,WEST NEW BRIGHTON,01 ONE FAMILY DWELLINGS,1,132,245,,A1,63 GREGG PLACE,,10301,1,0,1,"4,000","1,728",1925,1,A1,"890,000",05/28/2025
5,WEST NEW BRIGHTON,01 ONE FAMILY DWELLINGS,1,132,305,,A1,97 DELAFIELD AVENUE,,10301,1,0,1,"4,000","1,328",1950,1,A1,"896,500",05/28/2025
5,WEST NEW BRIGHTON,01 ONE FAMILY DWELLINGS,1,135,47,,A1,514 KISSEL AVENUE,,10301,1,0,1,"3,465","1,300",1925,1,A1,"720,000",06/09/2025
5,WEST NEW BRIGHTON,01 ONE FAMILY DWELLINGS,1,139,11,,A1,486 HENDERSON AVENUE,,10310,1,0,1,"3,200","1,694",1901,1,A1,"725,000",10/27/2025
5,WEST NEW BRIGHTON,01 ONE FAMILY DWELLINGS,1,140,17,,A1,15 ST AUSTINS PLACE,,10310,1,0,1,"9,075","2,604",1920,1,A1,"900,000",09/02/2025
5,WEST NEW BRIGHTON,01 ONE FAMILY DWELLINGS,1,143,34,,A1,430 BARD AVENUE,,10310,1,0,1,"6,000","1,920",1960,1,A1,"500,000",09/30/2025
5,WEST NEW BRIGHTON,01 ONE FAMILY DWELLINGS,1,147,2,,A1,244 DELAFIELD AVENUE,,10310,1,0,1,"5,500","1,440",1925,1,A1,"650,000",12/04/2025
5,WEST NEW BRIGHTON,01 ONE FAMILY DWELLINGS,1,152,73,,A1,285 OAKLAND AVENUE,,10310,1,0,1,"3,480","1,288",1930,1,A1,0,07/24/2025
5,WEST NEW BRIGHTON,01 ONE FAMILY DWELLINGS,1,152,101,,A1,229 OAKLAND AVENUE,,10310,1,0,1,"5,700","1,404",1920,1,A1,0,04/14/2025
5,WEST NEW BRIGHTON,01 ONE FAMILY DWELLINGS,1,152,101,,A1,229 OAKLAND AVENUE,,10310,1,0,1,"5,700","1,404",1920,1,A1,0,07/29/2025
5,WEST NEW BRIGHTON,01 ONE FAMILY DWELLINGS,1,152,101,,A1,229 OAKLAND AVENUE,,10310,1,0,1,"5,700","1,404",1920,1,A1,0,10/03/2025
5,WEST NEW BRIGHTON,01 ONE FAMILY DWELLINGS,1,154,74,,A1,371 PELTON AVENUE,,10310,1,0,1,"2,914","1,304",1925,1,A1,"595,000",06/26/2025
5,WEST NEW BRIGHTON,01 ONE FAMILY DWELLINGS,1,154,149,,A1,483 PELTON AVENUE,,10310,1,0,1,"3,003","1,221",1930,1,A1,0,06/18/2025
5,WEST NEW BRIGHTON,01 ONE FAMILY DWELLINGS,1,155,123,,A2,432 PELTON AVENUE,,10310,1,0,1,"4,600","1,035",1955,1,A2,"800,000",02/19/2026
5,WEST NEW BRIGHTON,01 ONE FAMILY DWELLINGS,1,155,125,,A2,438 PELTON AVENUE,,10310,1,0,1,"3,864",959,1955,1,A2,10,08/22/2025
5,WEST NEW BRIGHTON,01 ONE FAMILY DWELLINGS,1,156,29,,A5,498 DAVIS AVENUE,,10310,1,0,1,"2,000","1,536",1980,1,A5,"600,000",09/25/2025
5,WEST NEW BRIGHTON,01 ONE FAMILY DWELLINGS,1,157,64,,A5,92 BEMENT AVENUE,,10310,1,0,1,"3,200","1,230",1955,1,A5,0,07/23/2025
5,WEST NEW BRIGHTON,01 ONE FAMILY DWELLINGS,1,157,201,,A1,105 ELM STREET,,10310,1,0,1,"5,900","1,830",1910,1,A1,0,08/05/2025
5,WEST NEW BRIGHTON,01 ONE FAMILY DWELLINGS,1,158,49,,A1,51 NORTH BURGHER AVENUE,,10310,1,0,1,"5,500",968,1905,1,A1,"1,000",09/27/2025
5,WEST NEW BRIGHTON,01 ONE FAMILY DWELLINGS,1,158,62,,A1,29 NORTH BURGHER AVENUE,,10310,1,0,1,"2,825","1,337",1920,1,A1,"655,000",05/22/2025
5,WEST NEW BRIGHTON,01 ONE FAMILY DWELLINGS,1,158,78,,A5,84 ELM STREET,,10310,1,0,1,"3,503","1,280",1965,1,A5,"659,000",01/21/2026
5,WEST NEW BRIGHTON,01 ONE FAMILY DWELLINGS,1,158,138,,A2,139 NORTH BURGHER AVENUE,,10310,1,0,1,"3,768",840,1930,1,A2,0,07/10/2025
5,WEST NEW BRIGHTON,01 ONE FAMILY DWELLINGS,1,158,166,,A5,77 NORTH BURGHER AVENUE,,10310,1,0,1,"1,667",890,1949,1,A5,"226,000",01/23/2026
5,WEST NEW BRIGHTON,01 ONE FAMILY DWELLINGS,1,161,1,,A5,171 NORTH BURGHER AVENUE,,10310,1,0,1,"1,820","1,088",2004,1,A5,"635,000",05/30/2025
5,WEST NEW BRIGHTON,01 ONE FAMILY DWELLINGS,1,165,97,,A1,383 SHEFFIELD STREET,,10310,1,0,1,"2,500",715,1987,1,A1,0,06/26/2025
5,WEST NEW BRIGHTON,01 ONE FAMILY DWELLINGS,1,165,122,,A1,358 SHEFFIELD STREET,,10310,1,0,1,"5,040","1,270",1940,1,A1,"645,000",10/29/2025
5,WEST NEW BRIGHTON,01 ONE FAMILY DWELLINGS,1B,166,22,,V0,436 BEMENT AVENUE,,10310,0,0,0,"3,200",0,1930,1,A1,"994,000",07/23/2025
5,WEST NEW BRIGHTON,01 ONE FAMILY DWELLINGS,1,167,5,,A1,437 NORTH BURGHER AVENUE,,10310,1,0,1,"2,500","1,120",1920,1,A1,0,07/08/2025
5,WEST NEW BRIGHTON,01 ONE FAMILY DWELLINGS,1,173,49,,A5,117 CAMPBELL AVENUE,,10310,1,0,1,"2,447","1,848",2005,1,A5,0,01/12/2026
5,WEST NEW BRIGHTON,01 ONE FAMILY DWELLINGS,1,174,10,,A5,151 BROADWAY,,10310,1,0,1,"1,928","1,296",2000,1,A5,"545,000",05/20/2025
5,WEST NEW BRIGHTON,01 ONE FAMILY DWELLINGS,1,175,44,,A2,16 DOE PLACE,,10310,1,0,1,"2,500",864,1901,1,A2,"540,000",09/16/2025
5,WEST NEW BRIGHTON,01 ONE FAMILY DWELLINGS,1,175,45,,A1,14 DOE PLACE,,10310,1,0,1,"2,500","1,755",2025,1,A1,0,09/24/2025
5,WEST NEW BRIGHTON,01 ONE FAMILY DWELLINGS,1,176,25,,A5,36 WINEGAR LANE,,10310,1,0,1,"2,160","1,220",2003,1,A5,"400,000",09/26/2025
5,WEST NEW BRIGHTON,01 ONE FAMILY DWELLINGS,1,177,27,,A5,206 MARKET STREET,,10310,1,0,1,"1,688","1,701",1990,1,A5,"449,900",08/18/2025
5,WEST NEW BRIGHTON,01 ONE FAMILY DWELLINGS,1,180,66,,A2,25 SENECA STREET,,10310,1,0,1,"4,375","1,080",1965,1,A2,"600,000",06/30/2025
5,WEST NEW BRIGHTON,01 ONE FAMILY DWELLINGS,1,182,34,,A1,488 DELAFIELD AVENUE,,10310,1,0,1,"3,625","1,692",1915,1,A1,0,08/25/2025
5,WEST NEW BRIGHTON,01 ONE FAMILY DWELLINGS,1,182,35,,A1,486 DELAFIELD AVENUE,,10310,1,0,1,"5,365","1,231",1915,1,A1,"586,000",10/08/2025
5,WEST NEW BRIGHTON,01 ONE FAMILY DWELLINGS,1,187,13,,A5,35 ALASKA STREET,,10310,1,0,1,"1,358","1,008",2003,1,A5,"353,886",04/17/2025
5,WEST NEW BRIGHTON,01 ONE FAMILY DWELLINGS,1,187,13,,A5,35 ALASKA STREET,,10310,1,0,1,"1,358","1,008",2003,1,A5,"540,000",06/06/2025
5,WEST NEW BRIGHTON,01 ONE FAMILY DWELLINGS,1,187,125,,A1,25 TOMPKINS COURT,,10310,1,0,1,"1,950","1,105",1920,1,A1,"4,900,000",10/03/2025
5,WEST NEW BRIGHTON,01 ONE FAMILY DWELLINGS,1,188,57,,A1,32 ALASKA STREET,,10310,1,0,1,"3,404","1,650",1920,1,A1,0,06/16/2025
5,WEST NEW BRIGHTON,01 ONE FAMILY DWELLINGS,1,188,91,,A1,21 TRINITY PLACE,,10310,1,0,1,"3,750","2,000",1899,1,A1,0,09/18/2025
5,WEST NEW BRIGHTON,01 ONE FAMILY DWELLINGS,1,188,91,,A1,21 TRINITY PLACE,,10310,1,0,1,"3,750","2,000",1899,1,A1,"718,000",10/21/2025
5,WEST NEW BRIGHTON,01 ONE FAMILY DWELLINGS,1,196,34,,A1,123 ALASKA STREET,,10310,1,0,1,"2,425","1,140",1920,1,A1,"376,875",04/23/2025
5,WEST NEW BRIGHTON,01 ONE FAMILY DWELLINGS,1,197,17,,A1,77 BARKER STREET,,10310,1,0,1,"2,982","1,500",1899,1,A1,"585,000",01/15/2026
5,WEST NEW BRIGHTON,01 ONE FAMILY DWELLINGS,1,197,73,,A5,76 ALASKA STREET,,10310,1,0,1,"2,987","1,144",2003,1,A5,"450,000",10/03/2025
5,WEST NEW BRIGHTON,01 ONE FAMILY DWELLINGS,1,197,115,,A5,160 ALASKA STREET,,10310,1,0,1,"1,365","1,008",2003,1,A5,"510,000",09/30/2025
5,WEST NEW BRIGHTON,01 ONE FAMILY DWELLINGS,1,198,62,,A1,28 TRINITY PLACE,,10310,1,0,1,"6,000","2,096",1899,1,A1,"590,000",12/15/2025
5,WEST NEW BRIGHTON,01 ONE FAMILY DWELLINGS,1,198,238,,A1,10 TAYLOR COURT,,10310,1,0,1,"3,000","1,168",1934,1,A1,"549,000",06/27/2025
5,WEST NEW BRIGHTON,01 ONE FAMILY DWELLINGS,1,200,36,,A1,14 DONGAN STREET,,10310,1,0,1,"2,400","1,336",1910,1,A1,100,05/20/2025
5,WEST NEW BRIGHTON,01 ONE FAMILY DWELLINGS,1,201,21,,A1,157 CLOVE ROAD,,10310,1,0,1,"4,662","1,200",1940,1,A1,"492,900",05/12/2025
5,WEST NEW BRIGHTON,01 ONE FAMILY DWELLINGS,1,201,44,,A1,66 BODINE STREET,,10310,1,0,1,"3,869","1,440",1901,1,A1,"550,000",06/20/2025
5,WEST NEW BRIGHTON,01 ONE FAMILY DWELLINGS,1,201,49,,A1,78 BODINE STREET,,10310,1,0,1,"2,345","1,104",1910,1,A1,"450,000",06/17/2025
5,WEST NEW BRIGHTON,01 ONE FAMILY DWELLINGS,1,203,13,,A1,143 BODINE STREET,,10310,1,0,1,"3,068","1,556",1899,1,A1,"635,000",11/10/2025
5,WEST NEW BRIGHTON,01 ONE FAMILY DWELLINGS,1,203,15,,A1,137 BODINE STREET,,10310,1,0,1,"2,100","1,348",1899,1,A1,0,01/06/2026
5,WEST NEW BRIGHTON,01 ONE FAMILY DWELLINGS,1,205,46,,A1,194 CLOVE ROAD,,10310,1,0,1,"8,526","1,952",1899,1,A1,0,06/16/2025
5,WEST NEW BRIGHTON,01 ONE FAMILY DWELLINGS,1,207,90,,A5,31 GIACOMO LANE,,10310,1,0,1,945,"1,450",2006,1,A5,"513,000",09/10/2025
5,WEST NEW BRIGHTON,01 ONE FAMILY DWELLINGS,1,208,50,,S1,1082 CASTLETON AVENUE,,10310,1,1,2,"1,843","1,900",1920,1,S1,0,04/16/2025
5,WEST NEW BRIGHTON,01 ONE FAMILY DWELLINGS,1,208,65,,A1,32 WEST STREET,,10310,1,0,1,"3,500","1,039",1899,1,A1,"330,000",12/03/2025
5,WEST NEW BRIGHTON,01 ONE FAMILY DWELLINGS,1,210,53,,A2,26 ELIZABETH STREET,,10310,1,0,1,"6,400","1,215",1955,1,A2,0,12/09/2025
5,WEST NEW BRIGHTON,01 ONE FAMILY DWELLINGS,1,210,63,,A1,46 ELIZABETH STREET,,10310,1,0,1,"3,231","1,217",1915,1,A1,"390,000",01/30/2026
5,WEST NEW BRIGHTON,01 ONE FAMILY DWELLINGS,1,215,83,,S1,725 POST AVENUE,,10310,1,1,2,"5,200","2,360",1931,1,S1,0,05/16/2025
5,WEST NEW BRIGHTON,01 ONE FAMILY DWELLINGS,1,215,263,,S1,243 JEWETT AVENUE,,10302,1,1,2,"3,300","2,100",1940,1,S1,"740,000",06/18/2025
5,WEST NEW BRIGHTON,01 ONE FAMILY DWELLINGS,1,216,66,,A5,115 SENECA STREET,,10310,1,0,1,"1,890","1,340",1998,1,A5,0,09/06/2025
5,WEST NEW BRIGHTON,01 ONE FAMILY DWELLINGS,1,221,6,,A1,145 ROE STREET,,10310,1,0,1,"2,438","1,320",1920,1,A1,"585,000",10/14/2025
5,WEST NEW BRIGHTON,01 ONE FAMILY DWELLINGS,1,221,10,,A1,139 ROE STREET,,10310,1,0,1,"3,775","1,224",1910,1,A1,"675,000",07/14/2025
5,WEST NEW BRIGHTON,01 ONE FAMILY DWELLINGS,1,222,74,,A1,118 ROE STREET,,10310,1,0,1,"2,800","1,216",1910,1,A1,0,12/01/2025
5,WEST NEW BRIGHTON,01 ONE FAMILY DWELLINGS,1,223,101,,A5,332 TAYLOR STREET,,10310,1,0,1,"1,400","1,760",1991,1,A5,0,09/22/2025
5,WEST NEW BRIGHTON,01 ONE FAMILY DWELLINGS,1,224,27,,A5,17 RAYFIELD COURT,,10310,1,0,1,"1,050","1,350",1999,1,A5,0,01/24/2026
5,WEST NEW BRIGHTON,01 ONE FAMILY DWELLINGS,1,224,33,,A1,704 DELAFIELD AVENUE,,10310,1,0,1,"6,545","1,630",1899,1,A1,"765,000",01/30/2026
5,WEST NEW BRIGHTON,01 ONE FAMILY DWELLINGS,1,224,44,,A1,682 DELAFIELD AVENUE,,10310,1,0,1,"8,550","2,509",1899,1,A1,0,02/19/2026
5,WEST NEW BRIGHTON,01 ONE FAMILY DWELLINGS,1,225,26,,A1,264 MYRTLE AVE,,10310,1,0,1,"6,900","1,224",1901,1,A1,"775,000",07/11/2025
5,WEST NEW BRIGHTON,01 ONE FAMILY DWELLINGS,1,226,18,,A5,25 LYCEUM COURT,,10310,1,0,1,"2,037","1,176",2001,1,A5,"610,000",08/06/2025
5,WEST NEW BRIGHTON,01 ONE FAMILY DWELLINGS,1,226,117,,A5,68 LYCEUM COURT,,10310,1,0,1,"1,190","1,176",2001,1,A5,"525,000",09/17/2025
5,WEST NEW BRIGHTON,01 ONE FAMILY DWELLINGS,1,226,128,,A5,22 LYCEUM COURT,,10310,1,0,1,"1,050","1,176",2001,1,A5,"560,000",05/09/2025
5,WEST NEW BRIGHTON,01 ONE FAMILY DWELLINGS,1,227,175,,A5,63 FLOYD STREET,,10310,1,0,1,"1,400","1,173",1917,1,A5,0,04/30/2025
5,WEST NEW BRIGHTON,01 ONE FAMILY DWELLINGS,1,230,72,,A1,514 CLOVE ROAD,,10310,1,0,1,"4,100","1,920",1910,1,A1,"780,000",06/30/2025
5,WEST NEW BRIGHTON,01 ONE FAMILY DWELLINGS,1,232,56,,A1,833 DELAFIELD AVENUE,,10310,1,0,1,"3,500","1,420",1930,1,A1,"727,000",04/25/2025
5,WEST NEW BRIGHTON,01 ONE FAMILY DWELLINGS,1,232,58,,A1,835 DELAFIELD AVENUE,,10310,1,0,1,"3,700","2,032",1910,1,A1,0,12/11/2025
5,WEST NEW BRIGHTON,01 ONE FAMILY DWELLINGS,1,233,37,,A1,863 DELAFIELD AVENUE,,10310,1,0,1,"3,500","1,116",1920,1,A1,"759,999",05/16/2025
5,WEST NEW BRIGHTON,01 ONE FAMILY DWELLINGS,1,235,5,,A5,199 DUBOIS AVENUE,,10310,1,0,1,"2,463","1,401",1920,1,A5,0,05/01/2025
5,WEST NEW BRIGHTON,01 ONE FAMILY DWELLINGS,1,235,52,,A1,1121 FOREST AVENUE,,10310,1,0,1,"4,350","1,304",1920,1,A1,0,07/18/2025
5,WEST NEW BRIGHTON,01 ONE FAMILY DWELLINGS,1,237,6,,A1,119 DUBOIS AVENUE,,10310,1,0,1,"2,500","1,836",1899,1,A1,"736,450",10/07/2025
5,WEST NEW BRIGHTON,01 ONE FAMILY DWELLINGS,1,238,22,,A5,283 JEWETT AVENUE,,10302,1,0,1,"1,306","1,200",2001,1,A5,"540,000",11/19/2025
5,WEST NEW BRIGHTON,01 ONE FAMILY DWELLINGS,1,238,84,,A5,273B JEWETT AVENUE,,10302,1,0,1,"1,092","1,200",2001,1,A5,"535,000",07/11/2025
5,WEST NEW BRIGHTON,01 ONE FAMILY DWELLINGS,1,238,155,,A1,127 LLEWELLYN PLACE,,10310,1,0,1,"4,350","1,210",1925,1,A1,0,07/09/2025
5,WEST NEW BRIGHTON,01 ONE FAMILY DWELLINGS,1,238,249,,A5,371 JEWETT AVENUE,,10302,1,0,1,"2,981","1,300",2000,1,A5,"665,000",01/26/2026
5,WEST NEW BRIGHTON,02 TWO FAMILY DWELLINGS,1,69,47,,B2,250 VAN BUREN STREET,,10301,2,0,2,"3,500","2,692",1910,1,B2,0,06/19/2025
5,WEST NEW BRIGHTON,02 TWO FAMILY DWELLINGS,1,71,109,,B2,244 FILLMORE STREET,,10301,2,0,2,"2,500","1,892",1901,1,B2,"755,000",05/14/2025
5,WEST NEW BRIGHTON,02 TWO FAMILY DWELLINGS,1,71,114,,B2,230 FILLMORE STREET,,10301,2,0,2,"2,500","1,652",1901,1,B2,"680,000",02/17/2026
5,WEST NEW BRIGHTON,02 TWO FAMILY DWELLINGS,1,123,9,,B2,279 STANLEY AVE,,10301,2,0,2,"7,439","2,444",2024,1,B2,"1,323,725",12/19/2025
5,WEST NEW BRIGHTON,02 TWO FAMILY DWELLINGS,1,125,25,,B2,387 CASTLETON AVENUE,,10301,2,0,2,"4,400","2,000",1995,1,B2,"341,000",06/24/2025
5,WEST NEW BRIGHTON,02 TWO FAMILY DWELLINGS,1,125,51,,B2,435 CASTLETON AVENUE,,10301,2,0,2,"3,000","1,595",1901,1,B2,"711,000",02/11/2026
5,WEST NEW BRIGHTON,02 TWO FAMILY DWELLINGS,1,130,23,,B3,776 BRIGHTON AVENUE,,10301,2,0,2,"3,811",957,1930,1,B3,"573,500",12/11/2025
5,WEST NEW BRIGHTON,02 TWO FAMILY DWELLINGS,1,131,137,,B9,14 ELWOOD PLACE,,10301,2,0,2,"3,000","2,200",1980,1,B9,"815,000",05/06/2025
5,WEST NEW BRIGHTON,02 TWO FAMILY DWELLINGS,1,132,29,,B2,475 KISSEL AVENUE,,10301,2,0,2,"4,640","1,920",1920,1,B2,"285,000",11/21/2025
5,WEST NEW BRIGHTON,02 TWO FAMILY DWELLINGS,1,132,185,,B3,72 GREGG PLACE,,10301,2,0,2,"4,000","1,876",1925,1,B3,0,10/01/2025
5,WEST NEW BRIGHTON,02 TWO FAMILY DWELLINGS,1,132,185,,B3,72 GREGG PLACE,,10301,2,0,2,"4,000","1,876",1925,1,B3,"685,000",12/18/2025
5,WEST NEW BRIGHTON,02 TWO FAMILY DWELLINGS,1,132,429,,B3,47 HUNTER PLACE,,10301,2,0,2,"4,400","2,000",1940,1,B3,"925,000",04/11/2025
5,WEST NEW BRIGHTON,02 TWO FAMILY DWELLINGS,1,133,76,,B2,450 KISSEL AVENUE,,10301,2,0,2,"5,250","3,656",1935,1,B2,"975,000",04/30/2025
5,WEST NEW BRIGHTON,02 TWO FAMILY DWELLINGS,1,134,47,,B2,385 BARD AVENUE,,10310,2,0,2,"4,920","3,864",1910,1,B2,0,04/10/2025
5,WEST NEW BRIGHTON,02 TWO FAMILY DWELLINGS,1,134,62,,B2,354 HOYT AVENUE,,10301,2,0,2,"5,250","3,244",1910,1,B2,"890,000",01/21/2026
5,WEST NEW BRIGHTON,02 TWO FAMILY DWELLINGS,1,144,58,,B3,435 DAVIS AVENUE,,10310,2,0,2,"6,958","2,120",1915,1,B3,0,12/10/2025
5,WEST NEW BRIGHTON,02 TWO FAMILY DWELLINGS,1,148,16,,B2,132 NORTH MADA AVENUE,,10310,2,0,2,"5,600","2,080",1925,1,B2,0,05/05/2025
5,WEST NEW BRIGHTON,02 TWO FAMILY DWELLINGS,1,151,15,,B2,260 DAVIS AVENUE,,10310,2,0,2,"5,425","1,600",1920,1,B2,0,05/01/2025
5,WEST NEW BRIGHTON,02 TWO FAMILY DWELLINGS,1,153,37,,B2,432 DAVIS AVENUE,,10310,2,0,2,"4,000","2,688",1965,1,B2,0,09/11/2025
5,WEST NEW BRIGHTON,02 TWO FAMILY DWELLINGS,1,153,55,,B2,69 REGAN AVENUE,,10310,2,0,2,"2,000","1,520",1910,1,B2,0,06/12/2025
5,WEST NEW BRIGHTON,02 TWO FAMILY DWELLINGS,1,154,77,,B3,365 PELTON AVENUE,,10310,2,0,2,"2,914","1,160",1925,1,B3,0,09/23/2025
5,WEST NEW BRIGHTON,02 TWO FAMILY DWELLINGS,1,155,18,,B2,350 PELTON AVENUE,,10310,2,0,2,"3,135","1,636",1920,1,B2,"325,000",08/05/2025
5,WEST NEW BRIGHTON,02 TWO FAMILY DWELLINGS,1,157,199,,B9,109 ELM STREET,,10310,2,0,2,"2,808","1,696",1989,1,B9,"645,000",04/24/2025
5,WEST NEW BRIGHTON,02 TWO FAMILY DWELLINGS,1,158,42,,B9,70 ELM STREET,,10310,2,0,2,"2,055","1,215",2002,1,B9,"580,000",01/05/2026
5,WEST NEW BRIGHTON,02 TWO FAMILY DWELLINGS,1,159,53,,B3,274 OAKLAND AVENUE,,10310,2,0,2,"5,750","1,704",1920,1,B3,"446,300",09/03/2025
5,WEST NEW BRIGHTON,02 TWO FAMILY DWELLINGS,1,159,85,,B2,265 BEMENT AVENUE,,10310,2,0,2,"6,000","2,288",1965,1,B2,"840,000",05/01/2025
5,WEST NEW BRIGHTON,02 TWO FAMILY DWELLINGS,1,160,63,,B2,915 CASTLETON AVENUE,,10310,2,0,2,"4,500","2,796",1905,1,B2,0,08/26/2025
5,WEST NEW BRIGHTON,02 TWO FAMILY DWELLINGS,1,160,102,,B2,195 ELM STREET,,10310,2,0,2,"2,625","1,670",1910,1,B2,"350,000",07/11/2025
5,WEST NEW BRIGHTON,02 TWO FAMILY DWELLINGS,1,161,88,,B2,225 NORTH BURGHER AVENUE,,10310,2,0,2,"8,100","2,010",1920,1,B2,"749,000",02/19/2026
5,WEST NEW BRIGHTON,02 TWO FAMILY DWELLINGS,1,163,1,,B2,325 N BURGHER AVENUE,,10310,2,0,2,"4,250","1,935",1910,1,B2,"810,000",06/17/2025
5,WEST NEW BRIGHTON,02 TWO FAMILY DWELLINGS,1,164,124,,B3,453 BEMENT AVENUE,,10310,2,0,2,"5,400","2,456",1915,1,B3,0,10/14/2025
5,WEST NEW BRIGHTON,02 TWO FAMILY DWELLINGS,1,169,4,,B9,131 BROADWAY,,10310,2,0,2,"2,951","2,040",2008,1,B9,"700,000",06/06/2025
5,WEST NEW BRIGHTON,02 TWO FAMILY DWELLINGS,1,173,10,,B2,16 WAYNE STREET,,10310,2,0,2,"6,031","1,472",1899,1,B2,0,11/10/2025
5,WEST NEW BRIGHTON,02 TWO FAMILY DWELLINGS,1,173,10,,B2,16 WAYNE STREET,,10310,2,0,2,"6,031","1,472",1899,1,B2,0,02/08/2026
5,WEST NEW BRIGHTON,02 TWO FAMILY DWELLINGS,1,174,39,,B2,727 HENDERSON AVENUE,,10310,2,0,2,"3,500","1,650",1935,1,B2,"610,000",09/23/2025
5,WEST NEW BRIGHTON,02 TWO FAMILY DWELLINGS,1,177,19,,B2,222 MARKET STREET,,10310,2,0,2,"2,375","1,702",1920,1,B2,0,09/04/2025
5,WEST NEW BRIGHTON,02 TWO FAMILY DWELLINGS,1,177,20,,B9,218 MARKET STREET,,10310,2,0,2,"2,339","1,750",1999,1,B9,0,11/20/2025
5,WEST NEW BRIGHTON,02 TWO FAMILY DWELLINGS,1,178,64,,B2,33 SOUTH STREET,,10310,2,0,2,"3,800","1,320",1899,1,B2,"519,856",07/30/2025
5,WEST NEW BRIGHTON,02 TWO FAMILY DWELLINGS,1,179,72,,B2,421 CARY AVENUE,,10310,2,0,2,"3,400","1,928",1910,1,B2,"533,000",05/16/2025
5,WEST NEW BRIGHTON,02 TWO FAMILY DWELLINGS,1,179,74,,B2,423 CARY AVENUE,,10310,2,0,2,"3,500","2,682",1910,1,B2,0,06/10/2025
5,WEST NEW BRIGHTON,02 TWO FAMILY DWELLINGS,1,179,76,,B3,427 CARY AVENUE,,10310,2,0,2,"3,900","1,497",1910,1,B3,"600,000",06/05/2025
5,WEST NEW BRIGHTON,02 TWO FAMILY DWELLINGS,1,181,11,,B2,401 BROADWAY,,10310,2,0,2,"3,300","1,774",1940,1,B2,0,03/03/2026
5,WEST NEW BRIGHTON,02 TWO FAMILY DWELLINGS,1,181,19,,B9,58 SENECA STREET,,10310,2,0,2,"2,900","2,000",1931,1,B9,"750,000",10/09/2025
5,WEST NEW BRIGHTON,02 TWO FAMILY DWELLINGS,1,181,45,,B2,386 NORTH BURGHER AVENUE,,10310,2,0,2,"3,400","1,394",1940,1,B2,"705,000",12/08/2025
5,WEST NEW BRIGHTON,02 TWO FAMILY DWELLINGS,1,181,64,,B3,485 DELAFIELD AVENUE,,10310,2,0,2,"7,300","1,680",1940,1,B3,"650,000",10/09/2025
5,WEST NEW BRIGHTON,02 TWO FAMILY DWELLINGS,1,183,8,,B2,481 BROADWAY,,10310,2,0,2,"3,500","1,974",1920,1,B2,"799,000",10/20/2025
5,WEST NEW BRIGHTON,02 TWO FAMILY DWELLINGS,1,183,31,,B2,82 MYRTLE AVENUE,,10310,2,0,2,"11,250","2,408",1915,1,B2,0,10/30/2025
5,WEST NEW BRIGHTON,02 TWO FAMILY DWELLINGS,1,187,127,,B1,19 TOMPKINS COURT,,10310,2,0,2,"1,950","1,105",1901,1,B1,"360,000",07/16/2025
5,WEST NEW BRIGHTON,02 TWO FAMILY DWELLINGS,1,188,74,,B2,137 WOODRUFF LANE,,10310,2,0,2,"4,674","2,184",1899,1,B2,0,05/21/2025
5,WEST NEW BRIGHTON,02 TWO FAMILY DWELLINGS,1,198,1,,B3,173 TAYLOR STREET,,10310,2,0,2,"6,525","2,288",1899,1,B3,"750,000",04/30/2025
5,WEST NEW BRIGHTON,02 TWO FAMILY DWELLINGS,1,198,7,,B2,4A TAYLOR COURT,,10310,2,0,2,"3,139","2,026",2021,1,B2,0,05/26/2025
5,WEST NEW BRIGHTON,02 TWO FAMILY DWELLINGS,1,198,83,,B9,32 BARKER STREET,,10310,2,0,2,"3,000","1,445",2002,1,B9,0,09/19/2025
5,WEST NEW BRIGHTON,02 TWO FAMILY DWELLINGS,1,198,110,,B3,82 BARKER STREET,,10310,2,0,2,"6,720","1,844",1899,1,B3,0,02/20/2026
5,WEST NEW BRIGHTON,02 TWO FAMILY DWELLINGS,1,199,32,,B2,1756 RICHMOND TERRACE,,10310,2,0,2,"6,516","2,527",1901,1,B2,0,12/15/2025
5,WEST NEW BRIGHTON,02 TWO FAMILY DWELLINGS,1,199,32,,B2,1756 RICHMOND TERRACE,,10310,2,0,2,"6,516","2,527",1901,1,B2,"605,000",05/29/2025
5,WEST NEW BRIGHTON,02 TWO FAMILY DWELLINGS,1,200,70,,B2,49 DE GROOT PLACE,,10310,2,0,2,"5,600","2,056",1901,1,B2,0,07/07/2025
5,WEST NEW BRIGHTON,02 TWO FAMILY DWELLINGS,1,201,77,,B2,73 DE GROOT PLACE,,10310,2,0,2,"2,730","1,492",1920,1,B2,"425,000",04/10/2025
5,WEST NEW BRIGHTON,02 TWO FAMILY DWELLINGS,1,203,5,,B2,159 BODINE STREET,,10310,2,0,2,"2,875","2,260",1899,1,B2,"450,000",10/08/2025
5,WEST NEW BRIGHTON,02 TWO FAMILY DWELLINGS,1,206,22,,B9,304 BROADWAY,,10310,2,0,2,"1,200","2,139",1930,1,B9,"530,000",07/15/2025
5,WEST NEW BRIGHTON,02 TWO FAMILY DWELLINGS,1,209,35,,B2,25 ELIZABETH STREET,,10310,2,0,2,"4,480","3,040",1930,1,B2,"738,000",08/12/2025
5,WEST NEW BRIGHTON,02 TWO FAMILY DWELLINGS,1,211,17,,B3,227 TAYLOR STREET,,10310,2,0,2,"4,154","2,068",1925,1,B3,"650,000",04/24/2025
5,WEST NEW BRIGHTON,02 TWO FAMILY DWELLINGS,1,211,46,,B2,14 ROE STREET,,10310,2,0,2,"2,000","1,808",1920,1,B2,"253,500",02/12/2026
5,WEST NEW BRIGHTON,02 TWO FAMILY DWELLINGS,1,215,75,,B3,332 CLOVE ROAD,,10310,2,0,2,"2,565","2,000",1899,1,B3,"400,000",06/12/2025
5,WEST NEW BRIGHTON,02 TWO FAMILY DWELLINGS,1,215,127,,B2,781 POST AVENUE,,10310,2,0,2,"15,260","3,674",1899,1,B2,"916,425",05/30/2025
5,WEST NEW BRIGHTON,02 TWO FAMILY DWELLINGS,1,215,208,,B2,827 POST AVENUE,,10310,2,0,2,"10,904","2,600",1899,1,B2,"915,000",02/18/2026
5,WEST NEW BRIGHTON,02 TWO FAMILY DWELLINGS,1,216,62,,B2,107 SENECA STREET,,10310,2,0,2,"5,964","2,400",1899,1,B2,0,02/06/2026
5,WEST NEW BRIGHTON,02 TWO FAMILY DWELLINGS,1,217,47,,B2,410 BROADWAY,,10310,2,0,2,"5,000","1,924",1899,1,B2,0,06/17/2025
5,WEST NEW BRIGHTON,02 TWO FAMILY DWELLINGS,1,218,77,,B2,613 DELAFIELD AVENUE,,10310,2,0,2,"8,650","1,150",1899,1,B2,0,06/06/2025
5,WEST NEW BRIGHTON,02 TWO FAMILY DWELLINGS,1,221,87,,B2,657 DELAFIELD AVENUE,,10310,2,0,2,"7,439","1,704",1910,1,B2,"870,000",01/14/2026
5,WEST NEW BRIGHTON,02 TWO FAMILY DWELLINGS,1,223,6,,B2,N/A CLOVE ROAD,,10310,2,0,2,"5,021","2,508",2024,1,B2,"982,000",04/02/2025
5,WEST NEW BRIGHTON,02 TWO FAMILY DWELLINGS,1,223,7,,B2,437 CLOVE ROAD,,10310,2,0,2,"5,335","2,508",2024,1,B2,"1,109,893",04/21/2025
5,WEST NEW BRIGHTON,02 TWO FAMILY DWELLINGS,1,223,80,,B3,296 TAYLOR STREET,,10310,2,0,2,"9,522","2,616",1899,1,B3,0,04/23/2025
5,WEST NEW BRIGHTON,02 TWO FAMILY DWELLINGS,1,224,94,,B3,275 MYRTLE AVENUE,,10310,2,0,2,"4,970","1,120",1899,1,B3,0,02/12/2026
5,WEST NEW BRIGHTON,02 TWO FAMILY DWELLINGS,1,225,52,,S2,905 FOREST AVENUE,,10310,2,1,3,"4,255","2,340",1930,1,S2,0,01/23/2026
5,WEST NEW BRIGHTON,02 TWO FAMILY DWELLINGS,1,227,19,,B9,51 GREENLEAF AVENUE,,10310,2,0,2,"4,163","2,128",1930,1,B9,1,07/29/2025
5,WEST NEW BRIGHTON,02 TWO FAMILY DWELLINGS,1,227,68,,B9,730 POST AVENUE,,10310,2,0,2,"2,440","1,060",2002,1,B9,"580,000",07/21/2025
5,WEST NEW BRIGHTON,02 TWO FAMILY DWELLINGS,1,227,102,,B2,39 CORNELL AVENUE,,10310,2,0,2,"4,650","1,920",1930,1,B2,"700,000",08/21/2025
5,WEST NEW BRIGHTON,02 TWO FAMILY DWELLINGS,1,232,28,,B1,32 FLOYD STREET,,10310,2,0,2,"2,800","1,596",1955,1,B1,0,06/03/2025
5,WEST NEW BRIGHTON,02 TWO FAMILY DWELLINGS,1,232,28,,B1,32 FLOYD STREET,,10310,2,0,2,"2,800","1,596",1955,1,B1,"640,000",04/11/2025
5,WEST NEW BRIGHTON,02 TWO FAMILY DWELLINGS,1,232,59,,B2,837A DELAFIELD AVENUE,,10310,2,0,2,"3,300","2,172",2016,1,B2,"10,000",12/11/2025
5,WEST NEW BRIGHTON,02 TWO FAMILY DWELLINGS,1,238,71,,B9,20 HOLBERNT COURT,,10302,2,0,2,"4,935","2,250",1932,1,B9,0,02/18/2026
5,WEST NEW BRIGHTON,02 TWO FAMILY DWELLINGS,1,238,72,,B9,18 HOLBERNT COURT,,10302,2,0,2,"3,395","2,250",1932,1,B9,0,02/18/2026
5,WEST NEW BRIGHTON,02 TWO FAMILY DWELLINGS,1,238,122,,B2,176 DUBOIS AVENUE,,10310,2,0,2,"5,984","2,092",1920,1,B2,"850,000",01/12/2026
5,WEST NEW BRIGHTON,02 TWO FAMILY DWELLINGS,1,238,238,,B3,389 JEWETT AVENUE,,10302,2,0,2,"2,508","1,864",1930,1,B3,0,09/26/2025
5,WEST NEW BRIGHTON,04 TAX CLASS 1 CONDOS,1A,73,1003,,R3,"126Q CASSIDY PLACE, 103",103,10301,1,,1,,,1990,1,R3,"190,000",12/30/2025
5,WEST NEW BRIGHTON,04 TAX CLASS 1 CONDOS,1A,73,1018,,R3,"126H CASSIDY PLACE, 118",118,10301,1,,1,,,1990,1,R3,"390,000",11/19/2025
5,WEST NEW BRIGHTON,04 TAX CLASS 1 CONDOS,1A,230,1006,,R3,"490 CLOVE ROAD, 1D",1D,10310,1,,1,,,1990,1,R3,0,07/01/2025
5,WEST NEW BRIGHTON,04 TAX CLASS 1 CONDOS,1A,230,1018,,R3,"490 CLOVE ROAD, 2H",2H,10310,1,,1,,,1990,1,R3,0,10/22/2025
5,WEST NEW BRIGHTON,04 TAX CLASS 1 CONDOS,1A,230,1025,,R3,"490 CLOVE ROAD, 3G",3G,10310,1,,1,,,1990,1,R3,"275,000",06/27/2025
5,WEST NEW BRIGHTON,05 TAX CLASS 1 VACANT LAND,1B,101,90,,V0,N/A WESTBURY AVENUE,,10301,0,0,0,"5,000",0,,1,V0,"1,050,000",07/03/2025
5,WEST NEW BRIGHTON,05 TAX CLASS 1 VACANT LAND,1B,140,21,,V0,N/A ST AUSTINS PLACE,,10310,0,0,0,"3,017",0,,1,V0,"140,000",08/28/2025
5,WEST NEW BRIGHTON,05 TAX CLASS 1 VACANT LAND,1B,218,79,,V0,617 DELAFIELD AVENUE,,10310,0,0,0,"11,930",0,,1,V0,0,09/05/2025
5,WEST NEW BRIGHTON,07 RENTALS - WALKUP APARTMENTS,2A,158,75,,C3,78 ELM STREET,,10310,4,0,4,"5,600","2,924",1931,2,C3,0,08/06/2025
5,WEST NEW BRIGHTON,07 RENTALS - WALKUP APARTMENTS,2,169,1,,C1,60 NORTH BURGHER AVENUE,,10310,240,0,240,"411,694","236,523",2007,2,C1,10,09/15/2025
5,WEST NEW BRIGHTON,07 RENTALS - WALKUP APARTMENTS,2A,218,53,,C3,106 CAROLINE STREET,,10310,4,0,4,"5,600","2,900",1899,2,C3,0,06/04/2025
5,WEST NEW BRIGHTON,07 RENTALS - WALKUP APARTMENTS,2A,221,13,,C3,133 ROE STREET,,10310,4,0,4,"6,493","2,520",1910,2,C3,"929,662",02/12/2026
5,WEST NEW BRIGHTON,07 RENTALS - WALKUP APARTMENTS,2A,222,56,,C3,602 CARY AVENUE,,10310,4,0,4,"6,000","3,800",1933,2,C3,"1,075,000",09/11/2025
5,WEST NEW BRIGHTON,07 RENTALS - WALKUP APARTMENTS,2,235,47,,C7,136 GREENLEAF AVENUE,,10310,27,2,29,"17,300","22,800",1971,2,C7,"3,400,000",09/08/2025
5,WEST NEW BRIGHTON,07 RENTALS - WALKUP APARTMENTS,2A,238,73,,C3,12 HOLBERNT COURT,,10302,4,0,4,"9,896","4,500",1933,2,C3,0,09/25/2025
5,WEST NEW BRIGHTON,09 COOPS - WALKUP APARTMENTS,2,101,525,,C6,"521 CASTLETON AVENUE, 2E",,10301,,,,,,1950,2,C6,"295,000",11/04/2025
5,WEST NEW BRIGHTON,09 COOPS - WALKUP APARTMENTS,2,101,525,,C6,"525 CASTLETON AVENUE, 1C",,10301,,,,,,1950,2,C6,"150,000",12/18/2025
5,WEST NEW BRIGHTON,09 COOPS - WALKUP APARTMENTS,2,101,537,,C6,"545 CASTLETON AVENUE, 1D",,10301,,,,,,1950,2,C6,"200,000",09/30/2025
5,WEST NEW BRIGHTON,09 COOPS - WALKUP APARTMENTS,2,101,554,,C6,"585 CASTLETON AVENUE, 2B",,10301,,,,,,1950,2,C6,"225,000",05/28/2025
5,WEST NEW BRIGHTON,09 COOPS - WALKUP APARTMENTS,2,130,49,,C6,"245 FOREST AVENUE, 1A",,10301,,,,,,1968,2,C6,"2,000,000",12/04/2025
5,WEST NEW BRIGHTON,09 COOPS - WALKUP APARTMENTS,2,130,49,,C6,"245 FOREST AVENUE, 1B",,10301,,,,,,1968,2,C6,"1,000,000",12/04/2025
5,WEST NEW BRIGHTON,09 COOPS - WALKUP APARTMENTS,2,130,49,,C6,"245 FOREST AVENUE, 1B",,10301,,,,,,1968,2,C6,"2,000,000",12/04/2025
5,WEST NEW BRIGHTON,09 COOPS - WALKUP APARTMENTS,2,130,49,,C6,"245 FOREST AVENUE, 1C",,10301,,,,,,1968,2,C6,"1,000,000",12/04/2025
5,WEST NEW BRIGHTON,09 COOPS - WALKUP APARTMENTS,2,130,49,,C6,"245 FOREST AVENUE, 1C",,10301,,,,,,1968,2,C6,"2,000,000",12/04/2025
5,WEST NEW BRIGHTON,09 COOPS - WALKUP APARTMENTS,2,130,49,,C6,"245 FOREST AVENUE, 2A",,10301,,,,,,1968,2,C6,"1,000,000",12/04/2025
5,WEST NEW BRIGHTON,09 COOPS - WALKUP APARTMENTS,2,130,49,,C6,"245 FOREST AVENUE, 2A",,10301,,,,,,1968,2,C6,"2,000,000",12/04/2025
5,WEST NEW BRIGHTON,09 COOPS - WALKUP APARTMENTS,2,130,49,,C6,"245 FOREST AVENUE, 2B",,10301,,,,,,1968,2,C6,"1,000,000",12/04/2025
5,WEST NEW BRIGHTON,09 COOPS - WALKUP APARTMENTS,2,130,49,,C6,"245 FOREST AVENUE, 2B",,10301,,,,,,1968,2,C6,"2,000,000",12/04/2025
5,WEST NEW BRIGHTON,09 COOPS - WALKUP APARTMENTS,2,130,49,,C6,"245 FOREST AVENUE, 2C",,10301,,,,,,1968,2,C6,"1,000,000",12/04/2025
5,WEST NEW BRIGHTON,09 COOPS - WALKUP APARTMENTS,2,130,49,,C6,"245 FOREST AVENUE, 2C",,10301,,,,,,1968,2,C6,"2,000,000",12/04/2025
5,WEST NEW BRIGHTON,09 COOPS - WALKUP APARTMENTS,2,130,49,,C6,"245 FOREST AVENUE, 2D",,10301,,,,,,1968,2,C6,"1,000,000",12/04/2025
5,WEST NEW BRIGHTON,09 COOPS - WALKUP APARTMENTS,2,130,49,,C6,"245 FOREST AVENUE, 2D",,10301,,,,,,1968,2,C6,"2,000,000",12/04/2025
5,WEST NEW BRIGHTON,09 COOPS - WALKUP APARTMENTS,2,130,49,,C6,"245 FOREST AVENUE, 2E",,10301,,,,,,1968,2,C6,"1,000,000",12/04/2025
5,WEST NEW BRIGHTON,09 COOPS - WALKUP APARTMENTS,2,130,49,,C6,"245 FOREST AVENUE, 2E",,10301,,,,,,1968,2,C6,"2,000,000",12/04/2025
5,WEST NEW BRIGHTON,09 COOPS - WALKUP APARTMENTS,2,130,49,,C6,"245 FOREST AVENUE, 3A",,10301,,,,,,1968,2,C6,"1,000,000",12/04/2025
5,WEST NEW BRIGHTON,09 COOPS - WALKUP APARTMENTS,2,130,49,,C6,"245 FOREST AVENUE, 3A",,10301,,,,,,1968,2,C6,"2,000,000",12/04/2025
5,WEST NEW BRIGHTON,09 COOPS - WALKUP APARTMENTS,2,130,49,,C6,"245 FOREST AVENUE, 3B",,10301,,,,,,1968,2,C6,"1,000,000",12/04/2025
5,WEST NEW BRIGHTON,09 COOPS - WALKUP APARTMENTS,2,130,49,,C6,"245 FOREST AVENUE, 3B",,10301,,,,,,1968,2,C6,"2,000,000",12/04/2025
5,WEST NEW BRIGHTON,09 COOPS - WALKUP APARTMENTS,2,130,49,,C6,"245 FOREST AVENUE, 3C",,10301,,,,,,1968,2,C6,"1,000,000",12/04/2025
5,WEST NEW BRIGHTON,09 COOPS - WALKUP APARTMENTS,2,130,49,,C6,"245 FOREST AVENUE, 3C",,10301,,,,,,1968,2,C6,"2,000,000",12/04/2025
5,WEST NEW BRIGHTON,09 COOPS - WALKUP APARTMENTS,2,130,49,,C6,"245 FOREST AVENUE, 3D",,10301,,,,,,1968,2,C6,"1,000,000",12/04/2025
5,WEST NEW BRIGHTON,09 COOPS - WALKUP APARTMENTS,2,130,49,,C6,"245 FOREST AVENUE, 3D",,10301,,,,,,1968,2,C6,"2,000,000",12/04/2025
5,WEST NEW BRIGHTON,09 COOPS - WALKUP APARTMENTS,2,130,49,,C6,"245 FOREST AVENUE, 3E",,10301,,,,,,1968,2,C6,"1,000,000",12/04/2025
5,WEST NEW BRIGHTON,09 COOPS - WALKUP APARTMENTS,2,130,49,,C6,"245 FOREST AVENUE, 3E",,10301,,,,,,1968,2,C6,"2,000,000",12/04/2025
5,WEST NEW BRIGHTON,14 RENTALS - 4-10 UNIT,2A,151,76,,S4,821 CASTLETON AVENUE,,10310,4,1,5,"6,694","4,000",1930,2,S4,0,06/24/2025
5,WEST NEW BRIGHTON,14 RENTALS - 4-10 UNIT,2A,151,78,,S3,823 CASTLETON AVENUE,,10310,3,1,4,"5,244","4,224",1930,2,S3,0,06/24/2025
5,WEST NEW BRIGHTON,14 RENTALS - 4-10 UNIT,2A,229,31,,S9,450 CLOVE ROAD,,10310,2,2,4,"4,180","2,700",1930,2,S9,"990,000",12/22/2025
5,WEST NEW BRIGHTON,15 CONDOS - 2-10 UNIT RESIDENTIAL,2C,235,1004,,R1,"1131 FOREST AVENUE, 2B",2B,10310,1,,1,,,2021,2,R1,"490,000",11/03/2025
5,WEST NEW BRIGHTON,22 STORE BUILDINGS,4,69,107,,K4,772 RICHMOND TERRACE,,10301,2,3,5,"5,110","3,765",1899,4,K4,"1,100,000",04/03/2025
5,WEST NEW BRIGHTON,22 STORE BUILDINGS,4,139,1,,K1,506-508 HENDERSON AVE,,10310,0,1,1,"2,470","1,600",1930,4,K1,"435,000",07/02/2025
5,WEST NEW BRIGHTON,22 STORE BUILDINGS,4,139,5,,K1,498 HENDERSON AVENUE,,10310,0,1,1,"2,929","1,595",1930,4,K1,"640,000",04/15/2025
5,WEST NEW BRIGHTON,22 STORE BUILDINGS,4,211,32,,K7,1214 CASTLETON AVENUE,,10310,0,2,2,"15,000","11,990",1931,4,K7,"1,930,000",12/23/2025
5,WEST NEW BRIGHTON,27 FACTORIES,4,187,158,,F5,34 VAN STREET,,10310,0,1,1,"11,613","9,769",1981,4,F5,"4,900,000",10/03/2025
5,WEST NEW BRIGHTON,29 COMMERCIAL GARAGES,4,185,501,,G1,1893 RICHMOND TERRACE,,10302,0,1,1,"61,140","38,000",1936,4,G1,"6,175,000",10/10/2025
5,WEST NEW BRIGHTON,29 COMMERCIAL GARAGES,4,211,24,,G7,N/A TAYLOR STREET,,10310,0,0,0,"22,174",0,,4,G7,"1,930,000",12/23/2025
5,WEST NEW BRIGHTON,30 WAREHOUSES,4,69,89,,E2,249 VAN BUREN STREET,,10301,0,1,1,"2,058","2,203",2018,4,E2,0,04/03/2025
5,WEST NEW BRIGHTON,30 WAREHOUSES,4,186,33,,E1,5 BARRETT LANE,,10310,0,1,1,"5,998","3,500",1931,4,E1,"4,900,000",10/03/2025
5,WEST NEW BRIGHTON,30 WAREHOUSES,4,187,85,,E1,56 TOMPKINS COURT,,10310,0,1,1,"9,067","2,910",1960,4,E1,"4,900,000",10/03/2025
5,WEST NEW BRIGHTON,30 WAREHOUSES,4,187,152,,E1,22 VAN STREET,,10310,0,2,2,"10,053","6,741",1952,4,E1,"4,900,000",10/03/2025
5,WEST NEW BRIGHTON,31 COMMERCIAL VACANT LAND,4,229,29,,V1,N/A CLOVE ROAD,,10310,0,0,0,"3,575",0,,4,V1,"990,000",12/22/2025
5,WEST NEW BRIGHTON,41 TAX CLASS 4 - OTHER,4,186,30,,Z9,N/A RICHMOND TERRACE,,10310,0,0,0,"7,627",0,,4,Z9,"430,000",10/03/2025
5,WESTERLEIGH,01 ONE FAMILY DWELLINGS,1,387,14,,A1,33 VELTMAN AVENUE,,10302,1,0,1,"2,175","1,096",1935,1,A1,"699,000",02/05/2026
5,WESTERLEIGH,01 ONE FAMILY DWELLINGS,1,389,55,,A1,90 VELTMAN AVENUE,,10302,1,0,1,"3,498","1,248",1920,1,A1,0,05/14/2025
5,WESTERLEIGH,01 ONE FAMILY DWELLINGS,1,389,82,,A2,109 BURNSIDE AVENUE,,10302,1,0,1,"5,000","1,170",1950,1,A2,"791,000",06/26/2025
5,WESTERLEIGH,01 ONE FAMILY DWELLINGS,1,389,102,,A2,75 BURNSIDE AVENUE,,10302,1,0,1,"5,300","1,232",1950,1,A2,0,11/21/2025
5,WESTERLEIGH,01 ONE FAMILY DWELLINGS,1,389,111,,A1,57 BURNSIDE AVENUE,,10302,1,0,1,"3,604","1,240",1920,1,A1,"675,000",10/23/2025
5,WESTERLEIGH,01 ONE FAMILY DWELLINGS,1,389,120,,A1,41 BURNSIDE AVENUE,,10302,1,0,1,"3,180","1,472",1920,1,A1,0,01/30/2026
5,WESTERLEIGH,01 ONE FAMILY DWELLINGS,1,389,123,,A1,37 BURNSIDE AVENUE,,10302,1,0,1,"3,180","1,432",1920,1,A1,0,01/23/2026
5,WESTERLEIGH,01 ONE FAMILY DWELLINGS,1,389,125,,A1,35 BURNSIDE AVENUE,,10302,1,0,1,"3,180","1,472",1920,1,A1,"659,200",04/29/2025
5,WESTERLEIGH,01 ONE FAMILY DWELLINGS,1,390,43,,A1,76 BURNSIDE AVENUE,,10302,1,0,1,"3,033","1,376",1920,1,A1,0,05/02/2025
5,WESTERLEIGH,01 ONE FAMILY DWELLINGS,1,391,78,,A1,349 COLLEGE AVENUE,,10314,1,0,1,"2,340","1,480",1940,1,A1,"845,000",12/23/2025
5,WESTERLEIGH,01 ONE FAMILY DWELLINGS,1,391,241,,A1,30 NEAL DOW AVENUE,,10314,1,0,1,"3,500","1,208",1940,1,A1,0,06/12/2025
5,WESTERLEIGH,01 ONE FAMILY DWELLINGS,1,391,329,,A0,25 MARIANNE STREET,,10302,1,0,1,"4,760","1,259",1930,1,A0,0,08/08/2025
5,WESTERLEIGH,01 ONE FAMILY DWELLINGS,1,391,348,,A0,40 NORTH AVENUE,,10302,1,0,1,"6,768",840,1955,1,A0,"655,000",01/21/2026
5,WESTERLEIGH,01 ONE FAMILY DWELLINGS,1,391,388,,A2,73 LIVERMORE AVENUE,,10302,1,0,1,"4,000","1,196",1955,1,A2,0,06/03/2025
5,WESTERLEIGH,01 ONE FAMILY DWELLINGS,1,392,52,,A1,11 ST. ANTHONY PLACE,,10302,1,0,1,"2,500","1,152",1920,1,A1,"665,000",07/03/2025
5,WESTERLEIGH,01 ONE FAMILY DWELLINGS,1,393,32,,A1,15 CLARK PLACE,,10302,1,0,1,"3,255","1,248",1920,1,A1,"708,000",04/18/2025
5,WESTERLEIGH,01 ONE FAMILY DWELLINGS,1,394,35,,A1,22 MARIANNE STREET,,10302,1,0,1,"2,576","1,101",1920,1,A1,"605,000",10/17/2025
5,WESTERLEIGH,01 ONE FAMILY DWELLINGS,1,394,72,,A1,545 COLLEGE AVENUE,,10302,1,0,1,"5,360","1,620",1955,1,A1,0,11/03/2025
5,WESTERLEIGH,01 ONE FAMILY DWELLINGS,1,394,74,,A0,551 COLLEGE AVENUE,,10302,1,0,1,"5,760","1,318",1955,1,A0,0,11/18/2025
5,WESTERLEIGH,01 ONE FAMILY DWELLINGS,1,394,90,,A2,43 GALLOWAY AVENUE,,10302,1,0,1,"4,800","1,196",1970,1,A2,0,03/06/2026
5,WESTERLEIGH,01 ONE FAMILY DWELLINGS,1,398,7,,A1,73 THE BOULEVARD,,10314,1,0,1,"2,640",969,1920,1,A1,"85,000",08/27/2025
5,WESTERLEIGH,01 ONE FAMILY DWELLINGS,1,399,11,,A1,390 COLLEGE AVENUE,,10314,1,0,1,"3,375","1,176",1925,1,A1,0,07/01/2025
5,WESTERLEIGH,01 ONE FAMILY DWELLINGS,1,403,28,,A1,172 CLINTON B FISKE AVENUE,,10314,1,0,1,"2,812","1,596",1915,1,A1,0,11/11/2025
5,WESTERLEIGH,01 ONE FAMILY DWELLINGS,1,404,17,,A1,133 LATHROP AVENUE,,10314,1,0,1,"3,150","1,404",1925,1,A1,0,10/09/2025
5,WESTERLEIGH,01 ONE FAMILY DWELLINGS,1,406,20,,A2,116 BIDWELL AVENUE,,10314,1,0,1,"3,080","1,038",1930,1,A2,"324,480",10/28/2025
5,WESTERLEIGH,01 ONE FAMILY DWELLINGS,1,406,20,,A2,116 BIDWELL AVENUE,,10314,1,0,1,"3,080","1,038",1930,1,A2,"525,000",01/16/2026
5,WESTERLEIGH,01 ONE FAMILY DWELLINGS,1,407,18,,A0,149 BIDWELL AVENUE,,10314,1,0,1,"3,000","1,182",1955,1,A0,0,06/03/2025
5,WESTERLEIGH,01 ONE FAMILY DWELLINGS,1,412,15,,A0,120 DICKIE AVENUE,,10314,1,0,1,"3,360",975,1950,1,A0,"700,000",04/17/2025
5,WESTERLEIGH,01 ONE FAMILY DWELLINGS,1,413,1,,A0,431 MAINE AVENUE,,10314,1,0,1,"3,600",900,1955,1,A0,0,12/19/2025
5,WESTERLEIGH,01 ONE FAMILY DWELLINGS,1,418,21,,A1,172 DICKIE AVENUE,,10314,1,0,1,"3,360","1,456",1925,1,A1,0,08/14/2025
5,WESTERLEIGH,01 ONE FAMILY DWELLINGS,1,418,29,,A1,184 DICKIE AVENUE,,10314,1,0,1,"2,940","1,272",1925,1,A1,"795,000",01/23/2026
5,WESTERLEIGH,01 ONE FAMILY DWELLINGS,1,419,7,,A0,177 WOOLLEY AVENUE,,10314,1,0,1,"3,600",878,1950,1,A0,"745,000",09/05/2025
5,WESTERLEIGH,01 ONE FAMILY DWELLINGS,1,428,15,,A1,275 DEEMS AVENUE,,10314,1,0,1,"3,000",948,1920,1,A1,0,09/25/2025
5,WESTERLEIGH,01 ONE FAMILY DWELLINGS,1,430,6,,A0,307 CLINTON B FISK AVE,,10314,1,0,1,"3,000","1,080",1960,1,A0,"759,000",01/15/2026
5,WESTERLEIGH,01 ONE FAMILY DWELLINGS,1,432,1,,A1,221 ST JOHN AVE,,10314,1,0,1,"6,000","1,162",1915,1,A1,"735,000",08/06/2025
5,WESTERLEIGH,01 ONE FAMILY DWELLINGS,1,435,7,,A1,251 ST JOHN AVENUE,,10314,1,0,1,"3,000","1,640",1915,1,A1,"692,500",10/15/2025
5,WESTERLEIGH,01 ONE FAMILY DWELLINGS,1,438,10,,A1,299 ST JOHN AVENUE,,10314,1,0,1,"4,500","2,032",1930,1,A1,"475,000",12/18/2025
5,WESTERLEIGH,01 ONE FAMILY DWELLINGS,1,438,20,,A0,279 ST JOHN AVENUE,,10314,1,0,1,"3,000","1,190",1930,1,A0,"740,000",12/04/2025
5,WESTERLEIGH,01 ONE FAMILY DWELLINGS,1,438,32,,A1,282 WILLARD AVENUE,,10314,1,0,1,"7,500","2,221",1930,1,A1,"1,100,000",02/09/2026
5,WESTERLEIGH,01 ONE FAMILY DWELLINGS,1,440,5,,A1,217 DEMOREST AVENUE,,10314,1,0,1,"3,000","1,868",1920,1,A1,0,05/03/2025
5,WESTERLEIGH,01 ONE FAMILY DWELLINGS,1,440,5,,A1,217 DEMOREST AVENUE,,10314,1,0,1,"3,000","1,868",1920,1,A1,0,10/01/2025
5,WESTERLEIGH,01 ONE FAMILY DWELLINGS,1,442,7,,A1,213 DICKIE AVENUE,,10314,1,0,1,"3,000","1,886",1920,1,A1,0,08/13/2025
5,WESTERLEIGH,01 ONE FAMILY DWELLINGS,1,442,29,,A1,224 BIDWELL AVENUE,,10314,1,0,1,"3,000","1,171",1920,1,A1,"600,000",05/15/2025
5,WESTERLEIGH,01 ONE FAMILY DWELLINGS,1,443,23,,A1,256 NEAL DOW AVENUE,,10314,1,0,1,"3,000","1,328",1920,1,A1,0,06/03/2025
5,WESTERLEIGH,01 ONE FAMILY DWELLINGS,1,444,5,,A2,265 BIDWELL AVENUE,,10314,1,0,1,"3,000",770,1955,1,A2,10,05/19/2025
5,WESTERLEIGH,01 ONE FAMILY DWELLINGS,1,445,7,,A2,249 DICKIE AVENUE,,10314,1,0,1,"3,000",768,1945,1,A2,"537,500",11/06/2025
5,WESTERLEIGH,01 ONE FAMILY DWELLINGS,1,445,11,,A1,241 DICKIE AVENUE,,10314,1,0,1,"4,780","1,176",1920,1,A1,"650,000",06/10/2025
5,WESTERLEIGH,01 ONE FAMILY DWELLINGS,1,447,20,,A2,296 DEMOREST AVENUE,,10314,1,0,1,"3,000","1,205",1930,1,A2,"850,000",05/14/2025
5,WESTERLEIGH,01 ONE FAMILY DWELLINGS,1,448,37,,A1,287 DICKIE AVENUE,,10314,1,0,1,"3,240","1,280",1925,1,A1,"725,000",04/14/2025
5,WESTERLEIGH,01 ONE FAMILY DWELLINGS,1,448,55,,A2,284 BIDWELL AVENUE,,10314,1,0,1,"3,080",960,1950,1,A2,"655,000",11/12/2025
5,WESTERLEIGH,01 ONE FAMILY DWELLINGS,1,449,1,,A2,225 LIVERMORE AVENUE,,10314,1,0,1,"3,400","1,224",1925,1,A2,"545,000",04/28/2025
5,WESTERLEIGH,01 ONE FAMILY DWELLINGS,1,449,9,,A2,209 LIVERMORE AVENUE,,10314,1,0,1,"3,400","1,105",1925,1,A2,0,06/23/2025
5,WESTERLEIGH,01 ONE FAMILY DWELLINGS,1,450,17,,A2,198 LIVERMORE AVENUE,,10314,1,0,1,"3,600",960,1950,1,A2,"690,000",05/08/2025
5,WESTERLEIGH,01 ONE FAMILY DWELLINGS,1,455,10,,A2,305 LIVERMORE AVENUE,,10314,1,0,1,"4,080","1,092",1960,1,A2,"520,000",09/09/2025
5,WESTERLEIGH,01 ONE FAMILY DWELLINGS,1,455,45,,A5,298 DICKIE AVENUE,,10314,1,0,1,"1,781",988,1986,1,A5,0,07/03/2025
5,WESTERLEIGH,01 ONE FAMILY DWELLINGS,1,456,9,,A2,313 WOOLLEY AVENUE,,10314,1,0,1,"3,710",960,1960,1,A2,0,04/08/2025
5,WESTERLEIGH,01 ONE FAMILY DWELLINGS,1,456,23,,A2,287 WOOLLEY AVENUE,,10314,1,0,1,"3,600",864,1960,1,A2,"715,000",08/15/2025
5,WESTERLEIGH,01 ONE FAMILY DWELLINGS,1,457,87,,A1,48 MARKHAM PLACE,,10314,1,0,1,"5,160","1,604",1915,1,A1,"740,000",11/21/2025
5,WESTERLEIGH,01 ONE FAMILY DWELLINGS,1,457,250,,A1,2 SMITH COURT,,10314,1,0,1,"3,600","1,608",1930,1,A1,"780,000",10/15/2025
5,WESTERLEIGH,01 ONE FAMILY DWELLINGS,1,457,395,,A5,10 VOGEL LANE,,10314,1,0,1,950,"1,515",1986,1,A5,0,10/08/2025
5,WESTERLEIGH,01 ONE FAMILY DWELLINGS,1,457,408,,A5,35 VOGEL LOOP,,10314,1,0,1,728,"1,515",1986,1,A5,"561,000",06/25/2025
5,WESTERLEIGH,01 ONE FAMILY DWELLINGS,1,457,414,,A5,25 VOGEL LOOP,,10314,1,0,1,966,"1,515",1986,1,A5,0,02/26/2026
5,WESTERLEIGH,01 ONE FAMILY DWELLINGS,1,457,416,,A5,23 VOGEL LOOP,,10314,1,0,1,910,"1,515",1986,1,A5,"583,000",08/28/2025
5,WESTERLEIGH,01 ONE FAMILY DWELLINGS,1,458,51,,A1,110 WATCHOGUE ROAD,,10314,1,0,1,"3,597","1,280",1930,1,A1,"880,000",09/30/2025
5,WESTERLEIGH,01 ONE FAMILY DWELLINGS,1,458,78,,A1,64 WATCHOGUE ROAD,,10314,1,0,1,"2,160","1,360",1925,1,A1,500,04/09/2025
5,WESTERLEIGH,01 ONE FAMILY DWELLINGS,1,458,89,,A2,33 MARBLE STREET,,10314,1,0,1,"4,500","1,144",1965,1,A2,0,12/19/2025
5,WESTERLEIGH,01 ONE FAMILY DWELLINGS,1,458,126,,A5,27 FREDERICK STREET,,10314,1,0,1,"1,600","1,600",1993,1,A5,"610,000",10/23/2025
5,WESTERLEIGH,01 ONE FAMILY DWELLINGS,1,458,149,,A5,63 AVON LANE,,10314,1,0,1,"1,104","1,400",1993,1,A5,"490,000",01/23/2026
5,WESTERLEIGH,01 ONE FAMILY DWELLINGS,1,458,150,,A5,61 AVON LANE,,10314,1,0,1,"1,725","1,400",1993,1,A5,"630,000",08/27/2025
5,WESTERLEIGH,01 ONE FAMILY DWELLINGS,1,462,84,,A1,2111 VICTORY BOULEVARD,,10314,1,0,1,"2,900","1,008",1935,1,A1,"665,000",12/03/2025
5,WESTERLEIGH,01 ONE FAMILY DWELLINGS,1,462,159,,A5,78 BYRNE AVENUE,,10314,1,0,1,"2,500","1,500",2016,1,A5,"900,000",06/18/2025
5,WESTERLEIGH,01 ONE FAMILY DWELLINGS,1,463,45,,A5,15 HARVEY AVENUE,,10314,1,0,1,"2,755","1,188",1975,1,A5,0,07/30/2025
5,WESTERLEIGH,01 ONE FAMILY DWELLINGS,1,463,104,,A1,42 O'CONNOR AVENUE,,10314,1,0,1,"5,173","1,760",2024,1,A1,"1,384,820",07/23/2025
5,WESTERLEIGH,01 ONE FAMILY DWELLINGS,1,464,9,,S1,2295 VICTORY BOULEVARD,,10314,1,1,2,"4,657","2,350",1986,1,S1,0,08/12/2025
5,WESTERLEIGH,01 ONE FAMILY DWELLINGS,1,465,41,,A2,334 NEAL DOW AVENUE,,10314,1,0,1,"3,000","1,416",1930,1,A2,"670,000",02/09/2026
5,WESTERLEIGH,01 ONE FAMILY DWELLINGS,1,465,56,,A5,366 NEAL DOW AVENUE,,10314,1,0,1,"1,725","1,516",1970,1,A5,"638,000",11/12/2025
5,WESTERLEIGH,01 ONE FAMILY DWELLINGS,1,466,34,,A2,238 WATCHOGUE ROAD,,10314,1,0,1,"4,000","1,056",1950,1,A2,"693,000",02/05/2026
5,WESTERLEIGH,01 ONE FAMILY DWELLINGS,1,466,51,,A1,352 DEMOREST AVENUE,,10314,1,0,1,"3,800","1,184",1920,1,A1,"615,000",06/12/2025
5,WESTERLEIGH,01 ONE FAMILY DWELLINGS,1,468,7,,A1,411 LIVERMORE AVENUE,,10314,1,0,1,"4,000","2,940",1950,1,A1,0,10/16/2025
5,WESTERLEIGH,01 ONE FAMILY DWELLINGS,1,472,32,,A2,175 CASWELL AVENUE,,10314,1,0,1,"7,020",700,1955,1,A2,"715,000",06/09/2025
5,WESTERLEIGH,01 ONE FAMILY DWELLINGS,1,472,166,,A5,89 WADE STREET,,10314,1,0,1,"5,500","1,230",1960,1,A5,"450,000",12/17/2025
5,WESTERLEIGH,01 ONE FAMILY DWELLINGS,1,472,203,,A5,101 DELMORE STREET,,10314,1,0,1,"2,500","1,230",1960,1,A5,"720,000",10/29/2025
5,WESTERLEIGH,01 ONE FAMILY DWELLINGS,1,472,204,,A5,103 DELMORE STREET,,10314,1,0,1,"2,500","1,230",1960,1,A5,0,09/03/2025
5,WESTERLEIGH,01 ONE FAMILY DWELLINGS,1,472,211,,A5,113 DELMORE STREET,,10314,1,0,1,"2,500","1,230",1960,1,A5,0,08/05/2025
5,WESTERLEIGH,01 ONE FAMILY DWELLINGS,1,474,110,,A2,158 CASWELL AVENUE,,10314,1,0,1,"4,400","1,092",1960,1,A2,0,10/14/2025
5,WESTERLEIGH,01 ONE FAMILY DWELLINGS,1,474,143,,A2,43 FILLAT STREET,,10314,1,0,1,"4,700","1,118",1960,1,A2,0,06/25/2025
5,WESTERLEIGH,01 ONE FAMILY DWELLINGS,1,474,143,,A2,43 FILLAT STREET,,10314,1,0,1,"4,700","1,118",1960,1,A2,0,09/15/2025
5,WESTERLEIGH,01 ONE FAMILY DWELLINGS,1,475,64,,A2,304 CRYSTAL AVENUE,,10314,1,0,1,"4,000","1,092",1960,1,A2,"840,000",08/04/2025
5,WESTERLEIGH,01 ONE FAMILY DWELLINGS,1,476,78,,A2,242 COLLFIELD AVENUE,,10314,1,0,1,"4,000","1,196",1960,1,A2,"830,000",08/11/2025
5,WESTERLEIGH,01 ONE FAMILY DWELLINGS,1,477,4,,A2,255 CASWELL AVENUE,,10314,1,0,1,"9,360","1,176",1955,1,A2,"1,100,000",05/08/2025
5,WESTERLEIGH,01 ONE FAMILY DWELLINGS,1,477,31,,A5,343 STEWART AVENUE,,10314,1,0,1,"2,000","1,200",1997,1,A5,"700,000",04/11/2025
5,WESTERLEIGH,01 ONE FAMILY DWELLINGS,1,478,7,,A5,291 CASWELL AVENUE,,10314,1,0,1,"2,480","1,300",1989,1,A5,"481,000",05/27/2025
5,WESTERLEIGH,01 ONE FAMILY DWELLINGS,1,478,7,,A5,291 CASWELL AVENUE,,10314,1,0,1,"2,480","1,300",1989,1,A5,"780,000",10/08/2025
5,WESTERLEIGH,01 ONE FAMILY DWELLINGS,1,479,19,,A2,347 COLLFIELD AVENUE,,10314,1,0,1,"5,000","1,100",1955,1,A2,0,05/05/2025
5,WESTERLEIGH,01 ONE FAMILY DWELLINGS,1,479,73,,A2,456 CRYSTAL AVENUE,,10314,1,0,1,"4,000","1,040",1955,1,A2,0,10/06/2025
5,WESTERLEIGH,01 ONE FAMILY DWELLINGS,1,480,36,,A2,313 BRYSON AVENUE,,10314,1,0,1,"4,000","1,092",1955,1,A2,0,04/21/2025
5,WESTERLEIGH,01 ONE FAMILY DWELLINGS,1,483,55,,A2,320 BRYSON AVENUE,,10314,1,0,1,"6,000",901,1930,1,A2,"720,000",04/11/2025
5,WESTERLEIGH,01 ONE FAMILY DWELLINGS,1B,483,55,,V0,320 BRYSON AVENUE,,10314,0,0,0,"6,000",0,1930,1,A2,"780,000",09/11/2025
5,WESTERLEIGH,01 ONE FAMILY DWELLINGS,1,484,12,,A2,453 WILLOWBROOK ROAD,,10314,1,0,1,"4,000","1,210",1955,1,A2,"731,000",06/17/2025
5,WESTERLEIGH,01 ONE FAMILY DWELLINGS,1,484,44,,A2,282 CASWELL AVENUE,,10314,1,0,1,"4,520","1,122",1945,1,A2,"725,000",08/27/2025
5,WESTERLEIGH,01 ONE FAMILY DWELLINGS,1,486,19,,A1,523 WILLOWBROOK ROAD,,10314,1,0,1,"4,000","1,693",1955,1,A1,0,08/29/2025
5,WESTERLEIGH,01 ONE FAMILY DWELLINGS,1,486,54,,A1,522 STEWART AVENUE,,10314,1,0,1,"5,000",875,1955,1,A1,"725,000",01/27/2026
5,WESTERLEIGH,01 ONE FAMILY DWELLINGS,1,1435,145,,A1,665 COLLEGE AVENUE,,10302,1,0,1,"9,360","1,338",1925,1,A1,0,07/11/2025
5,WESTERLEIGH,01 ONE FAMILY DWELLINGS,1,1436,21,,A1,63 RIEGELMANN STREET,,10302,1,0,1,"4,770","2,592",1930,1,A1,"940,000",07/17/2025
5,WESTERLEIGH,01 ONE FAMILY DWELLINGS,1,1436,27,,A1,25 PONTIAC STREET,,10302,1,0,1,"4,000","1,404",1930,1,A1,10,04/23/2025
5,WESTERLEIGH,01 ONE FAMILY DWELLINGS,1,1440,73,,A2,50 BRYSON AVENUE,,10302,1,0,1,"5,700",840,1925,1,A2,0,10/28/2025
5,WESTERLEIGH,01 ONE FAMILY DWELLINGS,1,1441,40,,A2,664 COLLEGE AVENUE,,10302,1,0,1,"4,240","1,100",1950,1,A2,0,05/13/2025
5,WESTERLEIGH,01 ONE FAMILY DWELLINGS,1,1442,49,,A1,104 CRYSTAL AVENUE,,10302,1,0,1,"3,560","1,592",1935,1,A1,0,09/17/2025
5,WESTERLEIGH,01 ONE FAMILY DWELLINGS,1,1444,1,,A2,315 GARRISON AVENUE,,10314,1,0,1,"3,600",960,1940,1,A2,0,06/16/2025
5,WESTERLEIGH,01 ONE FAMILY DWELLINGS,1,1454,20,,A1,292 GARRISON AVENUE,,10314,1,0,1,"3,960","1,452",1970,1,A1,0,05/29/2025
5,WESTERLEIGH,01 ONE FAMILY DWELLINGS,1,1455,14,,A1,254 LATHROP AVENUE,,10314,1,0,1,"4,080","1,400",1980,1,A1,0,04/29/2025
5,WESTERLEIGH,01 ONE FAMILY DWELLINGS,1,1456,27,,A1,104 GLASCOE AVENUE,,10314,1,0,1,"4,000","2,020",1999,1,A1,0,06/11/2025
5,WESTERLEIGH,01 ONE FAMILY DWELLINGS,1,1458,30,,A1,139 CRYSTAL AVENUE,,10302,1,0,1,"3,904","2,010",1950,1,A1,0,09/05/2025
5,WESTERLEIGH,01 ONE FAMILY DWELLINGS,1,1458,30,,A1,139 CRYSTAL AVENUE,,10302,1,0,1,"3,904","2,010",1950,1,A1,0,12/05/2025
5,WESTERLEIGH,01 ONE FAMILY DWELLINGS,1,1460,7,,A2,95 BRYSON AVENUE,,10302,1,0,1,"4,300",910,1940,1,A2,"595,000",08/25/2025
5,WESTERLEIGH,01 ONE FAMILY DWELLINGS,1,1461,9,,A1,199 WILLOWBROOK ROAD,,10302,1,0,1,"5,220","2,325",1940,1,A1,"1,200,000",02/05/2026
5,WESTERLEIGH,01 ONE FAMILY DWELLINGS,1,1462,12,,A5,127 GLASCOE AVENUE,,10314,1,0,1,"2,160","1,184",1960,1,A5,"695,888",10/20/2025
5,WESTERLEIGH,01 ONE FAMILY DWELLINGS,1,1463,5,,A1,265 WATERS AVENUE,,10314,1,0,1,"2,375","1,044",1930,1,A1,"675,000",08/06/2025
5,WESTERLEIGH,01 ONE FAMILY DWELLINGS,1,1463,27,,A1,268 LEONARD AVENUE,,10314,1,0,1,"3,705","1,900",1960,1,A1,"949,000",05/02/2025
5,WESTERLEIGH,01 ONE FAMILY DWELLINGS,1,1466,16,,A2,133 BRYSON AVENUE,,10302,1,0,1,"4,200",915,1940,1,A2,0,01/09/2026
5,WESTERLEIGH,01 ONE FAMILY DWELLINGS,1,1467,25,,A2,221 WILLOWBROOK ROAD,,10302,1,0,1,"4,300","1,080",1945,1,A2,"655,000",08/05/2025
5,WESTERLEIGH,01 ONE FAMILY DWELLINGS,1,1467,42,,A1,144 BRYSON AVENUE,,10302,1,0,1,"4,200","1,769",1945,1,A1,"990,000",02/04/2026
5,WESTERLEIGH,01 ONE FAMILY DWELLINGS,1,1470,1,,A2,319 WATCHOGUE ROAD,,10314,1,0,1,"7,521",960,1955,1,A2,0,12/05/2025
5,WESTERLEIGH,01 ONE FAMILY DWELLINGS,1,1473,12,,A1,181 COLLFIELD AVENUE,,10302,1,0,1,"4,500","2,121",1945,1,A1,"990,000",12/18/2025
5,WESTERLEIGH,01 ONE FAMILY DWELLINGS,1,1474,6,,A0,191 BRYSON AVENUE,,10302,1,0,1,"4,600","1,321",1955,1,A0,0,09/23/2025
5,WESTERLEIGH,01 ONE FAMILY DWELLINGS,1,1478,460,,A2,33 HOUSTON STREET,,10302,1,0,1,"5,040","1,890",1950,1,A2,0,06/05/2025
5,WESTERLEIGH,01 ONE FAMILY DWELLINGS,1,1478,511,,A5,24 HOUSTON LANE,,10302,1,0,1,"1,350","1,060",1991,1,A5,"525,000",09/03/2025
5,WESTERLEIGH,01 ONE FAMILY DWELLINGS,1,1482,100,,A2,204 WILLOWBROOK ROAD,,10302,1,0,1,"5,016","1,300",1970,1,A2,10,05/27/2025
5,WESTERLEIGH,01 ONE FAMILY DWELLINGS,1,1483,59,,A5,128 VEDDER AVENUE,,10302,1,0,1,"2,541","1,400",1994,1,A5,"635,000",01/23/2026
5,WESTERLEIGH,01 ONE FAMILY DWELLINGS,1,1483,64,,A2,142 VEDDER AVENUE,,10302,1,0,1,"3,630",800,1929,1,A2,"460,000",04/09/2025
5,WESTERLEIGH,01 ONE FAMILY DWELLINGS,1,1484,6,,A2,187 WILLOW ROAD EAST,,10314,1,0,1,"4,000",950,1965,1,A2,0,02/19/2026
5,WESTERLEIGH,01 ONE FAMILY DWELLINGS,1,1484,6,,A2,187 WILLOW ROAD EAST,,10314,1,0,1,"4,000",950,1965,1,A2,"730,000",12/03/2025
5,WESTERLEIGH,01 ONE FAMILY DWELLINGS,1,1485,22,,A1,529 WATCHOGUE ROAD,,10314,1,0,1,"6,100","1,488",1899,1,A1,0,04/11/2025
5,WESTERLEIGH,01 ONE FAMILY DWELLINGS,1,1485,54,,A1,18 LEVIT AVENUE,,10314,1,0,1,"3,400","1,144",1965,1,A1,"690,000",11/20/2025
5,WESTERLEIGH,01 ONE FAMILY DWELLINGS,1,1485,174,,A1,70 LYON PLACE,,10314,1,0,1,"3,800","1,800",1970,1,A1,"720,000",09/10/2025
5,WESTERLEIGH,01 ONE FAMILY DWELLINGS,1,1485,260,,A2,129 HOME PLACE,,10314,1,0,1,"5,000","1,205",1955,1,A2,"715,000",09/17/2025
5,WESTERLEIGH,01 ONE FAMILY DWELLINGS,1,1485,339,,A2,90 HOME PLACE,,10314,1,0,1,"4,982","1,040",1955,1,A2,10,06/09/2025
5,WESTERLEIGH,01 ONE FAMILY DWELLINGS,1,1485,356,,A1,5 LEVIT AVENUE,,10314,1,0,1,"4,370","1,664",1955,1,A1,0,12/30/2025
5,WESTERLEIGH,01 ONE FAMILY DWELLINGS,1,1494,45,,A1,12 ECHO PLACE,,10314,1,0,1,"6,000","1,672",1945,1,A1,0,12/30/2025
5,WESTERLEIGH,01 ONE FAMILY DWELLINGS,1,1501,5,,A1,310 WILLOWBROOK ROAD,,10314,1,0,1,"3,300","1,332",1930,1,A1,0,04/02/2025
5,WESTERLEIGH,01 ONE FAMILY DWELLINGS,1,1501,17,,A1,332 WILLOWBROOK ROAD,,10314,1,0,1,"3,510","1,356",1930,1,A1,"565,000",09/11/2025
5,WESTERLEIGH,01 ONE FAMILY DWELLINGS,1,1501,89,,A1,13 HAWTHORNE AVENUE,,10314,1,0,1,"2,800","1,252",1935,1,A1,"680,000",11/19/2025
5,WESTERLEIGH,01 ONE FAMILY DWELLINGS,1,1501,216,,A1,117 WOODBINE AVENUE,,10314,1,0,1,"2,800","1,252",1920,1,A1,0,12/05/2025
5,WESTERLEIGH,01 ONE FAMILY DWELLINGS,1,1501,223,,A1,458 WATCHOGUE ROAD,,10314,1,0,1,"2,632","1,228",1920,1,A1,"615,000",08/08/2025
5,WESTERLEIGH,01 ONE FAMILY DWELLINGS,1,1504,31,,A5,149 HAWTHORNE AVENUE,,10314,1,0,1,"2,755","1,448",1965,1,A5,0,01/05/2026
5,WESTERLEIGH,01 ONE FAMILY DWELLINGS,1,1504,78,,A5,14 FRANCINE LANE,,10314,1,0,1,"1,584","1,344",1989,1,A5,"672,000",04/01/2025
5,WESTERLEIGH,01 ONE FAMILY DWELLINGS,1,1505,1,,A2,203 AUBURN AVENUE,,10314,1,0,1,"6,000","1,275",1960,1,A2,"850,000",05/14/2025
5,WESTERLEIGH,01 ONE FAMILY DWELLINGS,1,1508,103,,A2,38 TREMONT AVENUE,,10314,1,0,1,"5,000","1,040",1955,1,A2,"357,000",08/04/2025
5,WESTERLEIGH,01 ONE FAMILY DWELLINGS,1,1508,132,,A1,39 CANTERBURY AVENUE,,10314,1,0,1,"5,000","1,670",1955,1,A1,"974,900",08/11/2025
5,WESTERLEIGH,01 ONE FAMILY DWELLINGS,1,1508,142,,A2,15 CANTERBURY AVENUE,,10314,1,0,1,"5,000","1,040",1955,1,A2,0,07/24/2025
5,WESTERLEIGH,01 ONE FAMILY DWELLINGS,1,1508,205,,A5,46 CAMBRIDGE AVENUE,,10314,1,0,1,"2,350","1,292",1970,1,A5,0,07/22/2025
5,WESTERLEIGH,01 ONE FAMILY DWELLINGS,1,1519,4,,A2,496 WILLOWBROOK ROAD,,10314,1,0,1,"4,160","1,984",1965,1,A2,0,09/08/2025
5,WESTERLEIGH,01 ONE FAMILY DWELLINGS,1,1520,6,,A5,3A MONTAUK PLACE,,10314,1,0,1,"3,117","1,200",2003,1,A5,"680,000",06/17/2025
5,WESTERLEIGH,01 ONE FAMILY DWELLINGS,1,1524,5,,A5,101 WYONA AVENUE,,10314,1,0,1,"2,160","1,200",1990,1,A5,"645,000",04/18/2025
5,WESTERLEIGH,02 TWO FAMILY DWELLINGS,1,389,90,,B2,99 BURNSIDE AVENUE,,10302,2,0,2,"4,500","1,872",1965,1,B2,"860,000",05/15/2025
5,WESTERLEIGH,02 TWO FAMILY DWELLINGS,1,391,307,,B2,67 MARIANNE STREET,,10302,2,0,2,"3,300","1,620",1930,1,B2,0,10/23/2025
5,WESTERLEIGH,02 TWO FAMILY DWELLINGS,1,391,365,,B2,32 DICKIE AVENUE,,10314,2,0,2,"4,000","2,340",1970,1,B2,"975,000",01/23/2026
5,WESTERLEIGH,02 TWO FAMILY DWELLINGS,1,395,24,,B3,656 JEWETT AVENUE,,10314,2,0,2,"6,554","2,530",1903,1,B3,0,12/02/2025
5,WESTERLEIGH,02 TWO FAMILY DWELLINGS,1,397,41,,B2,688 JEWETT AVENUE,,10314,2,0,2,"3,809","3,600",2007,1,B2,"990,000",04/25/2025
5,WESTERLEIGH,02 TWO FAMILY DWELLINGS,1,400,12,,B2,325 MAINE AVENUE,,10314,2,0,2,"4,620","2,160",1920,1,B2,0,11/06/2025
5,WESTERLEIGH,02 TWO FAMILY DWELLINGS,1,400,22,,B2,412 COLLEGE AVENUE,,10314,2,0,2,"4,704","1,820",1915,1,B2,"818,000",11/06/2025
5,WESTERLEIGH,02 TWO FAMILY DWELLINGS,1,405,3,,B2,347 MAINE AVENUE,,10314,2,0,2,"3,885","2,236",1925,1,B2,"888,000",05/29/2025
5,WESTERLEIGH,02 TWO FAMILY DWELLINGS,1,407,42,,B2,142 NEAL DOW AVENUE,,10314,2,0,2,"3,300","1,092",1930,1,B2,"790,000",12/05/2025
5,WESTERLEIGH,02 TWO FAMILY DWELLINGS,1,409,32,,B3,152 GARRISON AVENUE,,10314,2,0,2,"3,640","1,503",1925,1,B3,0,09/12/2025
5,WESTERLEIGH,02 TWO FAMILY DWELLINGS,1,435,19,,B2,250 WILLARD AVENUE,,10314,2,0,2,"6,000","2,424",1915,1,B2,0,08/25/2025
5,WESTERLEIGH,02 TWO FAMILY DWELLINGS,1,441,21,,B2,212 DEMOREST AVENUE,,10314,2,0,2,"3,000","1,373",1920,1,B2,"631,000",12/08/2025
5,WESTERLEIGH,02 TWO FAMILY DWELLINGS,1,449,17,,B3,202 DICKIE AVENUE,,10314,2,0,2,"6,720","2,960",1899,1,B3,"1,300,000",05/19/2025
5,WESTERLEIGH,02 TWO FAMILY DWELLINGS,1,457,94,,B2,38 MARKHAM PLACE,,10314,2,0,2,"3,575","2,338",2024,1,B2,"997,885",06/25/2025
5,WESTERLEIGH,02 TWO FAMILY DWELLINGS,1,458,106,,B2,36 FREDERICK STREET,,10314,2,0,2,"4,000","2,784",1994,1,B2,0,11/04/2025
5,WESTERLEIGH,02 TWO FAMILY DWELLINGS,1,462,52,,B9,15 MANN AVENUE,,10314,2,0,2,"3,000","1,440",2004,1,B9,"888,000",08/27/2025
5,WESTERLEIGH,02 TWO FAMILY DWELLINGS,1,462,96,,B3,79 BYRNE AVENUE,,10314,2,0,2,"2,500","1,224",1925,1,B3,"685,000",07/01/2025
5,WESTERLEIGH,02 TWO FAMILY DWELLINGS,1,463,106,,B2,46 O'CONNOR AVENUE,,10314,2,0,2,"4,750","2,844",2024,1,B2,"1,364,455",12/04/2025
5,WESTERLEIGH,02 TWO FAMILY DWELLINGS,1,466,17,,B2,353 CHEVES AVENUE,,10314,2,0,2,"3,800","1,644",1920,1,B2,"725,000",10/01/2025
5,WESTERLEIGH,02 TWO FAMILY DWELLINGS,1,467,17,,B9,260 WATCHOGUE ROAD,,10314,2,0,2,"3,150","1,258",1966,1,B9,0,07/23/2025
5,WESTERLEIGH,02 TWO FAMILY DWELLINGS,1,467,18,,B9,256 WATCHOGUE ROAD,,10314,2,0,2,"2,063","1,258",1966,1,B9,0,07/23/2025
5,WESTERLEIGH,02 TWO FAMILY DWELLINGS,1,467,19,,B9,252 WATCHOGUE ROAD,,10314,2,0,2,"3,863","1,258",1966,1,B9,0,07/23/2025
5,WESTERLEIGH,02 TWO FAMILY DWELLINGS,1,467,93,,B2,11 RUTH STREET,,10314,2,0,2,"4,100","1,840",1920,1,B2,1,07/29/2025
5,WESTERLEIGH,02 TWO FAMILY DWELLINGS,1,470,23,,B2,379 WOOLLEY AVENUE,,10314,2,0,2,"4,200","2,632",1970,1,B2,"1,030,000",02/17/2026
5,WESTERLEIGH,02 TWO FAMILY DWELLINGS,1,470,48,,B2,408 LIVERMORE AVENUE,,10314,2,0,2,"4,000","2,800",2001,1,B2,0,09/30/2025
5,WESTERLEIGH,02 TWO FAMILY DWELLINGS,1,474,17,,B2,473 WOOLLEY AVENUE,,10314,2,0,2,"4,000","1,974",1970,1,B2,10,10/16/2025
5,WESTERLEIGH,02 TWO FAMILY DWELLINGS,1,474,125,,B2,1 FILLAT STREET,,10314,2,0,2,"4,800","2,304",1960,1,B2,0,11/11/2025
5,WESTERLEIGH,02 TWO FAMILY DWELLINGS,1,475,16,,B2,279 COLLFIELD AVENUE,,10314,2,0,2,"4,000","1,402",1960,1,B2,"890,000",01/07/2026
5,WESTERLEIGH,02 TWO FAMILY DWELLINGS,1,477,44,,B2,319 STEWART AVENUE,,10314,2,0,2,"4,000","2,616",2015,1,B2,0,08/25/2025
5,WESTERLEIGH,02 TWO FAMILY DWELLINGS,1,478,82,,B9,354 STEWART AVENUE,,10314,2,0,2,"3,000","2,044",1975,1,B9,0,07/24/2025
5,WESTERLEIGH,02 TWO FAMILY DWELLINGS,1,481,6,,B2,2409 VICTORY BOULEVARD,,10314,2,0,2,"4,000","2,216",1975,1,B2,"930,000",09/03/2025
5,WESTERLEIGH,02 TWO FAMILY DWELLINGS,1,484,46,,B3,278 CASWELL AVENUE,,10314,2,0,2,"6,180","1,591",1925,1,B3,0,10/30/2025
5,WESTERLEIGH,02 TWO FAMILY DWELLINGS,1,486,32,,B2,501 WILLOWBROOK ROAD,,10314,2,0,2,"3,833","2,050",2005,1,B2,"999,000",06/13/2025
5,WESTERLEIGH,02 TWO FAMILY DWELLINGS,1,1435,4,,B2,601 COLLEGE AVENUE,,10302,2,0,2,"6,300","1,600",1955,1,B2,"530,000",05/21/2025
5,WESTERLEIGH,02 TWO FAMILY DWELLINGS,1,1435,174,,B2,138 GALLOWAY AVENUE,,10302,2,0,2,"3,880","2,440",1970,1,B2,0,05/19/2025
5,WESTERLEIGH,02 TWO FAMILY DWELLINGS,1,1435,176,,B2,130 GALLOWAY AVENUE,,10302,2,0,2,"2,668","2,538",1970,1,B2,"820,000",07/07/2025
5,WESTERLEIGH,02 TWO FAMILY DWELLINGS,1,1435,186,,B2,114 GALLOWAY AVE,,10302,2,0,2,"4,480","2,586",1970,1,B2,0,06/13/2025
5,WESTERLEIGH,02 TWO FAMILY DWELLINGS,1,1440,49,,B1,680 COLLEGE AVENUE,,10302,2,0,2,"4,900","1,568",1954,1,B1,0,06/17/2025
5,WESTERLEIGH,02 TWO FAMILY DWELLINGS,1,1483,20,,B2,43 JAFFE STREET,,10314,2,0,2,"4,800","2,268",1970,1,B2,"700,000",10/10/2025
5,WESTERLEIGH,02 TWO FAMILY DWELLINGS,1,1485,38,,B2,19 ECHO PLACE,,10314,2,0,2,"4,100","2,712",1975,1,B2,0,02/04/2026
5,WESTERLEIGH,02 TWO FAMILY DWELLINGS,1,1485,112,,B2,4 EAGLE ROAD,,10314,2,0,2,"4,200","1,911",1970,1,B2,0,02/05/2026
5,WESTERLEIGH,02 TWO FAMILY DWELLINGS,1,1501,340,,B2,182 WOODBINE AVENUE,,10314,2,0,2,"5,400","2,548",1975,1,B2,"995,000",01/20/2026
5,WESTERLEIGH,02 TWO FAMILY DWELLINGS,1,1504,146,,B2,360 CASWELL AVENUE,,10314,2,0,2,"4,000","2,548",1970,1,B2,"1,210,000",01/12/2026
5,WESTERLEIGH,02 TWO FAMILY DWELLINGS,1,1522,20,,B2,319 WOODBINE AVENUE,,10314,2,0,2,"4,000","2,300",1970,1,B2,"999,000",10/10/2025
5,WESTERLEIGH,04 TAX CLASS 1 CONDOS,1A,1485,1011,,R3,"17A YAFA COURT, 17A",17A,10314,1,,1,,,1988,1,R3,"510,000",12/23/2025
5,WESTERLEIGH,04 TAX CLASS 1 CONDOS,1A,1525,1017,,R3,"403 WILLOW ROAD EAST, 2",2,10314,1,,1,,,1977,1,R3,"528,000",06/09/2025
5,WESTERLEIGH,04 TAX CLASS 1 CONDOS,1A,1525,1039,,R3,"444 CASWELL AVENUE, 2",2,10314,1,,1,,,1977,1,R3,"540,000",11/10/2025
5,WESTERLEIGH,04 TAX CLASS 1 CONDOS,1A,1525,1042,,R3,"430 CASWELL AVENUE, 1",1,10314,1,,1,,,1977,1,R3,"550,000",08/12/2025
5,WESTERLEIGH,04 TAX CLASS 1 CONDOS,1A,1525,1047,,R3,"430 CASWELL AVENUE, 2",2,10314,1,,1,,,1977,1,R3,"525,000",06/03/2025
5,WESTERLEIGH,04 TAX CLASS 1 CONDOS,1A,1525,1048,,R3,"432 CASWELL AVENUE, 2",2,10314,1,,1,,,1977,1,R3,"520,000",10/01/2025
5,WESTERLEIGH,04 TAX CLASS 1 CONDOS,1A,1525,1063,,R3,"423 WILLOW ROAD EAST, 2",2,10314,1,,1,,,1977,1,R3,0,07/17/2025
5,WESTERLEIGH,04 TAX CLASS 1 CONDOS,1A,1525,1063,,R3,"423 WILLOW ROAD EAST, 2",2,10314,1,,1,,,1977,1,R3,"495,000",12/05/2025
5,WESTERLEIGH,04 TAX CLASS 1 CONDOS,1A,1525,1067,,R3,"431 WILLOW ROAD EAST, 1",1,10314,1,,1,,,1977,1,R3,0,01/05/2026
5,WESTERLEIGH,04 TAX CLASS 1 CONDOS,1A,1525,1068,,R3,"429 WILLOW ROAD EAST, 1",1,10314,1,,1,,,1977,1,R3,0,10/10/2025
5,WESTERLEIGH,04 TAX CLASS 1 CONDOS,1A,1525,1085,,R3,"443 WILLOW ROAD EAST, 1",1,10314,1,,1,,,1977,1,R3,"535,000",12/05/2025
5,WESTERLEIGH,04 TAX CLASS 1 CONDOS,1A,1525,1091,,R3,"469 WILLOW ROAD EAST, 1",1,10314,1,,1,,,1977,1,R3,"565,000",12/19/2025
5,WESTERLEIGH,04 TAX CLASS 1 CONDOS,1A,1525,1108,,R3,"461 WILLOW ROAD EAST, 2",2,10314,1,,1,,,1977,1,R3,"532,000",07/08/2025
5,WESTERLEIGH,04 TAX CLASS 1 CONDOS,1A,1525,1156,,R3,"539 WILLOW ROAD EAST, 1",1,10314,1,,1,,,1978,1,R3,"498,000",08/07/2025
5,WESTERLEIGH,04 TAX CLASS 1 CONDOS,1A,1525,1163,,R3,"535 WILLOW ROAD EAST, 2",2,10314,1,,1,,,1978,1,R3,"465,000",06/26/2025
5,WESTERLEIGH,05 TAX CLASS 1 VACANT LAND,1B,389,57,,V0,N/A VELTMAN AVENUE,,10302,0,0,0,"2,644",0,,1,V0,0,06/03/2025
5,WESTERLEIGH,05 TAX CLASS 1 VACANT LAND,1B,458,84,,V0,N/A MARBLE STREET,,10314,0,0,0,"1,701",0,,1,V0,500,04/09/2025
5,WESTERLEIGH,06 TAX CLASS 1 - OTHER,1,457,266,,G0,15 SMITH COURT,,10314,0,0,0,910,0,1950,1,G0,"780,000",10/15/2025
5,WESTERLEIGH,21 OFFICE BUILDINGS,4,386,11,,O8,1340 FOREST AVENUE,,10302,1,1,2,"4,230","2,100",1940,4,O8,"750,000",06/17/2025
5,WESTERLEIGH,21 OFFICE BUILDINGS,1B,462,170,,V0,2161 VICTORY BOULEVARD,,10314,0,0,0,"2,168",0,1955,4,O7,"550,000",10/03/2025
5,WESTERLEIGH,22 STORE BUILDINGS,4,386,16,,K4,1328 FOREST AVENUE,,10302,0,4,4,"5,495","2,760",1940,4,K4,"800,000",11/18/2025
5,WESTERLEIGH,22 STORE BUILDINGS,4,387,37,,K4,1288 FOREST AVENUE,,10302,0,1,1,"8,325","3,990",1950,4,K4,"1,900,000",01/30/2026
5,WESTERLEIGH,22 STORE BUILDINGS,4,427,30,,K7,832 JEWETT AVENUE,,10314,0,1,1,"23,115","5,440",1955,4,K7,"2,200,000",08/26/2025
5,WESTERLEIGH,29 COMMERCIAL GARAGES,4,462,6,,G2,2041 VICTORY BLVD,,10314,0,1,1,"5,950","4,000",1954,4,G2,"1,000,000",10/07/2025
5,WESTERLEIGH,33 EDUCATIONAL FACILITIES,4,1522,1,,W8,55 WYONA AVENUE,,10314,0,1,1,"6,000","2,567",1965,4,W8,"1,850,000",10/31/2025
5,WILLOWBROOK,01 ONE FAMILY DWELLINGS,1,730,8,,S1,2132 VICTORY BOULEVARD,,10314,1,1,2,"6,360","1,480",1955,1,S1,0,07/15/2025
5,WILLOWBROOK,01 ONE FAMILY DWELLINGS,1,730,18,,A2,124 BYRNE AVENUE,,10314,1,0,1,"4,000",926,1955,1,A2,"875,000",10/29/2025
5,WILLOWBROOK,01 ONE FAMILY DWELLINGS,1,730,26,,A2,140 BYRNE AVENUE,,10314,1,0,1,"4,000",990,1955,1,A2,0,07/10/2025
5,WILLOWBROOK,01 ONE FAMILY DWELLINGS,1,731,49,,A1,179 MANN AVENUE,,10314,1,0,1,"4,000","1,794",1960,1,A1,"685,000",12/29/2025
5,WILLOWBROOK,01 ONE FAMILY DWELLINGS,1,732,23,,A1,158 MANN AVENUE,,10314,1,0,1,"4,000","2,430",1969,1,A1,"899,000",12/18/2025
5,WILLOWBROOK,01 ONE FAMILY DWELLINGS,1,732,54,,A2,239 BYRNE AVENUE,,10314,1,0,1,"4,100","1,092",1955,1,A2,"664,000",04/29/2025
5,WILLOWBROOK,01 ONE FAMILY DWELLINGS,1,733,9,,A2,204 BYRNE AVENUE,,10314,1,0,1,"4,000","1,040",1955,1,A2,0,06/27/2025
5,WILLOWBROOK,01 ONE FAMILY DWELLINGS,1,733,9,,A2,204 BYRNE AVENUE,,10314,1,0,1,"4,000","1,040",1955,1,A2,"710,000",07/11/2025
5,WILLOWBROOK,01 ONE FAMILY DWELLINGS,1,733,33,,A2,254 BYRNE AVENUE,,10314,1,0,1,"4,242","1,040",1955,1,A2,"342,000",07/21/2025
5,WILLOWBROOK,01 ONE FAMILY DWELLINGS,1,734,17,,A2,70 KELL AVENUE,,10314,1,0,1,"4,000",912,1950,1,A2,"715,548",05/16/2025
5,WILLOWBROOK,01 ONE FAMILY DWELLINGS,1,734,19,,A1,74 KELL AVENUE,,10314,1,0,1,"4,000","1,911",1950,1,A1,"999,999",01/27/2026
5,WILLOWBROOK,01 ONE FAMILY DWELLINGS,1,734,45,,A1,253 PURDY AVENUE,,10314,1,0,1,"4,000","1,764",1950,1,A1,"860,000",05/01/2025
5,WILLOWBROOK,01 ONE FAMILY DWELLINGS,1,734,53,,A2,497 INGRAM AVENUE,,10314,1,0,1,"4,000",952,1955,1,A2,"660,000",01/20/2026
5,WILLOWBROOK,01 ONE FAMILY DWELLINGS,1,735,120,,A1,53 CARMEL AVENUE,,10314,1,0,1,"4,000","1,100",1930,1,A1,"500,000",10/30/2025
5,WILLOWBROOK,01 ONE FAMILY DWELLINGS,1,735,151,,A2,36 CARMEL AVENUE,,10314,1,0,1,"4,000","1,040",1940,1,A2,"640,000",11/03/2025
5,WILLOWBROOK,01 ONE FAMILY DWELLINGS,1,737,56,,A5,555 INGRAM AVENUE,,10314,1,0,1,"2,700","1,120",1965,1,A5,"665,000",06/10/2025
5,WILLOWBROOK,01 ONE FAMILY DWELLINGS,1,739,49,,A5,119 SHERADEN AVENUE,,10314,1,0,1,"2,500","1,280",1960,1,A5,0,12/04/2025
5,WILLOWBROOK,01 ONE FAMILY DWELLINGS,1,739,51,,A5,115 SHERADEN AVENUE,,10314,1,0,1,"2,500","1,280",1960,1,A5,"685,000",01/30/2026
5,WILLOWBROOK,01 ONE FAMILY DWELLINGS,1,740,53,,A2,27 ARDMORE AVENUE,,10314,1,0,1,"6,000","1,300",1960,1,A2,0,04/14/2025
5,WILLOWBROOK,01 ONE FAMILY DWELLINGS,1,742,17,,A1,24 MARTIN AVENUE,,10314,1,0,1,"3,000","1,324",1920,1,A1,"648,000",09/22/2025
5,WILLOWBROOK,01 ONE FAMILY DWELLINGS,1,742,37,,A5,541 WOOLLEY AVENUE,,10314,1,0,1,"2,500","1,500",2005,1,A5,0,04/19/2025
5,WILLOWBROOK,01 ONE FAMILY DWELLINGS,1,742,45,,A2,523 WOOLLEY AVENUE,,10314,1,0,1,"4,000",919,1950,1,A2,"550,000",07/10/2025
5,WILLOWBROOK,01 ONE FAMILY DWELLINGS,1,742,45,,A2,523 WOOLLEY AVENUE,,10314,1,0,1,"4,000",919,1950,1,A2,"720,000",01/08/2026
5,WILLOWBROOK,01 ONE FAMILY DWELLINGS,1,745,32,,A5,118 MARTIN AVENUE,,10314,1,0,1,"2,000","1,200",2007,1,A5,"553,928",07/31/2025
5,WILLOWBROOK,01 ONE FAMILY DWELLINGS,1,745,56,,A2,595 WOOLLEY AVENUE,,10314,1,0,1,"4,000",912,1950,1,A2,0,10/22/2025
5,WILLOWBROOK,01 ONE FAMILY DWELLINGS,1,745,58,,A2,591 WOOLLEY AVENUE,,10314,1,0,1,"4,000",912,1980,1,A2,"635,000",10/31/2025
5,WILLOWBROOK,01 ONE FAMILY DWELLINGS,1,746,1,,S1,5 CRAFTON AVENUE,,10314,1,1,2,"7,137","2,514",1955,1,S1,0,01/08/2026
5,WILLOWBROOK,01 ONE FAMILY DWELLINGS,1,746,25,,A1,538 WOOLLEY AVENUE,,10314,1,0,1,"5,000","1,632",1935,1,A1,0,10/27/2025
5,WILLOWBROOK,01 ONE FAMILY DWELLINGS,1,747,10,,A2,12 CRAFTON AVENUE,,10314,1,0,1,"4,000","1,738",1960,1,A2,"860,000",07/22/2025
5,WILLOWBROOK,01 ONE FAMILY DWELLINGS,1,747,30,,A2,441 PURDY AVENUE,,10314,1,0,1,"6,300","1,008",1955,1,A2,"875,000",01/14/2026
5,WILLOWBROOK,01 ONE FAMILY DWELLINGS,1,748,12,,A1,572 WOOLLEY AVENUE,,10314,1,0,1,"4,000","1,104",1950,1,A1,0,07/17/2025
5,WILLOWBROOK,01 ONE FAMILY DWELLINGS,1,748,23,,A5,592 WOOLLEY AVENUE,,10314,1,0,1,"2,000","1,788",2015,1,A5,"695,000",01/09/2026
5,WILLOWBROOK,01 ONE FAMILY DWELLINGS,1,751,161,,A5,5A BELLHAVEN PLACE,,10314,1,0,1,"2,000","1,530",1993,1,A5,0,09/25/2025
5,WILLOWBROOK,01 ONE FAMILY DWELLINGS,1,772,14,,A2,208 SOUTH MANN AVENUE,,10314,1,0,1,"4,000","1,961",1970,1,A2,"885,000",12/19/2025
5,WILLOWBROOK,01 ONE FAMILY DWELLINGS,1,772,56,,A1,309 BUCHANAN AVE,,10314,1,0,1,"4,000","2,270",1970,1,A1,0,01/20/2026
5,WILLOWBROOK,01 ONE FAMILY DWELLINGS,1,773,19,,A1,308 BUCHANAN AVENUE,,10314,1,0,1,"4,000","2,165",1965,1,A1,0,07/16/2025
5,WILLOWBROOK,01 ONE FAMILY DWELLINGS,1,774,185,,A5,637 WESTWOOD AVENUE,,10314,1,0,1,"1,197","1,224",1988,1,A5,0,01/12/2026
5,WILLOWBROOK,01 ONE FAMILY DWELLINGS,1,776,42,,A1,5 BIRCHARD AVENUE,,10314,1,0,1,"5,000","3,664",1980,1,A1,"1,550,000",02/26/2026
5,WILLOWBROOK,01 ONE FAMILY DWELLINGS,1,777,48,,A1,729 WESTWOOD AVENUE,,10314,1,0,1,"4,000","2,132",1970,1,A1,"825,000",06/10/2025
5,WILLOWBROOK,01 ONE FAMILY DWELLINGS,1,778,77,,A1,165 WARWICK AVENUE,,10314,1,0,1,"3,560","2,000",1930,1,A1,"995,000",01/13/2026
5,WILLOWBROOK,01 ONE FAMILY DWELLINGS,1,779,26,,A2,182 WARWICK AVENUE,,10314,1,0,1,"4,000","1,974",1965,1,A2,"939,000",01/13/2026
5,WILLOWBROOK,01 ONE FAMILY DWELLINGS,1,780,21,,A5,334 KELL AVENUE,,10314,1,0,1,"3,150","1,570",1975,1,A5,"809,000",05/29/2025
5,WILLOWBROOK,01 ONE FAMILY DWELLINGS,1,781,90,,A1,229 WARWICK AVENUE,,10314,1,0,1,"4,300","2,624",1970,1,A1,0,11/20/2025
5,WILLOWBROOK,01 ONE FAMILY DWELLINGS,1,782,89,,A5,1105 WILLOWBROOK ROAD,,10314,1,0,1,"2,619","1,440",1970,1,A5,0,06/13/2025
5,WILLOWBROOK,01 ONE FAMILY DWELLINGS,1,783,11,,A5,203 ARDMORE AVENUE,,10314,1,0,1,"2,800","1,364",1970,1,A5,"729,000",07/02/2025
5,WILLOWBROOK,01 ONE FAMILY DWELLINGS,1,783,60,,A2,172 SHERADEN AVENUE,,10314,1,0,1,"4,000","2,010",1970,1,A2,0,05/23/2025
5,WILLOWBROOK,01 ONE FAMILY DWELLINGS,1,784,10,,A5,207 MARTIN AVENUE,,10314,1,0,1,"3,000","1,248",1970,1,A5,"780,000",11/17/2025
5,WILLOWBROOK,01 ONE FAMILY DWELLINGS,1,784,68,,A5,182 ARDMORE AVENUE,,10314,1,0,1,"2,791","1,186",1970,1,A5,"784,000",01/12/2026
5,WILLOWBROOK,01 ONE FAMILY DWELLINGS,1,788,43,,A1,294 SHERADEN AVENUE,,10314,1,0,1,"4,000","2,330",1965,1,A1,"993,000",08/06/2025
5,WILLOWBROOK,01 ONE FAMILY DWELLINGS,1,788,73,,A1,267 ARDMORE AVENUE,,10314,1,0,1,"4,000","2,504",1965,1,A1,"930,000",08/06/2025
5,WILLOWBROOK,01 ONE FAMILY DWELLINGS,1,792,38,,A1,949 WESTWOOD AVENUE,,10314,1,0,1,"4,346","1,856",1970,1,A1,"1,217,500",08/11/2025
5,WILLOWBROOK,01 ONE FAMILY DWELLINGS,1,795,46,,A1,715 WILLOWBROOK ROAD,,10314,1,0,1,"4,400","2,030",1955,1,A1,0,04/24/2025
5,WILLOWBROOK,01 ONE FAMILY DWELLINGS,1,795,51,,A5,N/A WILLOWBROOK ROAD,,10314,1,0,1,"2,808",785,2024,1,A5,"952,064",08/11/2025
5,WILLOWBROOK,01 ONE FAMILY DWELLINGS,1,795,52,,A5,N/A WILLOWBROOK ROAD,,10314,1,0,1,"2,802","1,609",2024,1,A5,"957,041",08/25/2025
5,WILLOWBROOK,01 ONE FAMILY DWELLINGS,1,795,84,,A9,680 STEWART AVENUE,,10314,1,0,1,"3,038","1,520",1980,1,A9,"765,000",06/09/2025
5,WILLOWBROOK,01 ONE FAMILY DWELLINGS,1,821,64,,A5,173 ROOSEVELT AVENUE,,10314,1,0,1,"2,200","1,312",1988,1,A5,"655,000",05/23/2025
5,WILLOWBROOK,01 ONE FAMILY DWELLINGS,1,821,77,,A5,147 ROOSEVELT AVENUE,,10314,1,0,1,"2,200","1,320",1998,1,A5,"645,000",09/30/2025
5,WILLOWBROOK,01 ONE FAMILY DWELLINGS,1,821,78,,A5,145 ROOSEVELT AVENUE,,10314,1,0,1,"2,200","1,320",1998,1,A5,0,11/04/2025
5,WILLOWBROOK,01 ONE FAMILY DWELLINGS,1,822,21,,A5,148 ROOSEVELT AVENUE,,10314,1,0,1,"2,000","1,390",1994,1,A5,"739,000",11/21/2025
5,WILLOWBROOK,01 ONE FAMILY DWELLINGS,1,822,24,,A1,156 ROOSEVELT AVENUE,,10314,1,0,1,"6,000","1,664",1930,1,A1,"810,000",02/20/2026
5,WILLOWBROOK,01 ONE FAMILY DWELLINGS,1,823,22,,A1,532 BUCHANAN AVENUE,,10314,1,0,1,"4,000","1,064",1940,1,A1,"965,000",04/10/2025
5,WILLOWBROOK,01 ONE FAMILY DWELLINGS,1,823,44,,A5,582 BUCHANAN AVENUE,,10314,1,0,1,"2,240","1,100",2007,1,A5,0,11/17/2025
5,WILLOWBROOK,01 ONE FAMILY DWELLINGS,1,824,56,,A5,47 TALARICO COURT,,10314,1,0,1,"7,748","1,690",2005,1,A5,"990,000",10/29/2025
5,WILLOWBROOK,01 ONE FAMILY DWELLINGS,1,825,22,,A5,66 FILLMORE AVENUE,,10314,1,0,1,"1,800","1,198",1996,1,A5,"730,000",09/03/2025
5,WILLOWBROOK,01 ONE FAMILY DWELLINGS,1,825,23,,A5,68 FILLMORE AVENUE,,10314,1,0,1,"2,100","1,200",1996,1,A5,"745,000",08/21/2025
5,WILLOWBROOK,01 ONE FAMILY DWELLINGS,1,825,64,,A1,69 BIRCHARD AVE.,,10314,1,0,1,"4,000","1,440",1965,1,A1,"812,500",04/02/2025
5,WILLOWBROOK,01 ONE FAMILY DWELLINGS,1,825,82,,A1,33 BIRCHARD AVENUE,,10314,1,0,1,"4,000","1,440",1965,1,A1,0,05/22/2025
5,WILLOWBROOK,01 ONE FAMILY DWELLINGS,1,1965,21,,A5,88 GWENN LOOP,,10314,1,0,1,"1,930","1,200",2005,1,A5,"713,000",07/28/2025
5,WILLOWBROOK,01 ONE FAMILY DWELLINGS,1,1965,37,,A2,841 ROCKLAND AVENUE,,10314,1,0,1,"7,125","1,100",1925,1,A2,"850,000",05/07/2025
5,WILLOWBROOK,01 ONE FAMILY DWELLINGS,1,1965,98,,A5,25 GWENN LOOP,,10314,1,0,1,"5,200","1,400",2005,1,A5,"729,000",06/23/2025
5,WILLOWBROOK,01 ONE FAMILY DWELLINGS,1,1970,49,,A5,64 ROANOKE STREET,,10314,1,0,1,"2,347","1,456",1980,1,A5,"685,000",01/07/2026
5,WILLOWBROOK,01 ONE FAMILY DWELLINGS,1,1975,503,,S1,1023 FOREST HILL ROAD,,10314,1,1,2,"5,640","1,960",1975,1,S1,"999,000",12/17/2025
5,WILLOWBROOK,01 ONE FAMILY DWELLINGS,1,1975,564,,A1,159 FIELDS AVENUE,,10314,1,0,1,"4,133","2,200",1975,1,A1,"1,260,000",11/24/2025
5,WILLOWBROOK,01 ONE FAMILY DWELLINGS,1,1977,23,,A1,28 DOROTHY STREET,,10314,1,0,1,"4,000","2,130",1965,1,A1,0,10/18/2025
5,WILLOWBROOK,01 ONE FAMILY DWELLINGS,1,1978,40,,A5,45 DOROTHY STREET,,10314,1,0,1,"2,496","1,512",1965,1,A5,"790,000",08/27/2025
5,WILLOWBROOK,01 ONE FAMILY DWELLINGS,1,1984,125,,A5,152 JOSEPH AVE,,10314,1,0,1,"2,387","2,095",1985,1,A5,"870,000",04/30/2025
5,WILLOWBROOK,01 ONE FAMILY DWELLINGS,1,1985,125,,A5,61 OAKVILLE STREET,,10314,1,0,1,"2,500","2,256",1982,1,A5,"733,000",04/29/2025
5,WILLOWBROOK,01 ONE FAMILY DWELLINGS,1,1985,139,,A5,15 SOREN STREET,,10314,1,0,1,"3,100","1,232",1975,1,A5,"618,000",12/09/2025
5,WILLOWBROOK,01 ONE FAMILY DWELLINGS,1,1986,35,,A1,86 SUNSET AVENUE,,10314,1,0,1,"4,800","1,680",1970,1,A1,"725,000",06/04/2025
5,WILLOWBROOK,01 ONE FAMILY DWELLINGS,1,1988,7,,A5,145 JOSEPH AVENUE,,10314,1,0,1,"2,344","1,752",1985,1,A5,"790,000",08/07/2025
5,WILLOWBROOK,01 ONE FAMILY DWELLINGS,1,1988,31,,A3,93 JOSEPH AVENUE,,10314,1,0,1,"4,802","3,595",1985,1,A3,"1,500,000",06/25/2025
5,WILLOWBROOK,01 ONE FAMILY DWELLINGS,1,1988,82,,A3,27 WASHINGTON AVENUE,,10314,1,0,1,"5,154","2,880",1996,1,A3,"1,675,000",01/30/2026
5,WILLOWBROOK,01 ONE FAMILY DWELLINGS,1,1988,133,,A5,109 WASHINGTON AVENUE,,10314,1,0,1,"2,328","2,057",1980,1,A5,0,02/01/2026
5,WILLOWBROOK,01 ONE FAMILY DWELLINGS,1,2035,55,,A5,31 SENECA LOOP,,10314,1,0,1,"1,650","1,040",1991,1,A5,0,01/05/2026
5,WILLOWBROOK,01 ONE FAMILY DWELLINGS,1,2086,29,,A1,58 DARCEY AVENUE,,10314,1,0,1,"4,000","2,234",1970,1,A1,"880,000",10/21/2025
5,WILLOWBROOK,01 ONE FAMILY DWELLINGS,1,2087,23,,A1,68 DREYER AVENUE,,10314,1,0,1,"4,000","2,133",1970,1,A1,0,04/15/2025
5,WILLOWBROOK,01 ONE FAMILY DWELLINGS,1,2090,18,,A5,1 DREYER AVE,,10314,1,0,1,943,"1,200",1985,1,A5,"340,793",11/21/2025
5,WILLOWBROOK,01 ONE FAMILY DWELLINGS,1,2091,21,,A5,18B DREYER AVENUE,,10314,1,0,1,848,"1,200",1988,1,A5,"365,040",01/08/2026
5,WILLOWBROOK,02 TWO FAMILY DWELLINGS,1,731,51,,B2,175 MANN AVENUE,,10314,2,0,2,"4,000","2,093",1960,1,B2,0,04/25/2025
5,WILLOWBROOK,02 TWO FAMILY DWELLINGS,1,732,27,,B2,166 MANN AVENUE,,10314,2,0,2,"4,000","3,589",1955,1,B2,"980,000",04/29/2025
5,WILLOWBROOK,02 TWO FAMILY DWELLINGS,1,735,36,,B2,267 PURDY AVENUE,,10314,2,0,2,"5,400","1,920",1950,1,B2,"847,000",12/16/2025
5,WILLOWBROOK,02 TWO FAMILY DWELLINGS,1,737,8,,B2,244 PURDY AVENUE,,10314,2,0,2,"3,300","1,728",1955,1,B2,0,11/07/2025
5,WILLOWBROOK,02 TWO FAMILY DWELLINGS,1,740,1,,B2,2272 VICTORY BOULEVARD,,10314,2,0,2,"3,510","2,496",1978,1,B2,"850,000",07/11/2025
5,WILLOWBROOK,02 TWO FAMILY DWELLINGS,1,744,8,,B2,66 ARDMORE AVE,,10314,2,0,2,"6,300","2,160",1950,1,B2,"1,112,000",07/28/2025
5,WILLOWBROOK,02 TWO FAMILY DWELLINGS,1,744,59,,B2,97 MARTIN AVENUE,,10314,2,0,2,"6,000","3,838",1960,1,B2,"1,325,000",01/14/2026
5,WILLOWBROOK,02 TWO FAMILY DWELLINGS,1,772,72,,B1,365 BUCHANAN AVENUE,,10314,2,0,2,"4,309","1,990",1974,1,B1,"910,000",06/27/2025
5,WILLOWBROOK,02 TWO FAMILY DWELLINGS,1,775,55,,B2,8 ROOSEVELT AVENUE,,10314,2,0,2,"3,096","1,364",2005,1,B2,"850,000",04/23/2025
5,WILLOWBROOK,02 TWO FAMILY DWELLINGS,1,776,56,,B9,337 KELL AVENUE,,10314,2,0,2,"3,454","2,016",1980,1,B9,"740,000",02/26/2026
5,WILLOWBROOK,02 TWO FAMILY DWELLINGS,1,776,57,,B9,335 KELL AVENUE,,10314,2,0,2,"3,410","2,016",1980,1,B9,"790,000",12/31/2025
5,WILLOWBROOK,02 TWO FAMILY DWELLINGS,1,778,21,,B2,620 INGRAM AVENUE,,10314,2,0,2,"5,013","1,860",1970,1,B2,0,02/13/2026
5,WILLOWBROOK,02 TWO FAMILY DWELLINGS,1,779,34,,B2,198 WARWICK AVENUE,,10314,2,0,2,"4,000","2,072",1970,1,B2,"999,000",12/11/2025
5,WILLOWBROOK,02 TWO FAMILY DWELLINGS,1,781,70,,B2,267 WARWICK AVENUE,,10314,2,0,2,"4,300","2,240",1970,1,B2,0,05/08/2025
5,WILLOWBROOK,02 TWO FAMILY DWELLINGS,1,790,88,,B2,68 DAWSON STREET,,10314,2,0,2,"4,116","2,275",1970,1,B2,0,05/15/2025
5,WILLOWBROOK,02 TWO FAMILY DWELLINGS,1,790,92,,B2,60 DAWSON STREET,,10314,2,0,2,"4,230","2,312",1970,1,B2,0,05/15/2025
5,WILLOWBROOK,02 TWO FAMILY DWELLINGS,1,790,175,,B2,85 DAWSON STREET,,10314,2,0,2,"4,320","2,355",1970,1,B2,"970,000",10/23/2025
5,WILLOWBROOK,02 TWO FAMILY DWELLINGS,1,790,226,,B2,73 DAWSON STREET,,10314,2,0,2,"5,460","2,292",1970,1,B2,"1,090,000",06/05/2025
5,WILLOWBROOK,02 TWO FAMILY DWELLINGS,1,791,58,,B2,270 CRAFTON AVENUE,,10314,2,0,2,"4,879","2,340",1975,1,B2,0,04/09/2025
5,WILLOWBROOK,02 TWO FAMILY DWELLINGS,1,791,58,,B2,270 CRAFTON AVENUE,,10314,2,0,2,"4,879","2,340",1975,1,B2,"1,400,000",12/31/2025
5,WILLOWBROOK,02 TWO FAMILY DWELLINGS,1,791,60,,B2,274 CRAFTON AVENUE,,10314,2,0,2,"4,879","2,340",1975,1,B2,"1,150,000",10/20/2025
5,WILLOWBROOK,02 TWO FAMILY DWELLINGS,1,791,78,,B2,915 WILLOWBROOK ROAD,,10314,2,0,2,"7,222","2,488",1975,1,B2,"1,320,000",03/12/2026
5,WILLOWBROOK,02 TWO FAMILY DWELLINGS,1,792,28,,B2,202 WOODWARD AVENUE,,10314,2,0,2,"4,920","2,152",1970,1,B2,"1,150,000",06/13/2025
5,WILLOWBROOK,02 TWO FAMILY DWELLINGS,1,794,130,,B2,996 WESTWOOD AVENUE,,10314,2,0,2,"5,880","1,848",1970,1,B2,0,08/20/2025
5,WILLOWBROOK,02 TWO FAMILY DWELLINGS,1,794,260,,B2,20 BASCOM PLACE,,10314,2,0,2,"4,429","1,928",1975,1,B2,"990,000",08/21/2025
5,WILLOWBROOK,02 TWO FAMILY DWELLINGS,1,824,95,,B9,61 SUNSET AVENUE,,10314,2,0,2,"2,465","1,292",1998,1,B9,"829,000",07/23/2025
5,WILLOWBROOK,02 TWO FAMILY DWELLINGS,1,824,131,,B2,60 LARRISON LOOP,,10314,2,0,2,"1,300","2,200",1999,1,B2,0,01/22/2026
5,WILLOWBROOK,02 TWO FAMILY DWELLINGS,1,824,135,,B2,68 LARRISON LOOP,,10314,2,0,2,"3,002","2,800",1999,1,B2,0,11/22/2025
5,WILLOWBROOK,02 TWO FAMILY DWELLINGS,1,1965,8,,B2,783 ROCKLAND AVENUE,,10314,2,0,2,"4,510","2,100",1970,1,B2,10,07/17/2025
5,WILLOWBROOK,02 TWO FAMILY DWELLINGS,1,1965,216,,B2,44 STEERS STREET,,10314,2,0,2,"4,746","1,966",1970,1,B2,0,06/05/2025
5,WILLOWBROOK,02 TWO FAMILY DWELLINGS,1,1965,256,,B2,19 JASPER STREET,,10314,2,0,2,"4,200","2,350",1970,1,B2,0,11/25/2025
5,WILLOWBROOK,02 TWO FAMILY DWELLINGS,1,1965,270,,B2,45 JASPER STREET,,10314,2,0,2,"4,400","2,230",1970,1,B2,0,08/25/2025
5,WILLOWBROOK,02 TWO FAMILY DWELLINGS,1,1965,341,,B2,32 NORWICH STREET,,10314,2,0,2,"4,000","2,391",1970,1,B2,"970,000",04/03/2025
5,WILLOWBROOK,02 TWO FAMILY DWELLINGS,1,1965,382,,B2,35 PILCHER STREET,,10314,2,0,2,"4,400","2,214",1970,1,B2,0,06/03/2025
5,WILLOWBROOK,02 TWO FAMILY DWELLINGS,1,1970,7,,B2,11 WALCOTT AVENUE,,10314,2,0,2,"4,120","2,140",1980,1,B2,0,08/12/2025
5,WILLOWBROOK,02 TWO FAMILY DWELLINGS,1,1972,24,,B9,54 OAKVILLE STREET,,10314,2,0,2,"2,205","1,812",1983,1,B9,0,09/30/2025
5,WILLOWBROOK,02 TWO FAMILY DWELLINGS,1,1972,63,,B9,6 OAKVILLE STREET,,10314,2,0,2,"2,981","2,394",1983,1,B9,0,04/23/2025
5,WILLOWBROOK,02 TWO FAMILY DWELLINGS,1,1972,102,,B2,57 RUPERT AVE,,10314,2,0,2,"4,305","2,220",1975,1,B2,"900,000",08/26/2025
5,WILLOWBROOK,02 TWO FAMILY DWELLINGS,1,1974,34,,B2,51 ROANOKE STREET,,10314,2,0,2,"4,311","2,184",1975,1,B2,"1,100,000",10/03/2025
5,WILLOWBROOK,02 TWO FAMILY DWELLINGS,1,1974,42,,B2,67 ROANOKE STREET,,10314,2,0,2,"4,360","2,850",1975,1,B2,0,06/23/2025
5,WILLOWBROOK,02 TWO FAMILY DWELLINGS,1,1977,1,,B2,3 ISMAY STREET,,10314,2,0,2,"6,300","2,130",1965,1,B2,0,08/14/2025
5,WILLOWBROOK,02 TWO FAMILY DWELLINGS,1,1977,33,,B2,48 DOROTHY STREET,,10314,2,0,2,"4,600","1,990",1965,1,B2,"1,120,000",07/24/2025
5,WILLOWBROOK,02 TWO FAMILY DWELLINGS,1,1980,44,,B2,49 DEWHURST,,10314,2,0,2,"4,700","2,224",1970,1,B2,"950,000",09/01/2025
5,WILLOWBROOK,02 TWO FAMILY DWELLINGS,1,1982,69,,B3,15 BOONE STREET,,10314,2,0,2,"5,400","2,520",1960,1,B3,"1,500,000",12/02/2025
5,WILLOWBROOK,02 TWO FAMILY DWELLINGS,1,1985,152,,B2,15 NILES PLACE,,10314,2,0,2,"3,895","2,172",1970,1,B2,0,07/08/2025
5,WILLOWBROOK,03 THREE FAMILY DWELLINGS,1,824,32,,C0,318 HAROLD STREET,,10314,3,0,3,"6,860","3,032",1937,1,C0,"1,100,000",09/09/2025
5,WILLOWBROOK,04 TAX CLASS 1 CONDOS,1A,822,1006,,R3,"343B HAROLD STREET, 6",6,10314,1,,1,,,1991,1,R3,"446,000",12/03/2025
5,WILLOWBROOK,04 TAX CLASS 1 CONDOS,1A,823,1008,,R3,"546B BUCHANAN AVENUE, 26",26,10314,1,,1,,,1992,1,R3,"468,000",10/10/2025
5,WILLOWBROOK,04 TAX CLASS 1 CONDOS,1A,823,1016,,R3,"566B BUCHANAN AVENUE, 18",18,10314,1,,1,,,1992,1,R3,"450,000",01/20/2026
5,WILLOWBROOK,04 TAX CLASS 1 CONDOS,1A,824,1003,,R3,"17A BRADLEY COURT, 35",35,10314,1,,1,,,1991,1,R3,"421,879",02/05/2026
5,WILLOWBROOK,04 TAX CLASS 1 CONDOS,1A,824,1019,,R3,"50A BRADLEY COURT, 51",51,10314,1,,1,,,1991,1,R3,"435,000",04/14/2025
5,WILLOWBROOK,04 TAX CLASS 1 CONDOS,1A,824,1020,,R3,"50B BRADLEY COURT, 52",52,10314,1,,1,,,1991,1,R3,"433,630",11/07/2025
5,WILLOWBROOK,04 TAX CLASS 1 CONDOS,1A,824,1033,,R3,30 BRADLEY COURT,,10314,1,,1,,,1991,1,R3,"411,100",05/13/2025
5,WILLOWBROOK,04 TAX CLASS 1 CONDOS,1A,1965,1109,,R3,"1235 FOREST HILL ROAD, 1J",1J,10314,1,,1,,,2015,1,R3,"525,000",08/13/2025
5,WILLOWBROOK,04 TAX CLASS 1 CONDOS,1A,2086,1006,,R3,"33 DREYER AVENUE, #6",,10314,1,,1,,,1979,1,R3,"451,230",04/03/2025
5,WILLOWBROOK,04 TAX CLASS 1 CONDOS,1A,2086,1007,,R3,35 DREYER AVENUE,,10314,1,,1,,,1979,1,R3,"637,000",10/27/2025
5,WILLOWBROOK,04 TAX CLASS 1 CONDOS,1A,2087,1012,,R3,410 HAWTHORNE AVENUE,,10314,1,,1,,,1980,1,R3,"549,000",12/22/2025
5,WILLOWBROOK,04 TAX CLASS 1 CONDOS,1A,2088,1006,,R3,401 HAWTHORNE AVENUE,,10314,1,,1,,,1980,1,R3,10,04/02/2025
5,WILLOWBROOK,05 TAX CLASS 1 VACANT LAND,1B,1965,44,,V0,N/A ROCKLAND AVENUE,,10314,0,0,0,"7,147",0,,1,V0,0,03/05/2026
5,WILLOWBROOK,07 RENTALS - WALKUP APARTMENTS,2,1965,49,,C1,1239 FOREST HILL ROAD,,10314,24,0,24,"48,248","30,093",2025,2,C1,0,03/05/2026
5,WILLOWBROOK,22 STORE BUILDINGS,4,736,1,,K4,2248 VICTORY BOULEVARD,,10314,1,1,2,"2,866","2,317",2018,4,K4,"3,500,000",01/29/2026
5,WILLOWBROOK,22 STORE BUILDINGS,4,736,3,,K4,2246 VICTORY BOULEVARD,,10314,1,1,2,"3,924","2,508",2019,4,K4,"3,500,000",01/29/2026
5,WILLOWBROOK,29 COMMERCIAL GARAGES,4,2098,29,,G1,14 NEPTUNE PLACE,,10314,0,1,1,"6,000","4,800",1979,4,G1,"450,000",09/09/2025
5,WILLOWBROOK,37 RELIGIOUS FACILITIES,4,1985,70,,M1,28 SUNSET AVENUE,,10314,0,1,1,"25,127","15,471",2013,4,M1,0,11/16/2025
5,WILLOWBROOK,44 CONDO PARKING,4,1965,1141,,RG,"1235 FOREST HILL ROAD, P18",P18,10314,,1,1,,,2015,4,RG,"525,000",08/13/2025
5,WOODROW,01 ONE FAMILY DWELLINGS,1,6912,1,,A1,1888 DRUMGOOLE ROAD WEST,,10309,1,0,1,"3,120","1,800",1974,1,A1,"900,000",09/04/2025
5,WOODROW,01 ONE FAMILY DWELLINGS,1,6912,97,,A2,1814 DRUMGOOLE ROAD WEST,,10309,1,0,1,"6,500",816,1970,1,A2,0,05/08/2025
5,WOODROW,01 ONE FAMILY DWELLINGS,1,6912,97,,A2,1814 DRUMGOOLE ROAD WEST,,10309,1,0,1,"6,500",816,1970,1,A2,0,06/07/2025
5,WOODROW,01 ONE FAMILY DWELLINGS,1,6913,5,,A1,634 DARLINGTON AVENUE,,10309,1,0,1,"3,692","2,052",2020,1,A1,"1,125,000",12/23/2025
5,WOODROW,01 ONE FAMILY DWELLINGS,1,6914,1,,A1,635 DARLINGTON AVE,,10309,1,0,1,"13,481","2,250",1978,1,A1,0,06/25/2025
5,WOODROW,01 ONE FAMILY DWELLINGS,1,6918,61,,A2,997 EDGEGROVE AVENUE,,10309,1,0,1,"10,000","2,452",1980,1,A2,"1,125,000",04/01/2025
5,WOODROW,01 ONE FAMILY DWELLINGS,1,6919,105,,A3,1009 IONIA AVENUE,,10309,1,0,1,"10,000","4,326",1985,1,A3,0,05/29/2025
5,WOODROW,01 ONE FAMILY DWELLINGS,1,6920,16,,A5,656 RAMONA AVENUE,,10309,1,0,1,"2,032","1,456",1986,1,A5,0,05/20/2025
5,WOODROW,01 ONE FAMILY DWELLINGS,1,6920,25,,A5,630 RAMONA AVENUE,,10309,1,0,1,"1,880","1,456",1986,1,A5,"640,000",02/25/2026
5,WOODROW,01 ONE FAMILY DWELLINGS,1,6920,26,,A5,626 RAMONA AVENUE,,10309,1,0,1,"1,880","1,456",1986,1,A5,"728,000",06/13/2025
5,WOODROW,01 ONE FAMILY DWELLINGS,1,6920,59,,A1,941 LAMONT AVENUE,,10309,1,0,1,"5,000","3,010",2006,1,A1,0,12/10/2025
5,WOODROW,01 ONE FAMILY DWELLINGS,1B,6925,12,,V0,909 RATHBUN AVENUE,,10309,0,0,0,"3,333",0,1930,1,A0,"1,200,000",07/29/2025
5,WOODROW,01 ONE FAMILY DWELLINGS,1,6925,47,,A5,994 RENSSELAER AVENUE,,10309,1,0,1,"2,000","1,496",1984,1,A5,"775,000",06/23/2025
5,WOODROW,01 ONE FAMILY DWELLINGS,1,6925,50,,A5,988 RENSSELAER AVENUE,,10309,1,0,1,"2,000","1,496",1984,1,A5,"750,000",08/18/2025
5,WOODROW,01 ONE FAMILY DWELLINGS,1,6925,64,,A2,960 RENSSELAER AVENUE,,10309,1,0,1,"4,200","1,008",1965,1,A2,"660,000",10/16/2025
5,WOODROW,01 ONE FAMILY DWELLINGS,1,6930,10,,A2,931 SHELDON AVENUE,,10309,1,0,1,"3,857","1,040",1950,1,A2,0,11/07/2025
5,WOODROW,01 ONE FAMILY DWELLINGS,1,6930,13,,A2,935 SHELDON AVENUE,,10309,1,0,1,"3,840","1,951",1970,1,A2,"950,000",06/26/2025
5,WOODROW,01 ONE FAMILY DWELLINGS,1,6930,30,,A1,973 SHELDON AVENUE,,10309,1,0,1,"3,300","2,166",1984,1,A1,"855,000",02/19/2026
5,WOODROW,01 ONE FAMILY DWELLINGS,1,6931,40,,A2,896 STAFFORD AVENUE,,10309,1,0,1,"4,000","1,050",1960,1,A2,0,12/17/2025
5,WOODROW,01 ONE FAMILY DWELLINGS,1,6931,40,,A2,896 STAFFORD AVENUE,,10309,1,0,1,"4,000","1,050",1960,1,A2,"750,000",07/08/2025
5,WOODROW,01 ONE FAMILY DWELLINGS,1,6931,48,,A1,874 STAFFORD AVENUE,,10309,1,0,1,"8,000","2,600",1920,1,A1,0,04/14/2025
5,WOODROW,01 ONE FAMILY DWELLINGS,1,6932,20,,A2,879 STAFFORD AVENUE,,10309,1,0,1,"4,000","1,529",1965,1,A2,0,11/19/2025
5,WOODROW,01 ONE FAMILY DWELLINGS,1,6932,39,,A2,184 RAMAPO AVENUE,,10309,1,0,1,"4,000",880,1955,1,A2,"715,000",08/28/2025
5,WOODROW,01 ONE FAMILY DWELLINGS,1,6932,77,,A1,192 RAMAPO AVENUE,,10309,1,0,1,"4,000","1,976",1975,1,A1,"838,000",06/25/2025
5,WOODROW,01 ONE FAMILY DWELLINGS,1,6933,12,,A0,153 RAMAPO AVENUE,,10309,1,0,1,"5,000",840,1955,1,A0,"740,000",04/30/2025
5,WOODROW,01 ONE FAMILY DWELLINGS,1,6933,73,,A1,142 WIELAND AVENUE,,10309,1,0,1,"4,000","2,048",1975,1,A1,"780,000",10/27/2025
5,WOODROW,01 ONE FAMILY DWELLINGS,1,6934,4,,A2,1272 WOODROW ROAD,,10309,1,0,1,"4,560","2,588",1970,1,A2,"795,000",11/25/2025
5,WOODROW,01 ONE FAMILY DWELLINGS,1,6958,7,,A5,383 MAGUIRE AVENUE,,10309,1,0,1,930,960,1987,1,A5,"537,500",04/03/2025
5,WOODROW,01 ONE FAMILY DWELLINGS,1,6958,50,,A5,731D RAMONA AVENUE,,10309,1,0,1,"1,458",960,1987,1,A5,"630,000",08/12/2025
5,WOODROW,01 ONE FAMILY DWELLINGS,1,6966,32,,A5,1083 SHELDON AVENUE,,10309,1,0,1,"2,565","1,600",2002,1,A5,"900,000",05/29/2025
5,WOODROW,01 ONE FAMILY DWELLINGS,1,6967,83,,A5,1054 RENSSELAER AVENUE,,10309,1,0,1,"2,500","1,240",1987,1,A5,"685,000",10/27/2025
5,WOODROW,01 ONE FAMILY DWELLINGS,1,6967,98,,A5,1030 RENSSELAER AVENUE,,10309,1,0,1,"2,500","1,440",1987,1,A5,"720,000",11/05/2025
5,WOODROW,01 ONE FAMILY DWELLINGS,1,6967,101,,A5,1024 RENSSELAER AVENUE,,10309,1,0,1,"2,500","1,440",1987,1,A5,"765,000",01/21/2026
5,WOODROW,01 ONE FAMILY DWELLINGS,1,6968,3,,A5,1023 RENSSELAER AVENUE,,10309,1,0,1,"2,600","1,680",1998,1,A5,0,04/15/2025
5,WOODROW,01 ONE FAMILY DWELLINGS,1,6968,65,,A5,1052 SHELDON AVENUE,,10309,1,0,1,"2,600","1,344",1999,1,A5,0,04/07/2025
5,WOODROW,01 ONE FAMILY DWELLINGS,1,6968,84,,A5,1010 SHELDON AVENUE,,10309,1,0,1,"2,561","1,592",1998,1,A5,"844,600",06/30/2025
5,WOODROW,01 ONE FAMILY DWELLINGS,1,6971,24,,A1,985 STAFFORD AVENUE,,10309,1,0,1,"4,000","1,632",1970,1,A1,0,01/31/2026
5,WOODROW,01 ONE FAMILY DWELLINGS,1,6971,82,,A1,238 RAMAPO AVENUE,,10309,1,0,1,"4,000","1,890",1970,1,A1,0,08/11/2025
5,WOODROW,01 ONE FAMILY DWELLINGS,1,7014,3,,A2,11 ALYSIA COURT,,10309,1,0,1,"4,182","1,032",1980,1,A2,0,01/21/2026
5,WOODROW,01 ONE FAMILY DWELLINGS,1,7014,148,,A1,23 HELENE COURT,,10309,1,0,1,"3,800","2,350",1994,1,A1,"973,000",09/05/2025
5,WOODROW,01 ONE FAMILY DWELLINGS,1,7093,35,,A5,31 HARRIS LANE,,10309,1,0,1,"3,344","1,480",1998,1,A5,"755,000",10/08/2025
5,WOODROW,01 ONE FAMILY DWELLINGS,1,7093,78,,A5,109 HARRIS LANE,,10309,1,0,1,"2,375","1,439",2000,1,A5,"725,000",05/29/2025
5,WOODROW,01 ONE FAMILY DWELLINGS,1,7094,32,,A5,119 BERKSHIRE LANE,,10309,1,0,1,"6,274","1,616",2019,1,A5,"945,000",02/17/2026
5,WOODROW,01 ONE FAMILY DWELLINGS,1,7094,70,,A5,16 BERKSHIRE LANE,,10309,1,0,1,"4,427","2,190",2017,1,A5,"920,000",09/23/2025
5,WOODROW,01 ONE FAMILY DWELLINGS,1,7094,148,,A5,22 HARRIS LANE,,10309,1,0,1,"3,504","1,790",2021,1,A5,"982,611",07/10/2025
5,WOODROW,01 ONE FAMILY DWELLINGS,1,7094,149,,A5,N/A HARRIS LANE,,10309,1,0,1,"3,501","1,790",2021,1,A5,"982,611",08/06/2025
5,WOODROW,01 ONE FAMILY DWELLINGS,1,7094,150,,A5,N/A HARRIS LANE,,10309,1,0,1,"3,499","1,790",2021,1,A5,"997,885",07/29/2025
5,WOODROW,01 ONE FAMILY DWELLINGS,1,7094,151,,A5,30 HARRIS LANE,,10309,1,0,1,"3,495","1,790",2021,1,A5,"967,338",08/01/2025
5,WOODROW,01 ONE FAMILY DWELLINGS,1,7094,152,,A5,N/A HARRIS LANE,,10309,1,0,1,"3,492","1,790",2021,1,A5,"965,301",05/27/2025
5,WOODROW,01 ONE FAMILY DWELLINGS,1,7094,153,,A5,36 HARRIS LANE,,10309,1,0,1,"3,492","1,790",2021,1,A5,"967,338",05/29/2025
5,WOODROW,01 ONE FAMILY DWELLINGS,1,7094,154,,A5,N/A HARRIS LANE,,10309,1,0,1,"3,497","1,790",2021,1,A5,"965,000",06/03/2025
5,WOODROW,01 ONE FAMILY DWELLINGS,1,7094,155,,A5,N/A HARRIS LANE,,10309,1,0,1,"3,484","1,790",2021,1,A5,"996,000",05/20/2025
5,WOODROW,01 ONE FAMILY DWELLINGS,1,7105,556,,A5,39 PLUMTREE LANE,,10309,1,0,1,"2,114","1,432",2012,1,A5,"839,999",06/17/2025
5,WOODROW,01 ONE FAMILY DWELLINGS,1,7105,589,,A5,97 CRABTREE AVENUE,,10309,1,0,1,"3,094","1,240",2011,1,A5,"840,000",11/18/2025
5,WOODROW,01 ONE FAMILY DWELLINGS,1,7106,4,,A5,15 LORRAINE LOOP,,10309,1,0,1,"2,992","1,032",1991,1,A5,"460,000",04/17/2025
5,WOODROW,01 ONE FAMILY DWELLINGS,1,7106,7,,A5,17 LORRAINE LOOP,,10309,1,0,1,"1,292","1,032",1991,1,A5,"549,000",01/06/2026
5,WOODROW,01 ONE FAMILY DWELLINGS,1,7106,67,,A5,852 BLOOMINGDALE ROAD,,10309,1,0,1,"1,176","1,570",1991,1,A5,"550,000",11/24/2025
5,WOODROW,01 ONE FAMILY DWELLINGS,1,7106,72,,A5,94 LORRAINE LOOP,,10309,1,0,1,"1,062","1,032",1992,1,A5,0,12/11/2025
5,WOODROW,01 ONE FAMILY DWELLINGS,1,7106,74,,A5,96 LORRAINE LOOP,,10309,1,0,1,"1,062","1,032",1992,1,A5,0,06/24/2025
5,WOODROW,01 ONE FAMILY DWELLINGS,1,7106,85,,A5,106 LORRAINE LOOP,,10309,1,0,1,"1,062","1,570",1992,1,A5,"590,000",07/15/2025
5,WOODROW,01 ONE FAMILY DWELLINGS,1,7106,104,,A5,126 LORRAINE LOOP,,10309,1,0,1,"2,229","1,032",1992,1,A5,"555,000",01/26/2026
5,WOODROW,01 ONE FAMILY DWELLINGS,1,7106,110,,A5,816 BLOOMINGDALE ROAD,,10309,1,0,1,"1,176","1,032",1991,1,A5,"533,000",02/18/2026
5,WOODROW,01 ONE FAMILY DWELLINGS,1,7106,205,,A5,169 LORRAINE LOOP,,10309,1,0,1,"1,328","1,080",1990,1,A5,"595,000",01/16/2026
5,WOODROW,01 ONE FAMILY DWELLINGS,1,7106,211,,A5,157 LORRAINE LOOP,,10309,1,0,1,"1,328","1,570",1990,1,A5,"630,000",07/18/2025
5,WOODROW,01 ONE FAMILY DWELLINGS,1,7106,228,,A5,121 LORRAINE LOOP,,10309,1,0,1,"1,310","1,435",1990,1,A5,"624,000",07/16/2025
5,WOODROW,01 ONE FAMILY DWELLINGS,1,7106,252,,A5,71 LORRAINE LOOP,,10309,1,0,1,"1,922","1,050",1990,1,A5,"610,000",11/14/2025
5,WOODROW,01 ONE FAMILY DWELLINGS,1,7267,58,,A5,26 JESSICA LANE,,10309,1,0,1,"2,835","1,440",1997,1,A5,0,10/25/2025
5,WOODROW,01 ONE FAMILY DWELLINGS,1,7267,79,,A5,11 JESSICA LANE,,10309,1,0,1,"2,773","1,480",1997,1,A5,"780,000",03/25/2026
5,WOODROW,01 ONE FAMILY DWELLINGS,1,7267,157,,A1,102 CLAYPIT RD,,10309,1,0,1,"4,395","1,600",1997,1,A1,0,04/18/2025
5,WOODROW,01 ONE FAMILY DWELLINGS,1,7317,25,,A5,28 MANDY COURT,,10309,1,0,1,"2,379","1,760",1998,1,A5,"743,660",07/30/2025
5,WOODROW,01 ONE FAMILY DWELLINGS,1,7317,236,,A5,41 PEMBROOK LOOP,,10309,1,0,1,"2,862","2,206",1992,1,A5,0,01/30/2026
5,WOODROW,01 ONE FAMILY DWELLINGS,1,7317,272,,A5,117 PEMBROOK LOOP,,10309,1,0,1,"1,350","1,828",1993,1,A5,"685,000",12/30/2025
5,WOODROW,01 ONE FAMILY DWELLINGS,1,7317,287,,A5,151 PEMBROOK LOOP,,10309,1,0,1,"1,460","1,672",1992,1,A5,"575,000",04/15/2025
5,WOODROW,01 ONE FAMILY DWELLINGS,1,7319,16,,A5,50 MALLARD LANE,,10309,1,0,1,"4,300","1,575",1992,1,A5,"650,000",01/20/2026
5,WOODROW,01 ONE FAMILY DWELLINGS,1,7319,24,,A5,120 PEMBROOK LOOP,,10309,1,0,1,"1,442","1,672",1992,1,A5,"585,000",05/02/2025
5,WOODROW,01 ONE FAMILY DWELLINGS,1,7319,26,,A5,124 PEMBROOK LOOP,,10309,1,0,1,"1,442","1,672",1992,1,A5,"680,740",10/08/2025
5,WOODROW,01 ONE FAMILY DWELLINGS,1,7319,29,,A5,182 PEMBROOK LOOP,,10309,1,0,1,"5,210","1,900",1992,1,A5,"700,000",10/30/2025
5,WOODROW,01 ONE FAMILY DWELLINGS,1,7339,49,,A5,27 SONIA COURT,,10309,1,0,1,"3,020","1,800",1996,1,A5,"800,000",10/24/2025
5,WOODROW,01 ONE FAMILY DWELLINGS,1,7351,48,,A5,33 PITNEY AVENUE,,10309,1,0,1,"2,500","1,500",2000,1,A5,0,06/11/2025
5,WOODROW,01 ONE FAMILY DWELLINGS,1,7355,25,,A1,75 CHURCHILL AVENUE,,10309,1,0,1,"4,830","1,680",2001,1,A1,"1,065,000",01/27/2026
5,WOODROW,01 ONE FAMILY DWELLINGS,1,7355,79,,A5,86 AMBASSADOR LANE,,10309,1,0,1,"2,645","2,250",2001,1,A5,"825,000",07/23/2025
5,WOODROW,02 TWO FAMILY DWELLINGS,1,6913,56,,B2,276 FOSTER ROAD,,10309,2,0,2,"4,000","2,316",1974,1,B2,"620,721",10/06/2025
5,WOODROW,02 TWO FAMILY DWELLINGS,1,6914,21,,B2,1044 EDGEGROVE AVENUE,,10309,2,0,2,"10,000","4,192",2004,1,B2,"1,399,000",07/03/2025
5,WOODROW,02 TWO FAMILY DWELLINGS,1,6918,12,,B2,1020 IONIA AVENUE,,10309,2,0,2,"10,000","3,000",1980,1,B2,"980,000",09/18/2025
5,WOODROW,02 TWO FAMILY DWELLINGS,1,6919,76,,B2,987 IONIA AVENUE,,10309,2,0,2,"8,000","3,952",1986,1,B2,"1,670,000",01/23/2026
5,WOODROW,02 TWO FAMILY DWELLINGS,1,6920,64,,B2,951 LAMONT AVENUE,,10309,2,0,2,"10,000","2,888",1975,1,B2,0,12/10/2025
5,WOODROW,02 TWO FAMILY DWELLINGS,1,6926,23,,B2,967 RENSSELAER AVENUE,,10309,2,0,2,"11,700","2,704",1975,1,B2,0,06/26/2025
5,WOODROW,02 TWO FAMILY DWELLINGS,1,6930,28,,B2,965 SHELDON AVENUE,,10309,2,0,2,"3,650","2,542",1984,1,B2,0,06/10/2025
5,WOODROW,02 TWO FAMILY DWELLINGS,1,6930,28,,B2,965 SHELDON AVENUE,,10309,2,0,2,"3,650","2,542",1984,1,B2,0,08/06/2025
5,WOODROW,02 TWO FAMILY DWELLINGS,1,6931,30,,B2,963 SINCLAIR AVENUE,,10309,2,0,2,"4,100","2,352",1981,1,B2,"879,000",08/15/2025
5,WOODROW,02 TWO FAMILY DWELLINGS,1,6931,30,,B2,963 SINCLAIR AVENUE,,10309,2,0,2,"4,100","2,352",1981,1,B2,"1,120,000",01/27/2026
5,WOODROW,02 TWO FAMILY DWELLINGS,1,6933,53,,B2,104 WEILAND AVEUNE,,10309,2,0,2,"3,334","2,496",2025,1,B2,"1,277,904",03/18/2026
5,WOODROW,02 TWO FAMILY DWELLINGS,1,6965,4,,B2,1008 RATHBUN AVENUE,,10309,2,0,2,"3,943","2,244",1987,1,B2,0,10/27/2025
5,WOODROW,02 TWO FAMILY DWELLINGS,1,6965,4,,B2,1008 RATHBUN AVENUE,,10309,2,0,2,"3,943","2,244",1987,1,B2,"997,000",08/21/2025
5,WOODROW,02 TWO FAMILY DWELLINGS,1,6967,22,,B9,1015 RATHBUN AVENUE,,10309,2,0,2,"2,500","1,440",1987,1,B9,"750,000",01/29/2026
5,WOODROW,02 TWO FAMILY DWELLINGS,1,6967,88,,B9,1046 RENSSELAER AVENUE,,10309,2,0,2,"2,500","1,440",1987,1,B9,"757,500",11/19/2025
5,WOODROW,02 TWO FAMILY DWELLINGS,1,6969,72,,B2,1036 SINCLAIR AVENUE,,10309,2,0,2,"10,000","4,284",1980,1,B2,10,04/02/2025
5,WOODROW,02 TWO FAMILY DWELLINGS,1,6969,82,,B2,1016 SINCLAIR AVENUE,,10309,2,0,2,"10,000","3,120",1975,1,B2,0,12/29/2025
5,WOODROW,02 TWO FAMILY DWELLINGS,1,6970,26,,B2,1053 SINCLAIR AVENUE,,10309,2,0,2,"8,740","3,160",1986,1,B2,0,04/28/2025
5,WOODROW,02 TWO FAMILY DWELLINGS,1,7011,25,,B2,75 MARVIN ROAD,,10309,2,0,2,"5,124","2,312",1980,1,B2,"1,100,000",07/18/2025
5,WOODROW,02 TWO FAMILY DWELLINGS,1,7012,32,,B2,479 BLOOMINGDALE ROAD,,10309,2,0,2,"4,000","2,064",1980,1,B2,0,11/24/2025
5,WOODROW,02 TWO FAMILY DWELLINGS,1,7013,53,,B2,100 MARISA CIRCLE,,10309,2,0,2,"3,773","3,096",1984,1,B2,"1,130,000",12/31/2025
5,WOODROW,02 TWO FAMILY DWELLINGS,1,7013,128,,B9,53 MARISA CIRCLE,,10309,2,0,2,"2,728","2,200",1983,1,B9,"785,000",11/18/2025
5,WOODROW,02 TWO FAMILY DWELLINGS,1,7014,213,,B2,27 SHARON LANE,,10309,2,0,2,"3,800","2,256",1980,1,B2,0,08/30/2025
5,WOODROW,02 TWO FAMILY DWELLINGS,1,7019,60,,B2,23 CONVENT AVENUE,,10309,2,0,2,"10,500","4,456",1985,1,B2,0,08/08/2025
5,WOODROW,02 TWO FAMILY DWELLINGS,1,7020,91,,B2,19 LYNBROOK COURT,,10309,2,0,2,"5,592","2,600",2001,1,B2,"1,050,000",10/30/2025
5,WOODROW,02 TWO FAMILY DWELLINGS,1,7020,405,,B2,62 DEXTER AVENUE,,10309,2,0,2,"4,940","2,600",2001,1,B2,"1,100,000",12/18/2025
5,WOODROW,02 TWO FAMILY DWELLINGS,1,7020,406,,B2,60 DEXTER AVENUE,,10309,2,0,2,"4,940","2,600",2001,1,B2,"1,100,000",05/13/2025
5,WOODROW,02 TWO FAMILY DWELLINGS,1,7020,431,,B2,51 LYNBROOK AVENUE,,10309,2,0,2,"5,260","2,600",2001,1,B2,0,04/22/2025
5,WOODROW,02 TWO FAMILY DWELLINGS,1,7020,457,,B2,20 LYNBROOK COURT,,10309,2,0,2,"5,712","2,600",2001,1,B2,0,04/04/2025
5,WOODROW,02 TWO FAMILY DWELLINGS,1,7020,459,,B2,18 LYNBROOK COURT,,10309,2,0,2,"5,497","2,600",2001,1,B2,"990,000",10/31/2025
5,WOODROW,02 TWO FAMILY DWELLINGS,1,7020,469,,B9,129 ANTHONY STREET,,10309,2,0,2,"3,313","1,750",2001,1,B9,0,11/21/2025
5,WOODROW,02 TWO FAMILY DWELLINGS,1,7022,7,,B2,24 BROOKSIDE LOOP,,10309,2,0,2,"5,848","2,370",2011,1,B2,"1,360,000",11/26/2025
5,WOODROW,02 TWO FAMILY DWELLINGS,1,7091,121,,B9,45 CLAY PIT ROAD,,10309,2,0,2,"2,986","1,820",1999,1,B9,0,12/18/2025
5,WOODROW,02 TWO FAMILY DWELLINGS,1,7091,122,,B9,47 CLAY PIT ROAD,,10309,2,0,2,"2,987","1,820",1999,1,B9,"400,000",06/18/2025
5,WOODROW,02 TWO FAMILY DWELLINGS,1,7091,190,,B9,628 BLOOMINGDALE ROAD,,10309,2,0,2,"3,075","1,550",1998,1,B9,0,12/04/2025
5,WOODROW,02 TWO FAMILY DWELLINGS,1,7091,192,,B9,622 BLOOMINGDALE ROAD,,10309,2,0,2,"3,205","1,410",2001,1,B9,"778,500",08/26/2025
5,WOODROW,02 TWO FAMILY DWELLINGS,1,7092,113,,B9,98 CRABTREE AVENUE,,10309,2,0,2,"2,429","1,798",2010,1,B9,0,06/09/2025
5,WOODROW,02 TWO FAMILY DWELLINGS,1,7094,3,,B2,74 HARRIS LANE,,10309,2,0,2,"5,685","4,124",2021,1,B2,"1,160,000",04/30/2025
5,WOODROW,02 TWO FAMILY DWELLINGS,1,7094,33,,B9,115 BERKSHIRE LANE,,10309,2,0,2,"4,335","2,402",2018,1,B9,0,11/18/2025
5,WOODROW,02 TWO FAMILY DWELLINGS,1,7094,34,,B9,109 BERKSHIRE LANE,,10309,2,0,2,"4,335","2,402",2017,1,B9,0,08/21/2025
5,WOODROW,02 TWO FAMILY DWELLINGS,1,7094,39,,B9,85 BERKSHIRE LANE,,10309,2,0,2,"4,335","2,402",2017,1,B9,0,07/01/2025
5,WOODROW,02 TWO FAMILY DWELLINGS,1,7267,18,,B9,30 WHITE OAK LANE,,10309,2,0,2,"1,960","2,506",1999,1,B9,0,06/19/2025
5,WOODROW,02 TWO FAMILY DWELLINGS,1,7267,22,,B9,24 WHITE OAK LANE,,10309,2,0,2,"1,960","2,506",1999,1,B9,"825,000",08/04/2025
5,WOODROW,02 TWO FAMILY DWELLINGS,1,7267,88,,B9,36 SHARROTTS LANE,,10309,2,0,2,"3,140","1,350",1997,1,B9,"750,000",05/21/2025
5,WOODROW,02 TWO FAMILY DWELLINGS,1,7267,168,,B9,45 RED CEDAR LANE,,10309,2,0,2,"2,600","2,700",1996,1,B9,0,01/07/2026
5,WOODROW,02 TWO FAMILY DWELLINGS,1,7267,174,,B2,37 RED CEDAR LANE,,10309,2,0,2,"3,905","2,700",1996,1,B2,"885,000",05/29/2025
5,WOODROW,02 TWO FAMILY DWELLINGS,1,7267,218,,B2,33 WHITE OAK LANE,,10309,2,0,2,"7,885","2,704",1996,1,B2,"872,800",01/27/2026
5,WOODROW,02 TWO FAMILY DWELLINGS,1,7267,230,,B2,49 WHITE OAK LANE,,10309,2,0,2,"3,480","2,700",1996,1,B2,"885,000",09/22/2025
5,WOODROW,02 TWO FAMILY DWELLINGS,1,7267,246,,B9,15 SPRUCE LANE,,10309,2,0,2,"5,220","2,700",1996,1,B9,"890,000",04/08/2025
5,WOODROW,02 TWO FAMILY DWELLINGS,1,7267,300,,B2,134 CLAY PIT ROAD,,10309,2,0,2,"16,697","4,840",2022,1,B2,0,06/10/2025
5,WOODROW,02 TWO FAMILY DWELLINGS,1,7316,4,,B9,78 DARNELL LANE,,10309,2,0,2,"3,180","1,300",1996,1,B9,"850,000",09/08/2025
5,WOODROW,02 TWO FAMILY DWELLINGS,1,7316,22,,B9,42 DARNELL LANE,,10309,2,0,2,"4,421","1,300",1996,1,B9,0,06/09/2025
5,WOODROW,02 TWO FAMILY DWELLINGS,1,7316,103,,B9,106 DARNELL LANE,,10309,2,0,2,"2,900","1,500",1995,1,B9,0,01/22/2026
5,WOODROW,02 TWO FAMILY DWELLINGS,1,7317,130,,B9,100 ROBIN COURT,,10309,2,0,2,"3,700","2,500",1995,1,B9,"855,000",09/16/2025
5,WOODROW,02 TWO FAMILY DWELLINGS,1,7349,34,,B9,37 QUAIL LANE,,10309,2,0,2,"2,400","2,575",1998,1,B9,"885,000",10/22/2025
5,WOODROW,02 TWO FAMILY DWELLINGS,1,7349,53,,B9,15 QUAIL LANE,,10309,2,0,2,"5,568","2,575",1998,1,B9,0,08/22/2025
5,WOODROW,02 TWO FAMILY DWELLINGS,1,7359,13,,B2,130 GLADWIN STREET,,10309,2,0,2,"5,009","2,349",2001,1,B2,0,06/09/2025
5,WOODROW,05 TAX CLASS 1 VACANT LAND,1B,6998,6,,V0,107 BLOOMINGDALE ROAD,,10309,0,0,0,"1,840",0,,1,V0,"800,000",09/12/2025
5,WOODROW,21 OFFICE BUILDINGS,4,7011,1,,O7,401 BLOOMINGDALE ROAD,,10309,0,6,6,"9,683","8,395",2000,4,O7,0,09/16/2025